"METHOD","SITEVISITID","SITE","Adult_Shannon","Adult_Simpson","Adult_Hills","Adult_Richness","Juv_Shannon","Juv_Simpson","Juv_Hills","Juv_Richness","OBS_YEAR","REGION","ISLAND","SEC_NAME","REEF_ZONE","DEPTH_BIN","HABITAT_CODE","LATITUDE","LONGITUDE","MIN_DEPTH_M","MAX_DEPTH_M","AREA_HA","REP_CARD","RAMP_CURRENT","RAMP_BASIC","MARI2011","MARI2014","TUT10_12","AS_SANCTUARY","bA_BENTHIC_REP_CARD","bBENTHIC_SEC_CODE","bGEN_MHI_STRUCTURE","bPROTECTION_DS","NH","BENTHIC_BASIC","SAMOA_CLIMATE","BENTHIC_2018","NOTES","GENSPratio_Adult","logGENSPratio_Adult","GENSPratio_Juv","logGENSPratio_Juv"
"SfM",12600,"MAI-02515",0.693147180559945,0.5,2,2,0.992281974852574,0.602040816326531,2.69738281425027,3,2019,"MHI","Maui","MAI_LAHAINA","Forereef","Deep","PAV",20.977523,-156.686272,24.07802499,27.12587626,287.1615845,"Maui-nui","MAI_LAHAINA","MAI_LAHAINA","NOT","NOT","NOT","NOT","MAI_SI","MAI_LA","SI","OPEN",1149,"MAI_SILA_SI_OPEN","NOT","MAI_LAHAINA","",1,0,1.4,0.336472236621213
"SfM",12601,"MAI-02527",1.66270486542668,0.786339025406081,5.27355582921659,8,1.71912082176257,0.793367346938776,5.57962082604441,7,2019,"MHI","Maui","MAI_LAHAINA","Forereef","Mid","AGR",20.913024,-156.69682,8.229198415,9.143553795,483.9295632,"Maui-nui","MAI_LAHAINA","MAI_LAHAINA","NOT","NOT","NOT","NOT","MAI_SI","MAI_LA","SI","OPEN",1936,"MAI_SILA_SI_OPEN","NOT","MAI_LAHAINA","",0.0208333333333333,-3.87120101090789,0.08,-2.52572864430826
"SfM",12602,"MAI-02537",1.63098302206739,0.783125,5.10889440684221,6,1.81708564518902,0.810835629017447,6.1538976493027,8,2019,"MHI","Maui","MAI_LAHAINA","Forereef","Shallow","APR",20.877005,-156.685317,3.657421518,5.790917403,439.3470347,"Maui-nui","MAI_LAHAINA","MAI_LAHAINA","NOT","NOT","NOT","NOT","MAI_SI","MAI_LA","SI","OPEN",1757,"MAI_SILA_SI_OPEN","NOT","MAI_LAHAINA","",0.212121212121212,-1.55059741241117,1.17391304347826,0.160342650075179
"SfM",12612,"MAI-02520",0.425328293373262,0.257116620752984,1.53009265649796,2,1.17099712611621,0.642857142857143,3.22520697381713,4,2019,"MHI","Maui","MAI_LAHAINA","Forereef","Deep","PSC",20.91426,-156.70078,23.16366961,22.24931423,287.1615845,"Maui-nui","MAI_LAHAINA","MAI_LAHAINA","NOT","NOT","NOT","NOT","MAI_SI","MAI_LA","SI","OPEN",1149,"MAI_SILA_SI_OPEN","NOT","MAI_LAHAINA","",5.6,1.7227665977411,1.4,0.336472236621213
"SfM",12613,"MAI-02532",1.315609630364,0.663757191033525,3.72702239884116,7,1.13580480777387,0.557851239669422,3.11367844740643,5,2019,"MHI","Maui","MAI_LAHAINA","Forereef","Mid","AGR",20.879202,-156.691049,13.71533069,14.62968607,483.9295632,"Maui-nui","MAI_LAHAINA","MAI_LAHAINA","NOT","NOT","NOT","NOT","MAI_SI","MAI_LA","SI","OPEN",1936,"MAI_SILA_SI_OPEN","NOT","MAI_LAHAINA","",0.245614035087719,-1.40399393821929,4,1.38629436111989
"SfM",12614,"MAI-02541",1.45446143087054,0.693232514177694,4.28217659633193,10,1.41274463686385,0.72189349112426,4.1072127558704,5,2019,"MHI","Maui","MAI_LAHAINA","Forereef","Shallow","AGR",20.915718,-156.698072,3.352636391,5.18134715,439.3470347,"Maui-nui","MAI_LAHAINA","MAI_LAHAINA","NOT","NOT","NOT","NOT","MAI_SI","MAI_LA","SI","OPEN",1757,"MAI_SILA_SI_OPEN","NOT","MAI_LAHAINA","",0.031390134529148,-3.46126162240481,0.0833333333333333,-2.484906649788
"SfM",12620,"MAI-02530",0.649687712747623,0.367768595041322,1.91494272342682,3,1.44513524524807,0.7136,4.24242587196195,6,2019,"MHI","Maui","MAI_LAHAINA","Forereef","Mid","SCR",20.841611,-156.657179,10.97226455,11.58183481,483.9295632,"Maui-nui","MAI_LAHAINA","MAI_LAHAINA","NOT","NOT","NOT","NOT","MAI_SI","MAI_LA","SI","OPEN",1936,"MAI_SILA_SI_OPEN","NOT","MAI_LAHAINA","",0,NA,0.1,-2.30258509299405
"SfM",12621,"MAI-02543",1.39547687119184,0.690616343490305,4.0368991946276,8,1.67311836264325,0.795918367346939,5.32875891791554,6,2019,"MHI","Maui","MAI_LAHAINA","Forereef","Shallow","AGR",20.861183,-156.674928,4.266991771,5.486132277,439.3470347,"Maui-nui","MAI_LAHAINA","MAI_LAHAINA","NOT","NOT","NOT","NOT","MAI_SI","MAI_LA","SI","OPEN",1757,"MAI_SILA_SI_OPEN","NOT","MAI_LAHAINA","",0.0201342281879195,-3.90533401727735,0.444444444444444,-0.810930216216329
"SfM",12622,"MAI-02529",0.562335144618808,0.375,1.75476535060332,2,0.887694275799104,0.541666666666667,2.42952138196636,3,2019,"MHI","Maui","MAI_LAHAINA","Forereef","Mid","PAV",20.908677,-156.690794,7.924413289,7.924413289,483.9295632,"Maui-nui","MAI_LAHAINA","MAI_LAHAINA","NOT","NOT","NOT","NOT","MAI_SI","MAI_LA","SI","OPEN",1936,"MAI_SILA_SI_OPEN","NOT","MAI_LAHAINA","",0,NA,7,1.94591014905531
"SfM",12623,"MAI-02534",1.05673509115073,0.57072844731566,2.87696261817733,5,0.974314752869349,0.59375,2.6493511285621,3,2019,"MHI","Maui","MAI_LAHAINA","Forereef","Shallow","AGR",20.892013,-156.686535,3.962206644,4.266991771,439.3470347,"Maui-nui","MAI_LAHAINA","MAI_LAHAINA","NOT","NOT","NOT","NOT","MAI_SI","MAI_LA","SI","OPEN",1757,"MAI_SILA_SI_OPEN","NOT","MAI_LAHAINA","",0,NA,0,NA
"SfM",12632,"MAI-02466",1.45489189174044,0.681629013079667,4.28402030258785,7,1.5808185358593,0.7578125,4.85893139352062,6,2019,"MHI","Maui","MAI_KIHEI","Forereef","Deep","AGR",20.729225,-156.464758,19.81103322,20.11581835,537.9614588,"Maui-nui","MAI_KIHEI","MAI_KIHEI","NOT","NOT","NOT","NOT","MAI_CM","MAI_KI","CM","OPEN",2152,"MAI_CMKI_CM_OPEN","NOT","MAI_KIHEI","",0.234042553191489,-1.45225232891169,0.363636363636364,-1.01160091167848
"SfM",12633,"MAI-02489",1.73759754779457,0.808080808080808,5.68367225613876,7,1.31437384300695,0.666666666666667,3.7224194364084,5,2019,"MHI","Maui","MAI_KIHEI","Forereef","Mid","AGR",20.703395,-156.452145,10.97226455,11.88661993,682.5282166,"Maui-nui","MAI_KIHEI","MAI_KIHEI","NOT","NOT","NOT","NOT","MAI_CM","MAI_KI","CM","OPEN",2730,"MAI_CMKI_CM_OPEN","NOT","MAI_KIHEI","",0.0645161290322581,-2.7408400239252,0.2,-1.6094379124341
"SfM",12634,"MAI-02505",0.562335144618808,0.375,1.75476535060332,2,1.03972077083992,0.625,2.82842712474619,3,2019,"MHI","Maui","MAI_KIHEI","Forereef","Shallow","PAV",20.631349,-156.44844,3.962206644,4.266991771,650.0680159,"Maui-nui","MAI_KIHEI","MAI_KIHEI","NOT","NOT","NOT","NOT","MAI_CM","MAI_KI","CM","OPEN",2600,"MAI_CMKI_CM_OPEN","NOT","MAI_KIHEI","",0,NA,0.5,-0.693147180559945
"SfM",12671,"MAI-02459",1.45416881208333,0.75,4.28092373432408,5,0.636514168294813,0.444444444444444,1.88988157484231,2,2019,"MHI","Maui","MAI_KIHEI","Forereef","Deep","AGR",20.791743,-156.591316,20.42060347,21.33495885,537.9614588,"Maui-nui","MAI_KIHEI","MAI_KIHEI","NOT","NOT","NOT","NOT","MAI_CM","MAI_KI","CM","OPEN",2152,"MAI_CMKI_CM_OPEN","NOT","MAI_KIHEI","",0.230769230769231,-1.46633706879343,0.5,-0.693147180559945
"SfM",12672,"MAI-02483",1.45679997133101,0.73385031958592,4.2922023578167,8,1.66929824924537,0.771275540567348,5.30844128711432,8,2019,"MHI","Maui","MAI_KIHEI","Forereef","Mid","AGR",20.799957,-156.601688,16.1536117,17.37275221,682.5282166,"Maui-nui","MAI_KIHEI","MAI_KIHEI","NOT","NOT","NOT","NOT","MAI_CM","MAI_KI","CM","OPEN",2730,"MAI_CMKI_CM_OPEN","NOT","MAI_KIHEI","",0.0309734513274336,-3.47462485021697,0.203389830508475,-1.59263079411772
"SfM",12673,"MAI-02502",1.21106475928805,0.546143163741952,3.35705720809847,9,1.89611499113977,0.828821324448147,6.6599700739398,8,2019,"MHI","Maui","MAI_KIHEI","Forereef","Shallow","AGR",20.806692,-156.623291,3.962206644,4.571776897,650.0680159,"Maui-nui","MAI_KIHEI","MAI_KIHEI","NOT","NOT","NOT","NOT","MAI_CM","MAI_KI","CM","OPEN",2600,"MAI_CMKI_CM_OPEN","NOT","MAI_KIHEI","",0.0595238095238095,-2.82137888640921,0.15,-1.89711998488588
"SfM",12696,"KAH-00619",1.26495684956108,0.651974288337925,3.54293985340078,5,1.97300140639361,0.84,7.19223093324864,8,2019,"MHI","Kahoolawe","KAH_NORTH","Forereef","Deep","AGR",20.591597,-156.548868,20.11581835,20.42060347,200,"Maui-nui","KAH_NORTH","KAH_NORTH","NOT","NOT","NOT","NOT","KAH_CR","KAH_NO","CR","OPEN",811,"KAH_CRNO_CR_OPEN","NOT","KAH_NORTH","Unkown Size .. Setting to 1/6 of our very rough ballpark estimate of habitat area. It seems low! Critical point for now is that all Kahoolawe sectors are eqaully sized",0.1,-2.30258509299405,0.285714285714286,-1.25276296849537
"SfM",12697,"KAH-00659",1.7458732110395,0.7608,5.7309035794291,9,1.33217904021012,0.72,3.789291416276,4,2019,"MHI","Kahoolawe","KAH_NORTH","Forereef","Mid","SCR",20.603972,-156.582876,15.84882658,15.84882658,200,"Maui-nui","KAH_NORTH","KAH_NORTH","NOT","NOT","NOT","NOT","KAH_CR","KAH_NO","CR","OPEN",811,"KAH_CRNO_CR_OPEN","NOT","KAH_NORTH","Unkown Size .. Setting to 1/6 of our very rough ballpark estimate of habitat area. It seems low! Critical point for now is that all Kahoolawe sectors are eqaully sized",0.25,-1.38629436111989,0.25,-1.38629436111989
"SfM",12698,"KAH-00627",1.47969032972168,0.582598942477167,4.39158552681761,12,1.84379330303868,0.788534342888048,6.32046829699004,13,2019,"MHI","Kahoolawe","KAH_NORTH","Forereef","Mid","AGR",20.582135,-156.622557,10.66747943,12.19140506,200,"Maui-nui","KAH_NORTH","KAH_NORTH","NOT","NOT","NOT","NOT","KAH_CR","KAH_NO","CR","OPEN",811,"KAH_CRNO_CR_OPEN","NOT","KAH_NORTH","Unkown Size .. Setting to 1/6 of our very rough ballpark estimate of habitat area. It seems low! Critical point for now is that all Kahoolawe sectors are eqaully sized",0.0533333333333333,-2.93119375241642,0.292929292929293,-1.22782402014812
"SfM",12705,"KAH-00635",1.68095091084275,0.78386275803563,5.37066056309355,8,1.03972077083992,0.625,2.82842712474619,3,2019,"MHI","Kahoolawe","KAH_NORTH","Forereef","Shallow","AGR",20.55697783,-156.6735557,3.962206644,4.266991771,200,"Maui-nui","KAH_NORTH","KAH_NORTH","NOT","NOT","NOT","NOT","KAH_CR","KAH_NO","CR","OPEN",811,"KAH_CRNO_CR_OPEN","NOT","KAH_NORTH","Unkown Size .. Setting to 1/6 of our very rough ballpark estimate of habitat area. It seems low! Critical point for now is that all Kahoolawe sectors are eqaully sized",0,NA,0,NA
"SfM",12716,"LAN-01795",1.21410515879479,0.65406427221172,3.36727953528274,6,1.84622055775396,0.804938271604938,6.33582831726633,9,2019,"MHI","Lanai","LAN_SOUTH","Forereef","Deep","AGR",20.732397,-156.950492,19.81103322,21.03017373,246.6043512,"Maui-nui","LAN_SOUTH","LAN_SOUTH","NOT","NOT","NOT","NOT","LAN_CM","LAN_SO","CM","OPEN",986,"LAN_CMSO_CM_OPEN","NOT","LAN_SOUTH","",0.26027397260274,-1.34602046198195,1.31578947368421,0.27443684570176
"SfM",12717,"LAN-01819",1.32528030047441,0.683638789850087,3.7632400451479,9,1.24000956568303,0.586313799621928,3.45564652022384,8,2019,"MHI","Lanai","LAN_SOUTH","Forereef","Mid","AGR",20.746493,-156.976904,12.80097531,13.41054557,487.9877445,"Maui-nui","LAN_SOUTH","LAN_SOUTH","NOT","NOT","NOT","NOT","LAN_CM","LAN_SO","CM","OPEN",1952,"LAN_CMSO_CM_OPEN","NOT","LAN_SOUTH","",0.542253521126761,-0.612021635747577,2.08823529411765,0.736319352425154
"SfM",12736,"MAI-02544",0.887694275799104,0.541666666666667,2.42952138196636,3,1.26767702904526,0.654320987654321,3.55259040536974,5,2019,"MHI","Maui","MAI_NE","Forereef","Deep","ROB",20.851549,-156.123809,23.77323987,24.07802499,883.3579854,"Maui-nui","MAI_NE","MAI_NE","NOT","NOT","NOT","NOT","MAI_CM","MAI_NE","CM","OPEN",3533,"MAI_CMNE_CM_OPEN","NOT","MAI_NE","",0,NA,0.384615384615385,-0.955511445027436
"SfM",12737,"MAI-02567",0.682908104700472,0.489795918367347,1.97962633005252,2,1.19445300632336,0.64,3.30175123941637,4,2019,"MHI","Maui","MAI_NE","Forereef","Mid","ROB",20.86184,-156.133755,13.10576044,13.71533069,926.711758,"Maui-nui","MAI_NE","MAI_NE","NOT","NOT","NOT","NOT","MAI_CM","MAI_NE","CM","OPEN",3707,"MAI_CMNE_CM_OPEN","NOT","MAI_NE","",0,NA,0.25,-1.38629436111989
"SfM",12738,"MAI-02586",0.545869252464585,0.256326530612245,1.72610815420901,4,1.3667110520552,0.694214876033058,3.92242879326861,5,2019,"MHI","Maui","MAI_NE","Forereef","Shallow","ROB",20.896253,-156.198119,5.18134715,7.314843036,481.2408332,"Maui-nui","MAI_NE","MAI_NE","NOT","NOT","NOT","NOT","MAI_CM","MAI_NE","CM","OPEN",1925,"MAI_CMNE_CM_OPEN","NOT","MAI_NE","",0.0294117647058824,-3.52636052461616,0.1,-2.30258509299405
"SfM",12739,"MAI-02546",0.436162325385344,0.265927977839335,1.54675985276142,2,1.42876912031874,0.703125,4.17355888019543,6,2019,"MHI","Maui","MAI_NE","Forereef","Mid","ROB",20.906648,-156.212839,12.80097531,14.62968607,926.711758,"Maui-nui","MAI_NE","MAI_NE","NOT","NOT","NOT","NOT","MAI_CM","MAI_NE","CM","OPEN",3707,"MAI_CMNE_CM_OPEN","NOT","MAI_NE","",0,NA,0.153846153846154,-1.87180217690159
"SfM",12761,"MOL-02221",1.3180238017106,0.685121107266436,3.73603093922932,5,1.52691146362243,0.723208415516108,4.60393541905283,7,2019,"MHI","Molokai","MOL_PALI","Forereef","Deep","ROB",21.181599,-156.769346,22.24931423,22.85888449,634.0842128,"Maui-nui","MOL_PALI","MOL_PALI","NOT","NOT","NOT","NOT","MOL_CM","MOL_PA","CM","OPEN",2536,"MOL_CMPA_CM_OPEN","NOT","MOL_PALI","",0.214285714285714,-1.54044504094715,0.857142857142857,-0.154150679827258
"SfM",12762,"MOL-02227",0.912451768645228,0.535077288941736,2.49042099042478,4,1.04163517398571,0.631692806922661,2.8338470608475,3,2019,"MHI","Molokai","MOL_PALI","Forereef","Mid","ROB",21.176883,-156.776444,11.58183481,11.58183481,467.9624676,"Maui-nui","MOL_PALI","MOL_PALI","NOT","NOT","NOT","NOT","MOL_CM","MOL_PA","CM","OPEN",1872,"MOL_CMPA_CM_OPEN","NOT","MOL_PALI","",0.0357142857142857,-3.3322045101752,0.592592592592593,-0.523248143764548
"SfM",12763,"MOL-02233",0.655975732336547,0.357142857142857,1.92702185790059,3,0.994353691762369,0.469387755102041,2.70297682043655,5,2019,"MHI","Molokai","MOL_PALI","Forereef","Mid","ROB",21.176795,-156.809894,17.67753734,17.98232246,467.9624676,"Maui-nui","MOL_PALI","MOL_PALI","NOT","NOT","NOT","NOT","MOL_CM","MOL_PA","CM","OPEN",1872,"MOL_CMPA_CM_OPEN","NOT","MOL_PALI","",0,NA,0.166666666666667,-1.79175946922805
"SfM",12764,"MOL-02242",0,0,1,1,0,0,1,1,2019,"MHI","Molokai","MOL_PALI","Forereef","Shallow","ROB",21.164895,-156.865881,5.486132277,5.790917403,516.2585992,"Maui-nui","MOL_PALI","MOL_PALI","NOT","NOT","NOT","NOT","MOL_CM","MOL_PA","CM","OPEN",2065,"MOL_CMPA_CM_OPEN","NOT","MOL_PALI","",NA,NA,NA,NA
"SfM",12776,"MOL-02194",1.23844691744968,0.650887573964497,3.45025077721607,5,1.11295316291681,0.55145746579417,3.04333259373661,8,2019,"MHI","Molokai","MOL_NW","Forereef","Deep","ROB",21.187111,-157.011622,20.42060347,21.03017373,733.1293957,"Maui-nui","MOL_NW","MOL_NW","NOT","NOT","NOT","NOT","MOL_SI","MOL_NW","SI","OPEN",2933,"MOL_SINW_SI_OPEN","NOT","MOL_NW","",0.444444444444444,-0.810930216216329,2.52173913043478,0.92494879461727
"SfM",12777,"MOL-02197",0.673011667009257,0.48,1.96013170420779,2,1.33689300478559,0.724609375,3.80719616980958,4,2019,"MHI","Molokai","MOL_NW","Forereef","Mid","ROB",21.202912,-156.987432,15.23925632,16.45839683,601.1779629,"Maui-nui","MOL_NW","MOL_NW","NOT","NOT","NOT","NOT","MOL_SI","MOL_NW","SI","OPEN",2405,"MOL_SINW_SI_OPEN","NOT","MOL_NW","",0,NA,0.6,-0.510825623765991
"SfM",12778,"MOL-02240",0.89794572485678,0.54,2.45455559589115,3,1.73674074609306,0.817777777777778,5.67880456170113,6,2019,"MHI","Molokai","MOL_PALI","Forereef","Shallow","ROB",21.170277,-156.930981,4.876562024,6.09570253,516.2585992,"Maui-nui","MOL_PALI","MOL_PALI","NOT","NOT","NOT","NOT","MOL_CM","MOL_PA","CM","OPEN",2065,"MOL_CMPA_CM_OPEN","NOT","MOL_PALI","",0.111111111111111,-2.19722457733622,0.714285714285714,-0.336472236621213
"SfM",12821,"MOL-02291",0.793730055158425,0.390532544378698,2.21163056380837,4,1.33130286449408,0.573412698412698,3.78597278522034,9,2019,"MHI","Molokai","MOL_WEST","Forereef","Deep","PAV",21.19345,-157.262953,23.77323987,25.2971655,1384.213479,"Maui-nui","MOL_WEST","MOL_WEST","NOT","NOT","NOT","NOT","MOL_SI","MOL_WE","SI","OPEN",5537,"MOL_SIWE_SI_OPEN","NOT","MOL_WEST","",0.181818181818182,-1.70474809223843,5,1.6094379124341
"SfM",12822,"MOL-02300",0.636514168294813,0.444444444444444,1.88988157484231,2,1.36036559812896,0.682098765432099,3.89761800319465,6,2019,"MHI","Molokai","MOL_WEST","Forereef","Mid","PAV",21.147213,-157.294302,16.76318196,17.37275221,1250.749123,"Maui-nui","MOL_WEST","MOL_WEST","NOT","NOT","NOT","NOT","MOL_SI","MOL_WE","SI","OPEN",5003,"MOL_SIWE_SI_OPEN","NOT","MOL_WEST","",0,NA,0.714285714285714,-0.336472236621213
"SfM",12823,"MOL-02286",0.514653165428929,0.332409972299169,1.67305812675851,2,1.09861228866811,0.666666666666667,3,3,2019,"MHI","Molokai","MOL_WEST","Forereef","Deep","PAV",21.084062,-157.281082,19.5062481,19.5062481,1384.213479,"Maui-nui","MOL_WEST","MOL_WEST","NOT","NOT","NOT","NOT","MOL_SI","MOL_WE","SI","OPEN",5537,"MOL_SIWE_SI_OPEN","NOT","MOL_WEST","",0,NA,1,0
"SfM",12824,"MOL-02306",1.26760233588213,0.621875839828003,3.55232506106489,8,1.26486674903411,0.659279778393352,3.54262064703353,5,2019,"MHI","Molokai","MOL_WEST","Forereef","Shallow","PAV",21.084772,-157.256248,4.876562024,5.486132277,512.2388267,"Maui-nui","MOL_WEST","MOL_WEST","NOT","NOT","NOT","NOT","MOL_SI","MOL_WE","SI","OPEN",2049,"MOL_SIWE_SI_OPEN","NOT","MOL_WEST","",0.0701754385964912,-2.65675690671466,1.11111111111111,0.105360515657826
"SfM",12832,"MOL-02254",1.35856164809412,0.692287019618382,3.89059323313408,5,1.35797785498732,0.680555555555556,3.88832259447933,5,2019,"MHI","Molokai","MOL_SOUTH","Forereef","Deep","AGR",21.046582,-156.939546,20.11581835,20.42060347,603.9775235,"Maui-nui","MOL_SOUTH","MOL_SOUTH","NOT","NOT","NOT","NOT","MOL_CR","MOL_SO","CR","OPEN",2416,"MOL_CRSO_CR_OPEN","NOT","MOL_SOUTH","",0,NA,0.333333333333333,-1.09861228866811
"SfM",12834,"MOL-02280",1.2130075659799,0.65625,3.36358566101486,4,1.03972077083992,0.625,2.82842712474619,3,2019,"MHI","Molokai","MOL_SOUTH","Forereef","Shallow","PPR",21.084641,-157.051425,3.352636391,3.962206644,4232.003508,"Maui-nui","MOL_SOUTH","MOL_SOUTH","NOT","NOT","NOT","NOT","MOL_CR","MOL_SO","CR","OPEN",16928,"MOL_CRSO_CR_OPEN","NOT","MOL_SOUTH","",0,NA,NA,NA
"SfM",12835,"MOL-02265",1.36717897257809,0.692826000792707,3.92426460767466,8,1.3661588475692,0.74,3.92026340841558,4,2019,"MHI","Molokai","MOL_SOUTH","Forereef","Deep","AGR",21.070024,-157.026855,20.11581835,20.42060347,603.9775235,"Maui-nui","MOL_SOUTH","MOL_SOUTH","NOT","NOT","NOT","NOT","MOL_CR","MOL_SO","CR","OPEN",2416,"MOL_CRSO_CR_OPEN","NOT","MOL_SOUTH","",0.0235294117647059,-3.74950407593037,1,0
"SfM",12836,"MOL-02260",1.36433253666035,0.690200617283951,3.91311032245489,6,1.16962871674748,0.61734693877551,3.22079658867246,5,2019,"MHI","Molokai","MOL_SOUTH","Forereef","Mid","AGR",21.082517,-157.061151,14.62968607,15.23925632,1293.344283,"Maui-nui","MOL_SOUTH","MOL_SOUTH","NOT","NOT","NOT","NOT","MOL_CR","MOL_SO","CR","OPEN",5173,"MOL_CRSO_CR_OPEN","NOT","MOL_SOUTH","",0,NA,0.12,-2.12026353620009
"SfM",12837,"MOL-02283",1.68343596335032,0.780532598714417,5.38402353355794,7,1.20786838190753,0.558673469387755,3.34634391735482,6,2019,"MHI","Molokai","MOL_SOUTH","Forereef","Shallow","AGR",21.089713,-157.113792,2.743066138,3.352636391,4232.003508,"Maui-nui","MOL_SOUTH","MOL_SOUTH","NOT","NOT","NOT","NOT","MOL_CR","MOL_SO","CR","OPEN",16928,"MOL_CRSO_CR_OPEN","NOT","MOL_SOUTH","",0.32,-1.13943428318836,4.6,1.52605630349505
"SfM",12861,"MOL-02263",0.639031859650177,0.34,1.894645708138,3,1.05790542470367,0.63905325443787,2.88033159508876,3,2019,"MHI","Molokai","MOL_SOUTH","Forereef","Mid","PAV",21.079063,-156.762611,15.84882658,16.1536117,1293.344283,"Maui-nui","MOL_SOUTH","MOL_SOUTH","NOT","NOT","NOT","NOT","MOL_CR","MOL_SO","CR","OPEN",5173,"MOL_CRSO_CR_OPEN","NOT","MOL_SOUTH","",0,NA,0.857142857142857,-0.154150679827258
"SfM",12863,"MOL-02255",1.54714633987299,0.743626430801249,4.69804441339311,8,1.6313454208086,0.733727810650888,5.11074619926756,7,2019,"MHI","Molokai","MOL_SOUTH","Forereef","Mid","AGR",21.03949,-156.842741,11.27704968,11.88661993,1293.344283,"Maui-nui","MOL_SOUTH","MOL_SOUTH","NOT","NOT","NOT","NOT","MOL_CR","MOL_SO","CR","OPEN",5173,"MOL_CRSO_CR_OPEN","NOT","MOL_SOUTH","",0.0247933884297521,-3.69717825692863,0.181818181818182,-1.70474809223843
"SfM",12864,"MOL-02276",1.48360197545197,0.719926538108356,4.40879749520748,6,1.56071040904141,0.777777777777778,4.7622031559046,5,2019,"MHI","Molokai","MOL_SOUTH","Forereef","Shallow","PAV",21.05343,-156.83035,1.523925632,1.523925632,4232.003508,"Maui-nui","MOL_SOUTH","MOL_SOUTH","NOT","NOT","NOT","NOT","MOL_CR","MOL_SO","CR","OPEN",16928,"MOL_CRSO_CR_OPEN","NOT","MOL_SOUTH","",0.222222222222222,-1.50407739677627,0.25,-1.38629436111989
"SfM",12868,"HAW-03434",0.999178939810416,0.5546875,2.71605087146594,5,1.44831783388795,0.731097961867193,4.25594927664995,6,2019,"MHI","Hawaii","HAW_HAMAKUA","Forereef","Deep","ROB",20.069002,-155.391537,20.7253886,21.94452911,1479.311358,"Hawaii","HAW_HAMAKUA","HAW_HAMAKUA","NOT","NOT","NOT","NOT","HAW_CM","HAW_HA","CM","OPEN",5917,"HAW_CMHA_CM_OPEN","NOT","HAW_HAMAKUA","Not much hard/soft information",0.032258064516129,-3.43398720448515,0.583333333333333,-0.538996500732687
"SfM",12869,"HAW-03451",1.10634467439133,0.56245434623813,3.02328707345952,5,1.32966134885476,0.722222222222222,3.77976314968462,4,2019,"MHI","Hawaii","HAW_HAMAKUA","Forereef","Mid","ROB",20.07739,-155.403639,15.23925632,16.45839683,2334.19033,"Hawaii","HAW_HAMAKUA","HAW_HAMAKUA","NOT","NOT","NOT","NOT","HAW_CM","HAW_HA","CM","OPEN",9337,"HAW_CMHA_CM_OPEN","NOT","HAW_HAMAKUA","Not much hard/soft information",0.0571428571428571,-2.86220088092947,0,NA
"SfM",12870,"HAW-03433",1.21087898804899,0.586262844780963,3.35643362134538,6,1.50942303890848,0.735457063711911,4.52411980006764,6,2019,"MHI","Hawaii","HAW_HAMAKUA","Forereef","Mid","ROB",20.088132,-155.429411,8.838768668,10.66747943,2334.19033,"Hawaii","HAW_HAMAKUA","HAW_HAMAKUA","NOT","NOT","NOT","NOT","HAW_CM","HAW_HA","CM","OPEN",9337,"HAW_CMHA_CM_OPEN","NOT","HAW_HAMAKUA","Not much hard/soft information",0.075,-2.59026716544583,0.541666666666667,-0.613104472886409
"SfM",12871,"HAW-03445",0.562335144618808,0.375,1.75476535060332,2,1.27703425946614,0.693877551020408,3.58598882705695,4,2019,"MHI","Hawaii","HAW_HAMAKUA","Forereef","Shallow","ROB",20.089567,-155.436063,3.352636391,3.962206644,1117.329716,"Hawaii","HAW_HAMAKUA","HAW_HAMAKUA","NOT","NOT","NOT","NOT","HAW_CM","HAW_HA","CM","OPEN",4469,"HAW_CMHA_CM_OPEN","NOT","HAW_HAMAKUA","Not much hard/soft information",0,NA,0.75,-0.287682072451781
"SfM",12877,"HAW-03436",1.16921116260618,0.634054289446944,3.21945201245477,6,1.49571557316172,0.760802469135802,4.46252867636688,5,2019,"MHI","Hawaii","HAW_HAMAKUA","Forereef","Deep","ROB",20.030422,-155.308065,21.33495885,21.94452911,1479.311358,"Hawaii","HAW_HAMAKUA","HAW_HAMAKUA","NOT","NOT","NOT","NOT","HAW_CM","HAW_HA","CM","OPEN",5917,"HAW_CMHA_CM_OPEN","NOT","HAW_HAMAKUA","Not much hard/soft information",0.0246913580246914,-3.70130197411249,0.565217391304348,-0.570544858467613
"SfM",12878,"HAW-03441",1.44407112442699,0.701272571802223,4.23791381937004,9,1.64726556183096,0.789940828402367,5.1927611117537,6,2019,"MHI","Hawaii","HAW_HAMAKUA","Forereef","Mid","ROB",20.065206,-155.381868,12.19140506,13.41054557,2334.19033,"Hawaii","HAW_HAMAKUA","HAW_HAMAKUA","NOT","NOT","NOT","NOT","HAW_CM","HAW_HA","CM","OPEN",9337,"HAW_CMHA_CM_OPEN","NOT","HAW_HAMAKUA","Not much hard/soft information",0.0217391304347826,-3.8286413964891,0.444444444444444,-0.810930216216329
"SfM",12879,"HAW-03465",1.15958881430863,0.56198347107438,3.18862189082652,5,0.943348392329039,0.58,2.56856760741556,3,2019,"MHI","Hawaii","HAW_HAMAKUA","Forereef","Shallow","ROB",20.054534,-155.363257,3.047851265,5.486132277,1117.329716,"Hawaii","HAW_HAMAKUA","HAW_HAMAKUA","NOT","NOT","NOT","NOT","HAW_CM","HAW_HA","CM","OPEN",4469,"HAW_CMHA_CM_OPEN","NOT","HAW_HAMAKUA","Not much hard/soft information",0.1,-2.30258509299405,1,0
"SfM",12892,"KAH-00646",0,0,1,1,0.874440094741347,0.45993756503642,2.39753252702137,4,2019,"MHI","Kahoolawe","KAH_SOUTH","Forereef","Deep","RRB",20.50115,-156.677237,21.94452911,22.24931423,200,"Maui-nui","KAH_SOUTH","KAH_SOUTH","NOT","NOT","NOT","NOT","KAH_CR","KAH_SO","CR","OPEN",944,"KAH_CRSO_CR_OPEN","NOT","KAH_SOUTH","Unkown Size .. Setting to 1/6 of our very rough ballpark estimate of habitat area. It seems low! Critical point for now is that all Kahoolawe sectors are eqaully sized",0,NA,0.107142857142857,-2.23359222150709
"SfM",12893,"KAH-00632",0.813687233354691,0.423582766439909,2.25621184771186,5,0.994712204372296,0.471269623532998,2.70394604544033,7,2019,"MHI","Kahoolawe","KAH_SOUTH","Forereef","Mid","RRB",20.513488,-156.606224,12.49619019,14.9344712,200,"Maui-nui","KAH_SOUTH","KAH_SOUTH","NOT","NOT","NOT","NOT","KAH_CR","KAH_SO","CR","OPEN",944,"KAH_CRSO_CR_OPEN","NOT","KAH_SOUTH","Unkown Size .. Setting to 1/6 of our very rough ballpark estimate of habitat area. It seems low! Critical point for now is that all Kahoolawe sectors are eqaully sized",0.25,-1.38629436111989,2.9,1.06471073699243
"SfM",12894,"KAH-00663",0.872790559729258,0.400459638035047,2.39358097318463,6,0.857174043642079,0.435555555555556,2.35649193197152,4,2019,"MHI","Kahoolawe","KAH_SOUTH","Forereef","Shallow","RRB",20.517361,-156.554569,5.790917403,6.400487656,200,"Maui-nui","KAH_SOUTH","KAH_SOUTH","NOT","NOT","NOT","NOT","KAH_CR","KAH_SO","CR","OPEN",944,"KAH_CRSO_CR_OPEN","NOT","KAH_SOUTH","Unkown Size .. Setting to 1/6 of our very rough ballpark estimate of habitat area. It seems low! Critical point for now is that all Kahoolawe sectors are eqaully sized",0.0172413793103448,-4.06044301054642,0.153846153846154,-1.87180217690159
"SfM",12895,"KAH-00608",0.99790758316814,0.475694444444444,2.71259999626112,5,1.07064555962536,0.591836734693878,2.91726215889369,5,2019,"MHI","Kahoolawe","KAH_SOUTH","Forereef","Mid","PAV",20.514866,-156.694125,15.84882658,16.1536117,200,"Maui-nui","KAH_SOUTH","KAH_SOUTH","NOT","NOT","NOT","NOT","KAH_CR","KAH_SO","CR","OPEN",944,"KAH_CRSO_CR_OPEN","NOT","KAH_SOUTH","Unkown Size .. Setting to 1/6 of our very rough ballpark estimate of habitat area. It seems low! Critical point for now is that all Kahoolawe sectors are eqaully sized",0,NA,0.037037037037037,-3.29583686600433
"SfM",12896,"KAH-00672",1.22462576181608,0.550323176361957,3.40289235221242,8,1.20941443261976,0.547218934911243,3.35152153615091,8,2019,"MHI","Kahoolawe","KAH_SOUTH","Forereef","Deep","RRB",20.50412,-156.640723,20.42060347,21.63974398,200,"Maui-nui","KAH_SOUTH","KAH_SOUTH","NOT","NOT","NOT","NOT","KAH_CR","KAH_SO","CR","OPEN",944,"KAH_CRSO_CR_OPEN","NOT","KAH_SOUTH","Unkown Size .. Setting to 1/6 of our very rough ballpark estimate of habitat area. It seems low! Critical point for now is that all Kahoolawe sectors are eqaully sized",0.163265306122449,-1.81237875643079,2.76470588235294,1.01693425765384
"SfM",12897,"KAH-00662",1.14280741967539,0.571428571428571,3.13555884973101,5,1.32692019405069,0.686390532544379,3.76941642123953,5,2019,"MHI","Kahoolawe","KAH_SOUTH","Forereef","Shallow","ROB",20.513373,-156.572995,5.486132277,6.09570253,200,"Maui-nui","KAH_SOUTH","KAH_SOUTH","NOT","NOT","NOT","NOT","KAH_CR","KAH_SO","CR","OPEN",944,"KAH_CRSO_CR_OPEN","NOT","KAH_SOUTH","Unkown Size .. Setting to 1/6 of our very rough ballpark estimate of habitat area. It seems low! Critical point for now is that all Kahoolawe sectors are eqaully sized",0.235294117647059,-1.44691898293633,0.625,-0.470003629245736
"SfM",12913,"LAN-01788",2.15453402912005,0.852663505489342,8.62387076992647,15,1.79353794315466,0.781065088757396,6.01068033809591,9,2019,"MHI","Lanai","LAN_NORTH","Forereef","Shallow","AGR",20.866011,-156.833808,3.047851265,4.266991771,631.8075072,"Maui-nui","LAN_NORTH","LAN_NORTH","NOT","NOT","NOT","NOT","LAN_CR","LAN_NO","CR","OPEN",2527,"LAN_CRNO_CR_OPEN","NOT","LAN_NORTH","",0.233870967741935,-1.45298573561856,0.444444444444444,-0.810930216216329
"SfM",12914,"LAN-01816",1.28174852652812,0.639539930555556,3.60293404683171,6,0,0,1,1,2019,"MHI","Lanai","LAN_SOUTH","Forereef","Mid","AGR",20.829301,-156.805223,8.533983542,8.838768668,487.9877445,"Maui-nui","LAN_SOUTH","LAN_SOUTH","NOT","NOT","NOT","NOT","LAN_CM","LAN_SO","CM","OPEN",1952,"LAN_CMSO_CM_OPEN","NOT","LAN_SOUTH","",0.0105263157894737,-4.55387689160054,NA,NA
"SfM",12915,"LAN-01814",1.3498886383216,0.695258742577057,3.85699598523348,7,1.06085694715802,0.641975308641975,2.88884551680244,3,2019,"MHI","Lanai","LAN_SOUTH","Forereef","Mid","AGR",20.854233,-156.820285,9.143553795,11.27704968,487.9877445,"Maui-nui","LAN_SOUTH","LAN_SOUTH","NOT","NOT","NOT","NOT","LAN_CM","LAN_SO","CM","OPEN",1952,"LAN_CMSO_CM_OPEN","NOT","LAN_SOUTH","",0.0404040404040404,-3.2088254890147,0,NA
"SfM",12916,"LAN-01768",1.46832003231515,0.707482993197279,4.34193470054104,8,0.500402423538188,0.32,1.64938488846612,2,2019,"MHI","Lanai","LAN_NORTH","Forereef","Mid","AGR",20.869365,-156.833874,11.27704968,13.41054557,599.9003844,"Maui-nui","LAN_NORTH","LAN_NORTH","NOT","NOT","NOT","NOT","LAN_CR","LAN_NO","CR","OPEN",2400,"LAN_CRNO_CR_OPEN","NOT","LAN_NORTH","",0.0194174757281553,-3.94158180766969,0,NA
"SfM",12917,"LAN-01829",1.91972646664535,0.825396825396825,6.81909296478922,10,0.693147180559945,0.5,2,2,2019,"MHI","Lanai","LAN_SOUTH","Forereef","Shallow","AGR",20.861626,-156.830342,2.743066138,3.352636391,746.0718328,"Maui-nui","LAN_SOUTH","LAN_SOUTH","NOT","NOT","NOT","NOT","LAN_CM","LAN_SO","CM","OPEN",2984,"LAN_CMSO_CM_OPEN","NOT","LAN_SOUTH","",0.105263157894737,-2.2512917986065,NA,NA
"SfM",12926,"HAW-04300",1.10785685800551,0.597424459220604,3.02786229705018,4,1.20139666915556,0.534339229968783,3.32475726739419,8,2019,"MHI","Hawaii","HAW_KONA","Forereef","Deep","AGR",19.190762,-155.908649,17.67753734,21.33495885,1546.877064,"Hawaii","HAW_KONA","HAW_KONA","NOT","NOT","NOT","NOT","HAW_CR","HAW_KO","CR","OPEN",6188,"HAW_CRKO_CR_OPEN","NOT","HAW_KONA","",1.3695652173913,0.314493329902438,2.26315789473684,0.816761136527122
"SfM",12927,"HAW-04263",0.852377314495694,0.381665449233017,2.34521554494652,8,1.25225761312617,0.621095518334088,3.49823170305461,7,2019,"MHI","Hawaii","HAW_KONA","Forereef","Mid","AGR",19.162636,-155.914784,12.19140506,12.80097531,2362.718917,"Hawaii","HAW_KONA","HAW_KONA","NOT","NOT","NOT","NOT","HAW_CR","HAW_KO","CR","OPEN",9451,"HAW_CRKO_CR_OPEN","NOT","HAW_KONA","",0.0882352941176471,-2.42774823594805,0.46875,-0.757685701697516
"SfM",12928,"HAW-04277",1.09899593106496,0.543641085475554,3.00115114799103,6,1.03456568694096,0.585181179015684,2.8138838636886,5,2019,"MHI","Hawaii","HAW_KONA","Forereef","Mid","AGR",19.076322,-155.904967,11.27704968,12.49619019,2362.718917,"Hawaii","HAW_KONA","HAW_KONA","NOT","NOT","NOT","NOT","HAW_CR","HAW_KO","CR","OPEN",9451,"HAW_CRKO_CR_OPEN","NOT","HAW_KONA","",1.76271186440678,0.566853455235653,0.954545454545455,-0.0465200156348928
"SfM",12934,"HAW-04252",1.27810279417841,0.662064431295201,3.58982262850669,6,0.994923632571775,0.59504132231405,2.70451779632421,3,2019,"MHI","Hawaii","HAW_KONA","Forereef","Deep","AGR",19.891443,-155.90992,20.42060347,21.03017373,1546.877064,"Hawaii","HAW_KONA","HAW_KONA","NOT","NOT","NOT","NOT","HAW_CR","HAW_KO","CR","OPEN",6188,"HAW_CRKO_CR_OPEN","NOT","HAW_KONA","",0.0540540540540541,-2.91777073208428,0.222222222222222,-1.50407739677627
"SfM",12935,"HAW-04272",1.0558275561484,0.503877551020408,2.87435285830427,7,0.646254731546536,0.350459707950244,1.90838003229908,3,2019,"MHI","Hawaii","HAW_KONA","Forereef","Mid","AGR",19.904344,-155.90619,12.80097531,14.32490094,2362.718917,"Hawaii","HAW_KONA","HAW_KONA","NOT","NOT","NOT","NOT","HAW_CR","HAW_KO","CR","OPEN",9451,"HAW_CRKO_CR_OPEN","NOT","HAW_KONA","",0.0526315789473684,-2.94443897916644,0.162162162162162,-1.81915844341617
"SfM",12936,"HAW-04257",1.14241667446815,0.566524897436863,3.13433388447868,6,1.38988500901093,0.680555555555556,4.01438840795865,6,2019,"MHI","Hawaii","HAW_KONA","Forereef","Mid","AGR",19.920873,-155.89325,9.753124048,10.66747943,2362.718917,"Hawaii","HAW_KONA","HAW_KONA","NOT","NOT","NOT","NOT","HAW_CR","HAW_KO","CR","OPEN",9451,"HAW_CRKO_CR_OPEN","NOT","HAW_KONA","",0.0251572327044025,-3.68260984110034,0.263157894736842,-1.33500106673234
"SfM",12937,"HAW-04285",1.44755219401578,0.74,4.25269199929963,5,0.46341355882643,0.2265625,1.58949055435709,3,2019,"MHI","Hawaii","HAW_KONA","Forereef","Shallow","AGR",19.949277,-155.866257,1.219140506,1.523925632,1817.863584,"Hawaii","HAW_KONA","HAW_KONA","NOT","NOT","NOT","NOT","HAW_CR","HAW_KO","CR","OPEN",7271,"HAW_CRKO_CR_OPEN","NOT","HAW_KONA","",0.428571428571429,-0.847297860387204,15,2.70805020110221
"SfM",12939,"HAW-04267",0.695084865683433,0.392243767313019,2.00387912729688,5,1.21121442162504,0.67590027700831,3.3575596707246,4,2019,"MHI","Hawaii","HAW_KONA","Forereef","Mid","AGR",19.986201,-155.835354,13.41054557,14.62968607,2362.718917,"Hawaii","HAW_KONA","HAW_KONA","NOT","NOT","NOT","NOT","HAW_CR","HAW_KO","CR","OPEN",9451,"HAW_CRKO_CR_OPEN","NOT","HAW_KONA","",0.0106382978723404,-4.54329478227,0.285714285714286,-1.25276296849537
"SfM",12940,"HAW-04278",1.037129268358,0.50765306122449,2.82110673832918,5,0.306829153440971,0.135204081632653,1.3591087491825,3,2019,"MHI","Hawaii","HAW_KONA","Forereef","Mid","SCR",20.044184,-155.837756,9.753124048,10.05790917,2362.718917,"Hawaii","HAW_KONA","HAW_KONA","NOT","NOT","NOT","NOT","HAW_CR","HAW_KO","CR","OPEN",9451,"HAW_CRKO_CR_OPEN","NOT","HAW_KONA","",0.0833333333333333,-2.484906649788,0.0769230769230769,-2.56494935746154
"SfM",12941,"HAW-04283",0.300088290013915,0.133425605536332,1.34997799189022,3,0.883875626271734,0.450617283950617,2.42026158250606,4,2019,"MHI","Hawaii","HAW_KONA","Forereef","Shallow","AGR",20.056914,-155.844993,2.133495885,3.962206644,1817.863584,"Hawaii","HAW_KONA","HAW_KONA","NOT","NOT","NOT","NOT","HAW_CR","HAW_KO","CR","OPEN",7271,"HAW_CRKO_CR_OPEN","NOT","HAW_KONA","",0,NA,0.0588235294117647,-2.83321334405622
"SfM",12956,"HAW-04239",0.88186313134152,0.541420118343195,2.41539571624934,3,1.5577840267725,0.762014609765475,4.74828750022307,6,2019,"MHI","Hawaii","HAW_PUNA","Forereef","Deep","ROB",19.841398,-155.079881,19.5062481,20.7253886,1446.862405,"Hawaii","HAW_PUNA","HAW_PUNA","NOT","NOT","NOT","NOT","HAW_CM","HAW_PU","CM","OPEN",5787,"HAW_CMPU_CM_OPEN","NOT","HAW_PUNA","",0,NA,0.305555555555556,-1.18562366565774
"SfM",12957,"HAW-04237",1.32966134885476,0.722222222222222,3.77976314968462,4,1.15374194270109,0.612244897959184,3.17003282492367,4,2019,"MHI","Hawaii","HAW_PUNA","Forereef","Mid","ROB",19.747905,-155.08926,7.314843036,8.533983542,1603.885128,"Hawaii","HAW_PUNA","HAW_PUNA","NOT","NOT","NOT","NOT","HAW_CM","HAW_PU","CM","OPEN",6416,"HAW_CMPU_CM_OPEN","NOT","HAW_PUNA","",0.333333333333333,-1.09861228866811,2,0.693147180559945
"SfM",12958,"HAW-04221",1.34824364857959,0.571428571428571,3.85065648204119,9,1.53368642086223,0.743055555555556,4.6352327840942,6,2019,"MHI","Hawaii","HAW_PUNA","Forereef","Mid","AGR",19.745762,-155.066556,7.619628162,6.400487656,1603.885128,"Hawaii","HAW_PUNA","HAW_PUNA","NOT","NOT","NOT","NOT","HAW_CM","HAW_PU","CM","OPEN",6416,"HAW_CMPU_CM_OPEN","NOT","HAW_PUNA","",0.0694444444444444,-2.66722820658195,0.157894736842105,-1.84582669049833
"SfM",12959,"HAW-04247",0,0,1,1,0,0,1,1,2019,"MHI","Hawaii","HAW_PUNA","Forereef","Shallow","AGR",19.731735,-155.068138,1.523925632,3.657421518,1012.92738,"Hawaii","HAW_PUNA","HAW_PUNA","NOT","NOT","NOT","NOT","HAW_CM","HAW_PU","CM","OPEN",4052,"HAW_CMPU_CM_OPEN","NOT","HAW_PUNA","",NA,NA,NA,NA
"SfM",12965,"HAW-04220",1.61500345451291,0.771604938271605,5.02790529240252,6,1.85535650263416,0.832256078793475,6.39397731410592,7,2019,"MHI","Hawaii","HAW_PUNA","Forereef","Deep","ROB",19.532548,-154.819135,22.24931423,23.77323987,1446.862405,"Hawaii","HAW_PUNA","HAW_PUNA","NOT","NOT","NOT","NOT","HAW_CM","HAW_PU","CM","OPEN",5787,"HAW_CMPU_CM_OPEN","NOT","HAW_PUNA","",0,NA,0.238095238095238,-1.43508452528932
"SfM",12973,"HAW-04231",1.412204819965,0.698775510204082,4.10499621133555,7,1.50854898864412,0.739644970414201,4.520167219589,6,2019,"MHI","Hawaii","HAW_PUNA","Forereef","Mid","ROB",19.553661,-154.8712,8.229198415,10.66747943,1603.885128,"Hawaii","HAW_PUNA","HAW_PUNA","NOT","NOT","NOT","NOT","HAW_CM","HAW_PU","CM","OPEN",6416,"HAW_CMPU_CM_OPEN","NOT","HAW_PUNA","",0.129032258064516,-2.04769284336526,0.181818181818182,-1.70474809223843
"SfM",12974,"HAW-04208",1.27703425946614,0.693877551020408,3.58598882705695,4,1.03972077083992,0.625,2.82842712474619,3,2019,"MHI","Hawaii","HAW_PUNA","Forereef","Shallow","ROB",19.58264,-154.92026,3.352636391,4.876562024,1012.92738,"Hawaii","HAW_PUNA","HAW_PUNA","NOT","NOT","NOT","NOT","HAW_CM","HAW_PU","CM","OPEN",4052,"HAW_CMPU_CM_OPEN","NOT","HAW_PUNA","",0.2,-1.6094379124341,0,NA
"SfM",13013,"HAW-04240",0.0744466204045084,0.0279664000804789,1.07728783679847,2,0.780748502561983,0.384305294275732,2.18310571432187,5,2019,"MHI","Hawaii","HAW_KONA","Forereef","Mid","PAV",19.828205,-156.001287,5.486132277,6.705272783,2362.718917,"Hawaii","HAW_KONA","HAW_KONA","NOT","NOT","NOT","NOT","HAW_CR","HAW_KO","CR","OPEN",9451,"HAW_CRKO_CR_OPEN","NOT","HAW_KONA","",0.0143884892086331,-4.24132675257075,0.1875,-1.67397643357167
"SfM",13014,"HAW-04241",0.429814355057969,0.165698758591294,1.53697216595285,6,1.4205719259467,0.661157024793388,4.1394872435294,6,2019,"MHI","Hawaii","HAW_KONA","Forereef","Shallow","AGR",19.798083,-156.021233,3.657421518,6.09570253,1817.863584,"Hawaii","HAW_KONA","HAW_KONA","NOT","NOT","NOT","NOT","HAW_CR","HAW_KO","CR","OPEN",7271,"HAW_CRKO_CR_OPEN","NOT","HAW_KONA","",0.0300751879699248,-3.50405476710186,0.111111111111111,-2.19722457733622
"SfM",13015,"HAW-04260",0.916464885539471,0.56198347107438,2.50043542207737,3,0.48510450039094,0.243801652892562,1.62434474463618,3,2019,"MHI","Hawaii","HAW_KONA","Forereef","Shallow","PAV",19.78536,-156.042101,3.962206644,5.18134715,1817.863584,"Hawaii","HAW_KONA","HAW_KONA","NOT","NOT","NOT","NOT","HAW_CR","HAW_KO","CR","OPEN",7271,"HAW_CRKO_CR_OPEN","NOT","HAW_KONA","",0,NA,0.1,-2.30258509299405
"SfM",13021,"HAW-04304",0.348832095843032,0.197530864197531,1.41741118113173,2,0.910602614071075,0.490451388888889,2.48582007227421,5,2019,"MHI","Hawaii","HAW_KONA","Forereef","Deep","RRB",19.673376,-156.034139,23.77323987,25.2971655,1546.877064,"Hawaii","HAW_KONA","HAW_KONA","NOT","NOT","NOT","NOT","HAW_CR","HAW_KO","CR","OPEN",6188,"HAW_CRKO_CR_OPEN","NOT","HAW_KONA","",0,NA,0.342857142857143,-1.07044141170141
"SfM",13023,"HAW-04287",1.14391848766871,0.606508875739645,3.13904460490702,5,1.09861228866811,0.666666666666667,3,3,2019,"MHI","Hawaii","HAW_KONA","Forereef","Shallow","PAV",19.59316,-155.97189,2.743066138,3.352636391,1817.863584,"Hawaii","HAW_KONA","HAW_KONA","NOT","NOT","NOT","NOT","HAW_CR","HAW_KO","CR","OPEN",7271,"HAW_CRKO_CR_OPEN","NOT","HAW_KONA","",0.444444444444444,-0.810930216216329,1,0
"SfM",13025,"HAW-04296",1.00186884890629,0.56875,2.72336663637006,4,0.693147180559945,0.5,2,2,2019,"MHI","Hawaii","HAW_KONA","Forereef","Deep","RRB",19.641879,-156.013599,22.24931423,22.85888449,1546.877064,"Hawaii","HAW_KONA","HAW_KONA","NOT","NOT","NOT","NOT","HAW_CR","HAW_KO","CR","OPEN",6188,"HAW_CRKO_CR_OPEN","NOT","HAW_KONA","",0.114285714285714,-2.16905370036952,1,0
"SfM",13026,"HAW-04268",0,0,1,1,0.410116318288409,0.244897959183674,1.50699306577254,2,2019,"MHI","Hawaii","HAW_KONA","Forereef","Mid","RRB",19.566983,-155.970355,7.924413289,9.753124048,2362.718917,"Hawaii","HAW_KONA","HAW_KONA","NOT","NOT","NOT","NOT","HAW_CR","HAW_KO","CR","OPEN",9451,"HAW_CRKO_CR_OPEN","NOT","HAW_KONA","",0,NA,0,NA
"SfM",13027,"HAW-04294",0.817681321864498,0.427560815253123,2.26524137789606,6,0.752911591954,0.483379501385042,2.12317283883665,3,2019,"MHI","Hawaii","HAW_KONA","Forereef","Mid","AGR",19.561026,-155.967373,13.10576044,15.23925632,2362.718917,"Hawaii","HAW_KONA","HAW_KONA","NOT","NOT","NOT","NOT","HAW_CR","HAW_KO","CR","OPEN",9451,"HAW_CRKO_CR_OPEN","NOT","HAW_KONA","",0.25,-1.38629436111989,1.71428571428571,0.538996500732687
"SfM",13028,"HAW-04264",0.0935999632458157,0.0370238519045925,1.09812036953135,2,0.566085738959629,0.291666666666667,1.76135912114648,3,2019,"MHI","Hawaii","HAW_KONA","Forereef","Shallow","ROB",19.551252,-155.965955,3.962206644,6.400487656,1817.863584,"Hawaii","HAW_KONA","HAW_KONA","NOT","NOT","NOT","NOT","HAW_CR","HAW_KO","CR","OPEN",7271,"HAW_CRKO_CR_OPEN","NOT","HAW_KONA","",0,NA,0,NA
"SfM",13062,"HAW-04259",0.451305015118558,0.227309023156774,1.57036019265235,3,0.862011099810778,0.503956684714702,2.36791802786323,4,2019,"MHI","Hawaii","HAW_KONA","Forereef","Deep","AGR",19.340351,-155.887944,21.63974398,22.24931423,1546.877064,"Hawaii","HAW_KONA","HAW_KONA","NOT","NOT","NOT","NOT","HAW_CR","HAW_KO","CR","OPEN",6188,"HAW_CRKO_CR_OPEN","NOT","HAW_KONA","",0.105,-2.25379492882461,2.0625,0.723918839226699
"SfM",13063,"HAW-04292",0.701709320113378,0.37364501838062,2.01719779902005,6,1.20514268716116,0.598714416896235,3.33723522471693,6,2019,"MHI","Hawaii","HAW_KONA","Forereef","Mid","AGR",19.391824,-155.908866,12.49619019,13.41054557,2362.718917,"Hawaii","HAW_KONA","HAW_KONA","NOT","NOT","NOT","NOT","HAW_CR","HAW_KO","CR","OPEN",9451,"HAW_CRKO_CR_OPEN","NOT","HAW_KONA","",0.00980392156862745,-4.62497281328427,0.2,-1.6094379124341
"SfM",13064,"HAW-04299",0.509137344082687,0.255102040816327,1.66385524109861,3,1.12692879480068,0.625,3.0861636884341,4,2019,"MHI","Hawaii","HAW_KONA","Forereef","Shallow","AGR",19.451268,-155.921941,3.657421518,4.266991771,1817.863584,"Hawaii","HAW_KONA","HAW_KONA","NOT","NOT","NOT","NOT","HAW_CR","HAW_KO","CR","OPEN",7271,"HAW_CRKO_CR_OPEN","NOT","HAW_KONA","",0,NA,0.2,-1.6094379124341
"SfM",13075,"LAN-01813",0.95563430236771,0.3946,2.60031944870762,10,0.966791855570927,0.4002216066482,2.62949511314102,8,2019,"MHI","Lanai","LAN_SOUTH","Forereef","Mid","ROB",20.820918,-156.990676,12.49619019,13.41054557,487.9877445,"Maui-nui","LAN_SOUTH","LAN_SOUTH","NOT","NOT","NOT","NOT","LAN_CM","LAN_SO","CM","OPEN",1952,"LAN_CMSO_CM_OPEN","NOT","LAN_SOUTH","",0.0101010101010101,-4.59511985013459,0.0689655172413793,-2.67414864942653
"SfM",13076,"LAN-01817",0.879507216180248,0.424,2.40971194672926,6,1.04147738627785,0.518518518518519,2.83339994989058,5,2019,"MHI","Lanai","LAN_SOUTH","Forereef","Mid","ROB",20.846649,-157.006896,7.314843036,9.753124048,487.9877445,"Maui-nui","LAN_SOUTH","LAN_SOUTH","NOT","NOT","NOT","NOT","LAN_CM","LAN_SO","CM","OPEN",1952,"LAN_CMSO_CM_OPEN","NOT","LAN_SOUTH","",0.0416666666666667,-3.17805383034795,0.08,-2.52572864430826
"SfM",13077,"LAN-01811",0.995026990179521,0.592592592592593,2.70479734326014,3,0.598269588585257,0.408163265306122,1.81896851165317,2,2019,"MHI","Lanai","LAN_SOUTH","Forereef","Shallow","ROB",20.883442,-157.057024,2.133495885,2.743066138,746.0718328,"Maui-nui","LAN_SOUTH","LAN_SOUTH","NOT","NOT","NOT","NOT","LAN_CM","LAN_SO","CM","OPEN",2984,"LAN_CMSO_CM_OPEN","NOT","LAN_SOUTH","",0,NA,0,NA
"SfM",13116,"KAU-02115",1.40785741370394,0.664489795918367,4.08718886104433,8,1.54923052323132,0.733333333333333,4.707846210199,7,2019,"MHI","Kauai","KAU_EAST","Forereef","Mid","PAV",21.927625,-159.652355,9.448338921,9.753124048,5602.631417,"Kaa-Nii","KAU_EAST","KAU_EAST","NOT","NOT","NOT","NOT","KAU_SI","KAU_EA","SI","OPEN",22411,"KAU_SIEA_SI_OPEN","NOT","KAU_EAST","",0.0606060606060606,-2.80336038090653,0.0714285714285714,-2.63905732961526
"SfM",13148,"NII-02594",1.5498260458782,0.775510204081633,4.71065067421325,5,1.20479330969478,0.662721893491124,3.33606947358487,4,2019,"MHI","Niihau","NII_WEST","Forereef","Mid","PAV",21.970101,-160.1269,13.71533069,14.32490094,2992.988492,"Kaa-Nii","NII_WEST","NII_WEST","NOT","NOT","NOT","NOT","NII_SI","NII_WE","SI","OPEN",11972,"NII_SIWE_SI_OPEN","NOT","NII_WEST","",0,NA,0.2,-1.6094379124341
"SfM",13178,"NII-02584",1.32025307414357,0.650205761316872,3.74436886030659,6,1.38461625414527,0.702040816326531,3.99329320103845,5,2019,"MHI","Niihau","NII_WEST","Forereef","Mid","ROB",21.884451,-160.236959,8.838768668,10.3626943,2992.988492,"Kaa-Nii","NII_WEST","NII_WEST","NOT","NOT","NOT","NOT","NII_SI","NII_WE","SI","OPEN",11972,"NII_SIWE_SI_OPEN","NOT","NII_WEST","",0.421052631578947,-0.864997437486605,0.65,-0.430782916092454
"SfM",13204,"KAU-02160",1.65505148902951,0.758182900218211,5.23334937532151,9,1.55084570638328,0.751479289940828,4.71545638834104,6,2019,"MHI","Kauai","KAU_NAPALI","Forereef","Mid","AGR",22.146988,-159.750268,14.9344712,15.84882658,1876.001023,"Kaa-Nii","KAU_NAPALI","KAU_NAPALI","NOT","NOT","NOT","NOT","KAU_SI","KAU_NA","SI","OPEN",7504,"KAU_SINA_SI_OPEN","NOT","KAU_NAPALI","",0.0441176470588235,-3.120895416508,0,NA
"SfM",13205,"KAU-02166",0.82465932376647,0.476454293628809,2.28110351518765,3,0.636514168294813,0.444444444444444,1.88988157484231,2,2019,"MHI","Kauai","KAU_NAPALI","Forereef","Shallow","ROB",22.11205,-159.73892,3.047851265,3.962206644,397.7237848,"Kaa-Nii","KAU_NAPALI","KAU_NAPALI","NOT","NOT","NOT","NOT","KAU_SI","KAU_NA","SI","OPEN",1591,"KAU_SINA_SI_OPEN","NOT","KAU_NAPALI","",0,NA,0,NA
"SfM",13217,"KAU-02133",1.5396544474401,0.736111111111111,4.66297868833838,6,1.49050887646688,0.765432098765432,4.43935402709667,5,2019,"MHI","Kauai","KAU_EAST","Forereef","Mid","PAV",22.040952,-159.311087,17.67753734,17.98232246,5602.631417,"Kaa-Nii","KAU_EAST","KAU_EAST","NOT","NOT","NOT","NOT","KAU_SI","KAU_EA","SI","OPEN",22411,"KAU_SIEA_SI_OPEN","NOT","KAU_EAST","",0.0909090909090909,-2.39789527279837,0.928571428571429,-0.0741079721537218
"SfM",13281,"OAH-03235",1.37997072057211,0.634305555555556,3.97478524635297,8,1.43900086049165,0.692965154503616,4.21648085906919,8,2019,"MHI","Oahu","OAH_NORTH","Forereef","Mid","PAV",21.60814,-158.108096,7.924413289,8.229198415,1146.80066,"Oahu","OAH_NORTH","OAH_NORTH","NOT","NOT","NOT","NOT","OAH_SI","OAH_NO","SI","OPEN",4587,"OAH_SINO_SI_OPEN","NOT","OAH_NORTH","",0.100917431192661,-2.29345260943077,0.222222222222222,-1.50407739677627
"SfM",13314,"OAH-03232",1.2253048556546,0.65625,3.40520402027287,5,1.53010639101083,0.72528616024974,4.61866818093769,8,2019,"MHI","Oahu","OAH_NORTH","Forereef","Mid","PAV",21.633314,-158.079568,7.924413289,8.229198415,1146.80066,"Oahu","OAH_NORTH","OAH_NORTH","NOT","NOT","NOT","NOT","OAH_SI","OAH_NO","SI","OPEN",4587,"OAH_SINO_SI_OPEN","NOT","OAH_NORTH","",0.032258064516129,-3.43398720448515,0.270833333333333,-1.30625165344635
"SfM",13317,"OAH-03234",1.36207751947816,0.671111111111111,3.90429613325109,6,1.58992417163055,0.732686980609418,4.90337709913895,7,2019,"MHI","Oahu","OAH_NORTH","Forereef","Mid","PAV",21.684098,-158.042318,7.924413289,8.533983542,1146.80066,"Oahu","OAH_NORTH","OAH_NORTH","NOT","NOT","NOT","NOT","OAH_SI","OAH_NO","SI","OPEN",4587,"OAH_SINO_SI_OPEN","NOT","OAH_NORTH","",0.111111111111111,-2.19722457733622,0.233333333333333,-1.45528723260684
"Diver",12600,"MAI-02515",0,0,1,1,1.19884931291362,0.652777777777778,3.31629870427693,4,2019,"MHI","Maui","MAI_LAHAINA","Forereef","Deep","PAV",20.977523,-156.686272,24.07802499,27.12587626,287.1615845,"Maui-nui","MAI_LAHAINA","MAI_LAHAINA","NOT","NOT","NOT","NOT","MAI_SI","MAI_LA","SI","OPEN",1149,"MAI_SILA_SI_OPEN","NOT","MAI_LAHAINA","",0,NA,0,NA
"Diver",12601,"MAI-02527",1.61949344329504,0.761085729642569,5.05053128798449,9,1.242453324894,0.666666666666667,3.46410161513775,4,2019,"MHI","Maui","MAI_LAHAINA","Forereef","Mid","AGR",20.913024,-156.69682,8.229198415,9.143553795,483.9295632,"Maui-nui","MAI_LAHAINA","MAI_LAHAINA","NOT","NOT","NOT","NOT","MAI_SI","MAI_LA","SI","OPEN",1936,"MAI_SILA_SI_OPEN","NOT","MAI_LAHAINA","",0.00826446280991736,-4.79579054559674,0,NA
"Diver",12602,"MAI-02537",1.51414658351927,0.733729338842975,4.54554023212352,8,1.50996339700294,0.747174301011303,4.52656510543267,6,2019,"MHI","Maui","MAI_LAHAINA","Forereef","Shallow","APR",20.877005,-156.685317,3.657421518,5.790917403,439.3470347,"Maui-nui","MAI_LAHAINA","MAI_LAHAINA","NOT","NOT","NOT","NOT","MAI_SI","MAI_LA","SI","OPEN",1757,"MAI_SILA_SI_OPEN","NOT","MAI_LAHAINA","",0.0114942528735632,-4.46590811865458,0.0512820512820513,-2.9704144655697
"Diver",12612,"MAI-02520",0.291139838831965,0.126666666666667,1.33795166846743,3,0.304636097349238,0.165289256198347,1.35613141338627,2,2019,"MHI","Maui","MAI_LAHAINA","Forereef","Deep","PSC",20.91426,-156.70078,23.16366961,22.24931423,287.1615845,"Maui-nui","MAI_LAHAINA","MAI_LAHAINA","NOT","NOT","NOT","NOT","MAI_SI","MAI_LA","SI","OPEN",1149,"MAI_SILA_SI_OPEN","NOT","MAI_LAHAINA","",0,NA,0,NA
"Diver",12613,"MAI-02532",0.928624410869327,0.5344,2.53102513119911,4,0.244930026794635,0.124444444444444,1.27753191707406,2,2019,"MHI","Maui","MAI_LAHAINA","Forereef","Mid","AGR",20.879202,-156.691049,13.71533069,14.62968607,483.9295632,"Maui-nui","MAI_LAHAINA","MAI_LAHAINA","NOT","NOT","NOT","NOT","MAI_SI","MAI_LA","SI","OPEN",1936,"MAI_SILA_SI_OPEN","NOT","MAI_LAHAINA","",0,NA,0,NA
"Diver",12614,"MAI-02541",1.43590711321607,0.698291206835173,4.20345629064891,8,1.2636544318821,0.694214876033058,3.53832846952594,4,2019,"MHI","Maui","MAI_LAHAINA","Forereef","Shallow","AGR",20.915718,-156.698072,3.352636391,5.18134715,439.3470347,"Maui-nui","MAI_LAHAINA","MAI_LAHAINA","NOT","NOT","NOT","NOT","MAI_SI","MAI_LA","SI","OPEN",1757,"MAI_SILA_SI_OPEN","NOT","MAI_LAHAINA","",0.00952380952380952,-4.65396035015752,0,NA
"Diver",12620,"MAI-02530",0.726192833261454,0.322314049586777,2.06719544938526,5,0.873464144532151,0.378071833648393,2.39519379607818,6,2019,"MHI","Maui","MAI_LAHAINA","Forereef","Mid","SCR",20.841611,-156.657179,10.97226455,11.58183481,483.9295632,"Maui-nui","MAI_LAHAINA","MAI_LAHAINA","NOT","NOT","NOT","NOT","MAI_SI","MAI_LA","SI","OPEN",1936,"MAI_SILA_SI_OPEN","NOT","MAI_LAHAINA","",0.05,-2.99573227355399,0.1,-2.30258509299405
"Diver",12621,"MAI-02543",1.60447290919138,0.767400356930399,4.97523651006124,8,1.23069910365772,0.650519031141868,3.42362216662326,5,2019,"MHI","Maui","MAI_LAHAINA","Forereef","Shallow","AGR",20.861183,-156.674928,4.266991771,5.486132277,439.3470347,"Maui-nui","MAI_LAHAINA","MAI_LAHAINA","NOT","NOT","NOT","NOT","MAI_SI","MAI_LA","SI","OPEN",1757,"MAI_SILA_SI_OPEN","NOT","MAI_LAHAINA","",0.00613496932515337,-5.09375020080676,0.0625,-2.77258872223978
"Diver",12622,"MAI-02529",0,0,1,1,1.0625354080616,0.595555555555556,2.89369840260911,4,2019,"MHI","Maui","MAI_LAHAINA","Forereef","Mid","PAV",20.908677,-156.690794,7.924413289,7.924413289,483.9295632,"Maui-nui","MAI_LAHAINA","MAI_LAHAINA","NOT","NOT","NOT","NOT","MAI_SI","MAI_LA","SI","OPEN",1936,"MAI_SILA_SI_OPEN","NOT","MAI_LAHAINA","",NA,NA,1.8,0.587786664902119
"Diver",12623,"MAI-02534",1.04332663021652,0.547120181405896,2.83864444525482,6,0.500402423538188,0.32,1.64938488846612,2,2019,"MHI","Maui","MAI_LAHAINA","Forereef","Shallow","AGR",20.892013,-156.686535,3.962206644,4.266991771,439.3470347,"Maui-nui","MAI_LAHAINA","MAI_LAHAINA","NOT","NOT","NOT","NOT","MAI_SI","MAI_LA","SI","OPEN",1757,"MAI_SILA_SI_OPEN","NOT","MAI_LAHAINA","",0.00961538461538462,-4.64439089914137,NA,NA
"Diver",12632,"MAI-02466",1.50829825884132,0.700951248513674,4.5190340210227,8,1.242453324894,0.666666666666667,3.46410161513775,4,2019,"MHI","Maui","MAI_KIHEI","Forereef","Deep","AGR",20.729225,-156.464758,19.81103322,20.11581835,537.9614588,"Maui-nui","MAI_KIHEI","MAI_KIHEI","NOT","NOT","NOT","NOT","MAI_CM","MAI_KI","CM","OPEN",2152,"MAI_CMKI_CM_OPEN","NOT","MAI_KIHEI","",0.0943396226415094,-2.36085400111802,0.25,-1.38629436111989
"Diver",12633,"MAI-02489",1.63723165378288,0.787848319448434,5.1409179539423,6,0.940447988655326,0.48,2.56112851788714,4,2019,"MHI","Maui","MAI_KIHEI","Forereef","Mid","AGR",20.703395,-156.452145,10.97226455,11.88661993,682.5282166,"Maui-nui","MAI_KIHEI","MAI_KIHEI","NOT","NOT","NOT","NOT","MAI_CM","MAI_KI","CM","OPEN",2730,"MAI_CMKI_CM_OPEN","NOT","MAI_KIHEI","",0.0260869565217391,-3.64631983969514,0,NA
"Diver",12634,"MAI-02505",0.950270539233235,0.56,2.58640928985893,3,1.32966134885476,0.722222222222222,3.77976314968462,4,2019,"MHI","Maui","MAI_KIHEI","Forereef","Shallow","PAV",20.631349,-156.44844,3.962206644,4.266991771,650.0680159,"Maui-nui","MAI_KIHEI","MAI_KIHEI","NOT","NOT","NOT","NOT","MAI_CM","MAI_KI","CM","OPEN",2600,"MAI_CMKI_CM_OPEN","NOT","MAI_KIHEI","",1,0,1.5,0.405465108108164
"Diver",12671,"MAI-02459",1.28551752706018,0.600555555555556,3.61653912984835,7,0,0,1,1,2019,"MHI","Maui","MAI_KIHEI","Forereef","Deep","AGR",20.791743,-156.591316,20.42060347,21.33495885,537.9614588,"Maui-nui","MAI_KIHEI","MAI_KIHEI","NOT","NOT","NOT","NOT","MAI_CM","MAI_KI","CM","OPEN",2152,"MAI_CMKI_CM_OPEN","NOT","MAI_KIHEI","",0.0169491525423729,-4.07753744390572,NA,NA
"Diver",12672,"MAI-02483",1.52955968059512,0.75137741046832,4.61614379705285,8,1.10328631048875,0.624,3.01405488629706,4,2019,"MHI","Maui","MAI_KIHEI","Forereef","Mid","AGR",20.799957,-156.601688,16.1536117,17.37275221,682.5282166,"Maui-nui","MAI_KIHEI","MAI_KIHEI","NOT","NOT","NOT","NOT","MAI_CM","MAI_KI","CM","OPEN",2730,"MAI_CMKI_CM_OPEN","NOT","MAI_KIHEI","",0.00763358778625954,-4.87519732320115,0.0416666666666667,-3.17805383034795
"Diver",12673,"MAI-02502",1.446242934459,0.695092211553117,4.24712776496583,8,1.09814792963688,0.602941176470588,2.99860724630022,6,2019,"MHI","Maui","MAI_KIHEI","Forereef","Shallow","AGR",20.806692,-156.623291,3.962206644,4.571776897,650.0680159,"Maui-nui","MAI_KIHEI","MAI_KIHEI","NOT","NOT","NOT","NOT","MAI_CM","MAI_KI","CM","OPEN",2600,"MAI_CMKI_CM_OPEN","NOT","MAI_KIHEI","",0.0062111801242236,-5.08140436498446,0.0793650793650794,-2.53369681395743
"Diver",12696,"KAH-00619",1.13655794982239,0.646814404432133,3.1160243728674,4,0,0,1,1,2019,"MHI","Kahoolawe","KAH_NORTH","Forereef","Deep","AGR",20.591597,-156.548868,20.11581835,20.42060347,200,"Maui-nui","KAH_NORTH","KAH_NORTH","NOT","NOT","NOT","NOT","KAH_CR","KAH_NO","CR","OPEN",811,"KAH_CRNO_CR_OPEN","NOT","KAH_NORTH","Unkown Size .. Setting to 1/6 of our very rough ballpark estimate of habitat area. It seems low! Critical point for now is that all Kahoolawe sectors are eqaully sized",0,NA,NA,NA
"Diver",12697,"KAH-00659",1.46700227016422,0.71606648199446,4.33621683155395,6,1.35178399428965,0.63265306122449,3.86431329785834,6,2019,"MHI","Kahoolawe","KAH_NORTH","Forereef","Mid","SCR",20.603972,-156.582876,15.84882658,15.84882658,200,"Maui-nui","KAH_NORTH","KAH_NORTH","NOT","NOT","NOT","NOT","KAH_CR","KAH_NO","CR","OPEN",811,"KAH_CRNO_CR_OPEN","NOT","KAH_NORTH","Unkown Size .. Setting to 1/6 of our very rough ballpark estimate of habitat area. It seems low! Critical point for now is that all Kahoolawe sectors are eqaully sized",0,NA,0.166666666666667,-1.79175946922805
"Diver",12698,"KAH-00627",1.39640211560752,0.573843738678904,4.0406360415459,11,1.46955529987583,0.742716049382716,4.34730146564019,6,2019,"MHI","Kahoolawe","KAH_NORTH","Forereef","Mid","AGR",20.582135,-156.622557,10.66747943,12.19140506,200,"Maui-nui","KAH_NORTH","KAH_NORTH","NOT","NOT","NOT","NOT","KAH_CR","KAH_NO","CR","OPEN",811,"KAH_CRNO_CR_OPEN","NOT","KAH_NORTH","Unkown Size .. Setting to 1/6 of our very rough ballpark estimate of habitat area. It seems low! Critical point for now is that all Kahoolawe sectors are eqaully sized",0.0111111111111111,-4.49980967033027,0.775510204081633,-0.254234138384241
"Diver",12705,"KAH-00635",1.67891582153246,0.757613946649863,5.35974190318484,9,0.950270539233235,0.56,2.58640928985893,3,2019,"MHI","Kahoolawe","KAH_NORTH","Forereef","Shallow","AGR",20.55697783,-156.6735557,3.962206644,4.266991771,200,"Maui-nui","KAH_NORTH","KAH_NORTH","NOT","NOT","NOT","NOT","KAH_CR","KAH_NO","CR","OPEN",811,"KAH_CRNO_CR_OPEN","NOT","KAH_NORTH","Unkown Size .. Setting to 1/6 of our very rough ballpark estimate of habitat area. It seems low! Critical point for now is that all Kahoolawe sectors are eqaully sized",0.0147058823529412,-4.21950770517611,0.25,-1.38629436111989
"Diver",12716,"LAN-01795",1.04547345414587,0.576281027725359,2.84474506120789,7,1.83720898421956,0.813317479191439,6.27898902486756,8,2019,"MHI","Lanai","LAN_SOUTH","Forereef","Deep","AGR",20.732397,-156.950492,19.81103322,21.03017373,246.6043512,"Maui-nui","LAN_SOUTH","LAN_SOUTH","NOT","NOT","NOT","NOT","LAN_CM","LAN_SO","CM","OPEN",986,"LAN_CMSO_CM_OPEN","NOT","LAN_SOUTH","",0.0375,-3.28341434600577,0.12,-2.12026353620009
"Diver",12717,"LAN-01819",0.977645012898437,0.463933528122717,2.65818886454,8,1.60977434839133,0.736083984375,5.00168246279077,8,2019,"MHI","Lanai","LAN_SOUTH","Forereef","Mid","AGR",20.746493,-156.976904,12.80097531,13.41054557,487.9877445,"Maui-nui","LAN_SOUTH","LAN_SOUTH","NOT","NOT","NOT","NOT","LAN_CM","LAN_SO","CM","OPEN",1952,"LAN_CMSO_CM_OPEN","NOT","LAN_SOUTH","",0,NA,1.1,0.0953101798043249
"Diver",12736,"MAI-02544",1.22028216627224,0.674556213017751,3.38814361861041,4,1.55046551249724,0.752551020408163,4.71366394141258,6,2019,"MHI","Maui","MAI_NE","Forereef","Deep","ROB",20.851549,-156.123809,23.77323987,24.07802499,883.3579854,"Maui-nui","MAI_NE","MAI_NE","NOT","NOT","NOT","NOT","MAI_CM","MAI_NE","CM","OPEN",3533,"MAI_CMNE_CM_OPEN","NOT","MAI_NE","",0,NA,0.555555555555556,-0.587786664902119
"Diver",12737,"MAI-02567",0.961597141686261,0.544444444444445,2.61587105554485,4,1.3884492798586,0.714876033057851,4.00862896897913,5,2019,"MHI","Maui","MAI_NE","Forereef","Mid","ROB",20.86184,-156.133755,13.10576044,13.71533069,926.711758,"Maui-nui","MAI_NE","MAI_NE","NOT","NOT","NOT","NOT","MAI_CM","MAI_NE","CM","OPEN",3707,"MAI_CMNE_CM_OPEN","NOT","MAI_NE","",0,NA,0.692307692307692,-0.367724780125317
"Diver",12738,"MAI-02586",1.02201871020226,0.44854253420583,2.77879869498043,7,1.01140426470735,0.611111111111111,2.74945927399721,3,2019,"MHI","Maui","MAI_NE","Forereef","Shallow","ROB",20.896253,-156.198119,5.18134715,7.314843036,481.2408332,"Maui-nui","MAI_NE","MAI_NE","NOT","NOT","NOT","NOT","MAI_CM","MAI_NE","CM","OPEN",1925,"MAI_CMNE_CM_OPEN","NOT","MAI_NE","",0.025,-3.68887945411394,2,0.693147180559945
"Diver",12739,"MAI-02546",0.629830912139056,0.359396433470508,1.8772931249474,3,1.03569596355752,0.557823129251701,2.81706612890266,4,2019,"MHI","Maui","MAI_NE","Forereef","Mid","ROB",20.906648,-156.212839,12.80097531,14.62968607,926.711758,"Maui-nui","MAI_NE","MAI_NE","NOT","NOT","NOT","NOT","MAI_CM","MAI_NE","CM","OPEN",3707,"MAI_CMNE_CM_OPEN","NOT","MAI_NE","",0,NA,0.05,-2.99573227355399
"Diver",12761,"MOL-02221",1.20943268140584,0.641975308641975,3.35158269790852,5,0.827549381408314,0.415123456790123,2.28770557139979,4,2019,"MHI","Molokai","MOL_PALI","Forereef","Deep","ROB",21.181599,-156.769346,22.24931423,22.85888449,634.0842128,"Maui-nui","MOL_PALI","MOL_PALI","NOT","NOT","NOT","NOT","MOL_CM","MOL_PA","CM","OPEN",2536,"MOL_CMPA_CM_OPEN","NOT","MOL_PALI","",0,NA,17,2.83321334405622
"Diver",12762,"MOL-02227",1.0954536538577,0.600346020761246,2.99053904528519,4,1.11061505839741,0.602222222222222,3.0362252761087,4,2019,"MHI","Molokai","MOL_PALI","Forereef","Mid","ROB",21.176883,-156.776444,11.58183481,11.58183481,467.9624676,"Maui-nui","MOL_PALI","MOL_PALI","NOT","NOT","NOT","NOT","MOL_CM","MOL_PA","CM","OPEN",1872,"MOL_CMPA_CM_OPEN","NOT","MOL_PALI","",0.133333333333333,-2.01490302054226,1.30769230769231,0.268263986594679
"Diver",12763,"MOL-02233",0.677908725644198,0.380622837370242,1.96975412564675,3,0.79026796807459,0.461538461538462,2.20398694527043,3,2019,"MHI","Molokai","MOL_PALI","Forereef","Mid","ROB",21.176795,-156.809894,17.67753734,17.98232246,467.9624676,"Maui-nui","MOL_PALI","MOL_PALI","NOT","NOT","NOT","NOT","MOL_CM","MOL_PA","CM","OPEN",1872,"MOL_CMPA_CM_OPEN","NOT","MOL_PALI","",0,NA,3.33333333333333,1.20397280432594
"Diver",12764,"MOL-02242",0,0,1,1,0,0,1,1,2019,"MHI","Molokai","MOL_PALI","Forereef","Shallow","ROB",21.164895,-156.865881,5.486132277,5.790917403,516.2585992,"Maui-nui","MOL_PALI","MOL_PALI","NOT","NOT","NOT","NOT","MOL_CM","MOL_PA","CM","OPEN",2065,"MOL_CMPA_CM_OPEN","NOT","MOL_PALI","",NA,NA,NA,NA
"Diver",12776,"MOL-02194",0.858740913006287,0.520710059171598,2.36018714118578,3,1.19624422875643,0.600583090379009,3.30767071026663,7,2019,"MHI","Molokai","MOL_NW","Forereef","Deep","ROB",21.187111,-157.011622,20.42060347,21.03017373,733.1293957,"Maui-nui","MOL_NW","MOL_NW","NOT","NOT","NOT","NOT","MOL_SI","MOL_NW","SI","OPEN",2933,"MOL_SINW_SI_OPEN","NOT","MOL_NW","",0,NA,0.417910447761194,-0.872488109215762
"Diver",12777,"MOL-02197",1.16222554492109,0.644628099173554,3.19704052173111,4,1.52586761589877,0.724965706447188,4.59913211893887,8,2019,"MHI","Molokai","MOL_NW","Forereef","Mid","ROB",21.202912,-156.987432,15.23925632,16.45839683,601.1779629,"Maui-nui","MOL_NW","MOL_NW","NOT","NOT","NOT","NOT","MOL_SI","MOL_NW","SI","OPEN",2405,"MOL_SINW_SI_OPEN","NOT","MOL_NW","",0,NA,1.12,0.113328685307003
"Diver",12778,"MOL-02240",1.01233083910317,0.615384615384615,2.752008033188,3,1.21231388026715,0.671875,3.3612531987896,4,2019,"MHI","Molokai","MOL_PALI","Forereef","Shallow","ROB",21.170277,-156.930981,4.876562024,6.09570253,516.2585992,"Maui-nui","MOL_PALI","MOL_PALI","NOT","NOT","NOT","NOT","MOL_CM","MOL_PA","CM","OPEN",2065,"MOL_CMPA_CM_OPEN","NOT","MOL_PALI","",0,NA,3,1.09861228866811
"Diver",12821,"MOL-02291",1.30509637194834,0.7109375,3.6880445006132,4,0.965473324820121,0.478057473824905,2.6260303276903,5,2019,"MHI","Molokai","MOL_WEST","Forereef","Deep","PAV",21.19345,-157.262953,23.77323987,25.2971655,1384.213479,"Maui-nui","MOL_WEST","MOL_WEST","NOT","NOT","NOT","NOT","MOL_SI","MOL_WE","SI","OPEN",5537,"MOL_SIWE_SI_OPEN","NOT","MOL_WEST","",0,NA,3.4,1.22377543162212
"Diver",12822,"MOL-02300",1.18753184415287,0.655612244897959,3.27897818255866,4,1.41848366194566,0.72,4.13085192089075,5,2019,"MHI","Molokai","MOL_WEST","Forereef","Mid","PAV",21.147213,-157.294302,16.76318196,17.37275221,1250.749123,"Maui-nui","MOL_WEST","MOL_WEST","NOT","NOT","NOT","NOT","MOL_SI","MOL_WE","SI","OPEN",5003,"MOL_SIWE_SI_OPEN","NOT","MOL_WEST","",0,NA,1,0
"Diver",12823,"MOL-02286",0.998931504603559,0.53,2.71537890799387,4,1.33217904021012,0.72,3.789291416276,4,2019,"MHI","Molokai","MOL_WEST","Forereef","Deep","PAV",21.084062,-157.281082,19.5062481,19.5062481,1384.213479,"Maui-nui","MOL_WEST","MOL_WEST","NOT","NOT","NOT","NOT","MOL_SI","MOL_WE","SI","OPEN",5537,"MOL_SIWE_SI_OPEN","NOT","MOL_WEST","",0,NA,0,NA
"Diver",12824,"MOL-02306",1.71368675471492,0.787051821744811,5.54938302390522,8,1.41417546405698,0.666666666666667,4.11309367385485,6,2019,"MHI","Molokai","MOL_WEST","Forereef","Shallow","PAV",21.084772,-157.256248,4.876562024,5.486132277,512.2388267,"Maui-nui","MOL_WEST","MOL_WEST","NOT","NOT","NOT","NOT","MOL_SI","MOL_WE","SI","OPEN",2049,"MOL_SIWE_SI_OPEN","NOT","MOL_WEST","",0.0121951219512195,-4.40671924726425,0.0714285714285714,-2.63905732961526
"Diver",12832,"MOL-02254",1.47705602949525,0.749307479224377,4.38003199648508,5,0,0,1,1,2019,"MHI","Molokai","MOL_SOUTH","Forereef","Deep","AGR",21.046582,-156.939546,20.11581835,20.42060347,603.9775235,"Maui-nui","MOL_SOUTH","MOL_SOUTH","NOT","NOT","NOT","NOT","MOL_CR","MOL_SO","CR","OPEN",2416,"MOL_CRSO_CR_OPEN","NOT","MOL_SOUTH","",0.0857142857142857,-2.4567357728213,NA,NA
"Diver",12834,"MOL-02280",1.0538790239062,0.600694444444444,2.86875754218168,4,0.693147180559945,0.5,2,2,2019,"MHI","Molokai","MOL_SOUTH","Forereef","Shallow","PPR",21.084641,-157.051425,3.352636391,3.962206644,4232.003508,"Maui-nui","MOL_SOUTH","MOL_SOUTH","NOT","NOT","NOT","NOT","MOL_CR","MOL_SO","CR","OPEN",16928,"MOL_CRSO_CR_OPEN","NOT","MOL_SOUTH","",0.0952380952380952,-2.35137525716348,0,NA
"Diver",12835,"MOL-02265",1.27139547073605,0.6884765625,3.56582509660777,6,1.08889997534522,0.58,2.97100409661001,4,2019,"MHI","Molokai","MOL_SOUTH","Forereef","Deep","AGR",21.070024,-157.026855,20.11581835,20.42060347,603.9775235,"Maui-nui","MOL_SOUTH","MOL_SOUTH","NOT","NOT","NOT","NOT","MOL_CR","MOL_SO","CR","OPEN",2416,"MOL_CRSO_CR_OPEN","NOT","MOL_SOUTH","",0,NA,0,NA
"Diver",12836,"MOL-02260",1.15025115896615,0.62901107149559,3.15898621777491,5,0.848685557726417,0.493827160493827,2.33657354148564,3,2019,"MHI","Molokai","MOL_SOUTH","Forereef","Mid","AGR",21.082517,-157.061151,14.62968607,15.23925632,1293.344283,"Maui-nui","MOL_SOUTH","MOL_SOUTH","NOT","NOT","NOT","NOT","MOL_CR","MOL_SO","CR","OPEN",5173,"MOL_CRSO_CR_OPEN","NOT","MOL_SOUTH","",0,NA,0,NA
"Diver",12837,"MOL-02283",1.36448670108395,0.599489795918367,3.91371363135542,8,0.735621939758795,0.40625,2.08677944009772,3,2019,"MHI","Molokai","MOL_SOUTH","Forereef","Shallow","AGR",21.089713,-157.113792,2.743066138,3.352636391,4232.003508,"Maui-nui","MOL_SOUTH","MOL_SOUTH","NOT","NOT","NOT","NOT","MOL_CR","MOL_SO","CR","OPEN",16928,"MOL_CRSO_CR_OPEN","NOT","MOL_SOUTH","",0.037037037037037,-3.29583686600433,0,NA
"Diver",12861,"MOL-02263",0.233791658706459,0.1171875,1.26338125030273,2,0.943045670002009,0.493074792243767,2.56779016233323,4,2019,"MHI","Molokai","MOL_SOUTH","Forereef","Mid","PAV",21.079063,-156.762611,15.84882658,16.1536117,1293.344283,"Maui-nui","MOL_SOUTH","MOL_SOUTH","NOT","NOT","NOT","NOT","MOL_CR","MOL_SO","CR","OPEN",5173,"MOL_CRSO_CR_OPEN","NOT","MOL_SOUTH","",0,NA,2.16666666666667,0.773189888233482
"Diver",12863,"MOL-02255",1.74260971855774,0.785775662634675,5.71223130367195,10,1.07101788902446,0.581314878892734,2.91834854359425,4,2019,"MHI","Molokai","MOL_SOUTH","Forereef","Mid","AGR",21.03949,-156.842741,11.27704968,11.88661993,1293.344283,"Maui-nui","MOL_SOUTH","MOL_SOUTH","NOT","NOT","NOT","NOT","MOL_CR","MOL_SO","CR","OPEN",5173,"MOL_CRSO_CR_OPEN","NOT","MOL_SOUTH","",0.0512820512820513,-2.9704144655697,0.0625,-2.77258872223978
"Diver",12864,"MOL-02276",1.18912607225047,0.658950617283951,3.28420979078909,4,0.450561208866305,0.277777777777778,1.5691925832142,2,2019,"MHI","Molokai","MOL_SOUTH","Forereef","Shallow","PAV",21.05343,-156.83035,1.523925632,1.523925632,4232.003508,"Maui-nui","MOL_SOUTH","MOL_SOUTH","NOT","NOT","NOT","NOT","MOL_CR","MOL_SO","CR","OPEN",16928,"MOL_CRSO_CR_OPEN","NOT","MOL_SOUTH","",0.384615384615385,-0.955511445027436,5,1.6094379124341
"Diver",12868,"HAW-03434",0.972093335424491,0.545454545454545,2.64347234578037,5,0.995821321345528,0.57,2.70694670162578,4,2019,"MHI","Hawaii","HAW_HAMAKUA","Forereef","Deep","ROB",20.069002,-155.391537,20.7253886,21.94452911,1479.311358,"Hawaii","HAW_HAMAKUA","HAW_HAMAKUA","NOT","NOT","NOT","NOT","HAW_CM","HAW_HA","CM","OPEN",5917,"HAW_CMHA_CM_OPEN","NOT","HAW_HAMAKUA","Not much hard/soft information",0.0153846153846154,-4.17438726989564,0.666666666666667,-0.405465108108164
"Diver",12869,"HAW-03451",1.03915366297588,0.624716553287982,2.82682355622203,3,0.950270539233235,0.56,2.58640928985893,3,2019,"MHI","Hawaii","HAW_HAMAKUA","Forereef","Mid","ROB",20.07739,-155.403639,15.23925632,16.45839683,2334.19033,"Hawaii","HAW_HAMAKUA","HAW_HAMAKUA","NOT","NOT","NOT","NOT","HAW_CM","HAW_HA","CM","OPEN",9337,"HAW_CMHA_CM_OPEN","NOT","HAW_HAMAKUA","Not much hard/soft information",0,NA,0.333333333333333,-1.09861228866811
"Diver",12870,"HAW-03433",1.66538357397986,0.747107438016529,5.28770108537305,8,0.858740913006287,0.520710059171598,2.36018714118578,3,2019,"MHI","Hawaii","HAW_HAMAKUA","Forereef","Mid","ROB",20.088132,-155.429411,8.838768668,10.66747943,2334.19033,"Hawaii","HAW_HAMAKUA","HAW_HAMAKUA","NOT","NOT","NOT","NOT","HAW_CM","HAW_HA","CM","OPEN",9337,"HAW_CMHA_CM_OPEN","NOT","HAW_HAMAKUA","Not much hard/soft information",0.0185185185185185,-3.98898404656427,1.6,0.470003629245736
"Diver",12871,"HAW-03445",1.42412991734677,0.722222222222222,4.15424173615638,5,0,0,1,1,2019,"MHI","Hawaii","HAW_HAMAKUA","Forereef","Shallow","ROB",20.089567,-155.436063,3.352636391,3.962206644,1117.329716,"Hawaii","HAW_HAMAKUA","HAW_HAMAKUA","NOT","NOT","NOT","NOT","HAW_CM","HAW_HA","CM","OPEN",4469,"HAW_CMHA_CM_OPEN","NOT","HAW_HAMAKUA","Not much hard/soft information",0.833333333333333,-0.182321556793955,NA,NA
"Diver",12877,"HAW-03436",1.14427334238691,0.627901234567901,3.14015870735628,4,1.301467358086,0.657596371882086,3.67468479194153,5,2019,"MHI","Hawaii","HAW_HAMAKUA","Forereef","Deep","ROB",20.030422,-155.308065,21.33495885,21.94452911,1479.311358,"Hawaii","HAW_HAMAKUA","HAW_HAMAKUA","NOT","NOT","NOT","NOT","HAW_CM","HAW_HA","CM","OPEN",5917,"HAW_CMHA_CM_OPEN","NOT","HAW_HAMAKUA","Not much hard/soft information",0,NA,0.05,-2.99573227355399
"Diver",12878,"HAW-03441",1.70559493796913,0.786721318859511,5.50465962423186,9,1.80257103727576,0.805555555555556,6.06522134548461,8,2019,"MHI","Hawaii","HAW_HAMAKUA","Forereef","Mid","ROB",20.065206,-155.381868,12.19140506,13.41054557,2334.19033,"Hawaii","HAW_HAMAKUA","HAW_HAMAKUA","NOT","NOT","NOT","NOT","HAW_CM","HAW_HA","CM","OPEN",9337,"HAW_CMHA_CM_OPEN","NOT","HAW_HAMAKUA","Not much hard/soft information",0,NA,0.0909090909090909,-2.39789527279837
"Diver",12879,"HAW-03465",1.20925362480903,0.609418282548476,3.35098262864151,5,0.983961446001026,0.591715976331361,2.67503227581664,3,2019,"MHI","Hawaii","HAW_HAMAKUA","Forereef","Shallow","ROB",20.054534,-155.363257,3.047851265,5.486132277,1117.329716,"Hawaii","HAW_HAMAKUA","HAW_HAMAKUA","NOT","NOT","NOT","NOT","HAW_CM","HAW_HA","CM","OPEN",4469,"HAW_CMHA_CM_OPEN","NOT","HAW_HAMAKUA","Not much hard/soft information",0.1875,-1.67397643357167,2.25,0.810930216216329
"Diver",12892,"KAH-00646",0.898137003187868,0.556213017751479,2.45502514409486,3,1.75824285971655,0.802768166089965,5.80223309433074,7,2019,"MHI","Kahoolawe","KAH_SOUTH","Forereef","Deep","RRB",20.50115,-156.677237,21.94452911,22.24931423,200,"Maui-nui","KAH_SOUTH","KAH_SOUTH","NOT","NOT","NOT","NOT","KAH_CR","KAH_SO","CR","OPEN",944,"KAH_CRSO_CR_OPEN","NOT","KAH_SOUTH","Unkown Size .. Setting to 1/6 of our very rough ballpark estimate of habitat area. It seems low! Critical point for now is that all Kahoolawe sectors are eqaully sized",0,NA,0.333333333333333,-1.09861228866811
"Diver",12893,"KAH-00632",0.788608980324481,0.457121411146557,2.20033358920122,3,1.17804577770882,0.556069775720897,3.2480206424353,6,2019,"MHI","Kahoolawe","KAH_SOUTH","Forereef","Mid","RRB",20.513488,-156.606224,12.49619019,14.9344712,200,"Maui-nui","KAH_SOUTH","KAH_SOUTH","NOT","NOT","NOT","NOT","KAH_CR","KAH_SO","CR","OPEN",944,"KAH_CRSO_CR_OPEN","NOT","KAH_SOUTH","Unkown Size .. Setting to 1/6 of our very rough ballpark estimate of habitat area. It seems low! Critical point for now is that all Kahoolawe sectors are eqaully sized",0,NA,2.84615384615385,1.04596855518269
"Diver",12894,"KAH-00663",1.18566032642137,0.644367550941945,3.27284725560755,5,1.10423142980395,0.584183673469388,3.01690487436442,5,2019,"MHI","Kahoolawe","KAH_SOUTH","Forereef","Shallow","RRB",20.517361,-156.554569,5.790917403,6.400487656,200,"Maui-nui","KAH_SOUTH","KAH_SOUTH","NOT","NOT","NOT","NOT","KAH_CR","KAH_SO","CR","OPEN",944,"KAH_CRSO_CR_OPEN","NOT","KAH_SOUTH","Unkown Size .. Setting to 1/6 of our very rough ballpark estimate of habitat area. It seems low! Critical point for now is that all Kahoolawe sectors are eqaully sized",0,NA,0.5,-0.693147180559945
"Diver",12895,"KAH-00608",1.30550104128115,0.561914672216441,3.68953724113342,8,1.7434729670544,0.797520661157025,5.71716450774156,7,2019,"MHI","Kahoolawe","KAH_SOUTH","Forereef","Mid","PAV",20.514866,-156.694125,15.84882658,16.1536117,200,"Maui-nui","KAH_SOUTH","KAH_SOUTH","NOT","NOT","NOT","NOT","KAH_CR","KAH_SO","CR","OPEN",944,"KAH_CRSO_CR_OPEN","NOT","KAH_SOUTH","Unkown Size .. Setting to 1/6 of our very rough ballpark estimate of habitat area. It seems low! Critical point for now is that all Kahoolawe sectors are eqaully sized",0.0689655172413793,-2.67414864942653,0.692307692307692,-0.367724780125317
"Diver",12896,"KAH-00672",1.11420780730348,0.54716049382716,3.04715329019859,5,1.64264453440518,0.747395833333333,5.16882057777477,8,2019,"MHI","Kahoolawe","KAH_SOUTH","Forereef","Deep","RRB",20.50412,-156.640723,20.42060347,21.63974398,200,"Maui-nui","KAH_SOUTH","KAH_SOUTH","NOT","NOT","NOT","NOT","KAH_CR","KAH_SO","CR","OPEN",944,"KAH_CRSO_CR_OPEN","NOT","KAH_SOUTH","Unkown Size .. Setting to 1/6 of our very rough ballpark estimate of habitat area. It seems low! Critical point for now is that all Kahoolawe sectors are eqaully sized",0,NA,0.6,-0.510825623765991
"Diver",12897,"KAH-00662",1.08707537716112,0.598765432098765,2.96558815039572,4,0.429323021930616,0.260355029585799,1.53621718610039,2,2019,"MHI","Kahoolawe","KAH_SOUTH","Forereef","Shallow","ROB",20.513373,-156.572995,5.486132277,6.09570253,200,"Maui-nui","KAH_SOUTH","KAH_SOUTH","NOT","NOT","NOT","NOT","KAH_CR","KAH_SO","CR","OPEN",944,"KAH_CRSO_CR_OPEN","NOT","KAH_SOUTH","Unkown Size .. Setting to 1/6 of our very rough ballpark estimate of habitat area. It seems low! Critical point for now is that all Kahoolawe sectors are eqaully sized",0.125,-2.07944154167984,5.5,1.70474809223843
"Diver",12913,"LAN-01788",2.03039082205193,0.820821567478289,7.61706269320493,13,1.36003943569164,0.686980609418283,3.8963469539025,6,2019,"MHI","Lanai","LAN_NORTH","Forereef","Shallow","AGR",20.866011,-156.833808,3.047851265,4.266991771,631.8075072,"Maui-nui","LAN_NORTH","LAN_NORTH","NOT","NOT","NOT","NOT","LAN_CR","LAN_NO","CR","OPEN",2527,"LAN_CRNO_CR_OPEN","NOT","LAN_NORTH","",0.0873015873015873,-2.43838663415311,8.5,2.14006616349627
"Diver",12914,"LAN-01816",1.28697289953285,0.671591258848877,3.62180637331511,5,0.636514168294813,0.444444444444444,1.88988157484231,2,2019,"MHI","Lanai","LAN_SOUTH","Forereef","Mid","AGR",20.829301,-156.805223,8.533983542,8.838768668,487.9877445,"Maui-nui","LAN_SOUTH","LAN_SOUTH","NOT","NOT","NOT","NOT","LAN_CM","LAN_SO","CM","OPEN",1952,"LAN_CMSO_CM_OPEN","NOT","LAN_SOUTH","",0,NA,0,NA
"Diver",12915,"LAN-01814",1.45363391252309,0.716049382716049,4.27863448241569,9,1.47507631105469,0.73469387755102,4.37136934400712,5,2019,"MHI","Lanai","LAN_SOUTH","Forereef","Mid","AGR",20.854233,-156.820285,9.143553795,11.27704968,487.9877445,"Maui-nui","LAN_SOUTH","LAN_SOUTH","NOT","NOT","NOT","NOT","LAN_CM","LAN_SO","CM","OPEN",1952,"LAN_CMSO_CM_OPEN","NOT","LAN_SOUTH","",0.00746268656716418,-4.89783979995091,0.2,-1.6094379124341
"Diver",12916,"LAN-01768",1.57247679104442,0.7475,4.81856801233161,8,0.900256051268537,0.53125,2.4602329762891,3,2019,"MHI","Lanai","LAN_NORTH","Forereef","Mid","AGR",20.869365,-156.833874,11.27704968,13.41054557,599.9003844,"Maui-nui","LAN_NORTH","LAN_NORTH","NOT","NOT","NOT","NOT","LAN_CR","LAN_NO","CR","OPEN",2400,"LAN_CRNO_CR_OPEN","NOT","LAN_NORTH","",0.00628930817610063,-5.06890420222023,0,NA
"Diver",12917,"LAN-01829",1.69039319220101,0.778163580246914,5.42161202165907,8,1.50478828368119,0.76,4.50320012840204,5,2019,"MHI","Lanai","LAN_SOUTH","Forereef","Shallow","AGR",20.861626,-156.830342,2.743066138,3.352636391,746.0718328,"Maui-nui","LAN_SOUTH","LAN_SOUTH","NOT","NOT","NOT","NOT","LAN_CM","LAN_SO","CM","OPEN",2984,"LAN_CMSO_CM_OPEN","NOT","LAN_SOUTH","",0,NA,0.6,-0.510825623765991
"Diver",12926,"HAW-04300",0.798202116747534,0.475036982248521,2.22154326047647,3,0.816296113425274,0.376328641195059,2.2621057186947,6,2019,"MHI","Hawaii","HAW_KONA","Forereef","Deep","AGR",19.190762,-155.908649,17.67753734,21.33495885,1546.877064,"Hawaii","HAW_KONA","HAW_KONA","NOT","NOT","NOT","NOT","HAW_CR","HAW_KO","CR","OPEN",6188,"HAW_CRKO_CR_OPEN","NOT","HAW_KONA","",0,NA,0.0175438596491228,-4.04305126783455
"Diver",12927,"HAW-04263",0.890253979503724,0.439631634966912,2.4357482028566,7,1.83775765906437,0.817882971729126,6.28243509349546,8,2019,"MHI","Hawaii","HAW_KONA","Forereef","Mid","AGR",19.162636,-155.914784,12.19140506,12.80097531,2362.718917,"Hawaii","HAW_KONA","HAW_KONA","NOT","NOT","NOT","NOT","HAW_CR","HAW_KO","CR","OPEN",9451,"HAW_CRKO_CR_OPEN","NOT","HAW_KONA","",0,NA,0.461538461538462,-0.773189888233482
"Diver",12928,"HAW-04277",0.759461404255437,0.313295386181684,2.13712486410942,10,1.26157273920621,0.680816326530612,3.53097041832382,5,2019,"MHI","Hawaii","HAW_KONA","Forereef","Mid","AGR",19.076322,-155.904967,11.27704968,12.49619019,2362.718917,"Hawaii","HAW_KONA","HAW_KONA","NOT","NOT","NOT","NOT","HAW_CR","HAW_KO","CR","OPEN",9451,"HAW_CRKO_CR_OPEN","NOT","HAW_KONA","",0.0137931034482759,-4.28358656186063,0.416666666666667,-0.8754687373539
"Diver",12934,"HAW-04252",1.27583779978094,0.670216931631294,3.58170090167026,6,1.55814461804655,0.742382271468144,4.75,6,2019,"MHI","Hawaii","HAW_KONA","Forereef","Deep","AGR",19.891443,-155.90992,20.42060347,21.03017373,1546.877064,"Hawaii","HAW_KONA","HAW_KONA","NOT","NOT","NOT","NOT","HAW_CR","HAW_KO","CR","OPEN",6188,"HAW_CRKO_CR_OPEN","NOT","HAW_KONA","",0,NA,0.461538461538462,-0.773189888233482
"Diver",12935,"HAW-04272",1.13259733544192,0.577601410934744,3.10370740939843,8,1.16688741968733,0.587344510546241,3.21197951907755,5,2019,"MHI","Hawaii","HAW_KONA","Forereef","Mid","AGR",19.904344,-155.90619,12.80097531,14.32490094,2362.718917,"Hawaii","HAW_KONA","HAW_KONA","NOT","NOT","NOT","NOT","HAW_CR","HAW_KO","CR","OPEN",9451,"HAW_CRKO_CR_OPEN","NOT","HAW_KONA","",0.008,-4.8283137373023,0.162162162162162,-1.81915844341617
"Diver",12936,"HAW-04257",1.31309871448816,0.672345679012346,3.71767589817931,6,1.32025307414357,0.650205761316872,3.74436886030659,6,2019,"MHI","Hawaii","HAW_KONA","Forereef","Mid","AGR",19.920873,-155.89325,9.753124048,10.66747943,2362.718917,"Hawaii","HAW_KONA","HAW_KONA","NOT","NOT","NOT","NOT","HAW_CR","HAW_KO","CR","OPEN",9451,"HAW_CRKO_CR_OPEN","NOT","HAW_KONA","",0.0227272727272727,-3.78418963391826,0.0384615384615385,-3.25809653802148
"Diver",12937,"HAW-04285",0.752974682765889,0.442906574394464,2.12330679576051,3,0,0,1,1,2019,"MHI","Hawaii","HAW_KONA","Forereef","Shallow","AGR",19.949277,-155.866257,1.219140506,1.523925632,1817.863584,"Hawaii","HAW_KONA","HAW_KONA","NOT","NOT","NOT","NOT","HAW_CR","HAW_KO","CR","OPEN",7271,"HAW_CRKO_CR_OPEN","NOT","HAW_KONA","",0,NA,NA,NA
"Diver",12939,"HAW-04267",1.17279905833039,0.581065088757396,3.23102381736561,7,1.69574253416963,0.8,5.45069178784675,6,2019,"MHI","Hawaii","HAW_KONA","Forereef","Mid","AGR",19.986201,-155.835354,13.41054557,14.62968607,2362.718917,"Hawaii","HAW_KONA","HAW_KONA","NOT","NOT","NOT","NOT","HAW_CR","HAW_KO","CR","OPEN",9451,"HAW_CRKO_CR_OPEN","NOT","HAW_KONA","",0.0655737704918033,-2.72457950305342,0.5,-0.693147180559945
"Diver",12940,"HAW-04278",1.70178370728454,0.757369614512472,5.48372002473228,9,1.50930495828226,0.673553719008265,4.52358562070728,9,2019,"MHI","Hawaii","HAW_KONA","Forereef","Mid","SCR",20.044184,-155.837756,9.753124048,10.05790917,2362.718917,"Hawaii","HAW_KONA","HAW_KONA","NOT","NOT","NOT","NOT","HAW_CR","HAW_KO","CR","OPEN",9451,"HAW_CRKO_CR_OPEN","NOT","HAW_KONA","",0.0526315789473684,-2.94443897916644,0.0540540540540541,-2.91777073208428
"Diver",12941,"HAW-04283",0.809664526783006,0.352891156462585,2.24715400023088,7,0.973648923197263,0.512345679012346,2.64758769910591,4,2019,"MHI","Hawaii","HAW_KONA","Forereef","Shallow","AGR",20.056914,-155.844993,2.133495885,3.962206644,1817.863584,"Hawaii","HAW_KONA","HAW_KONA","NOT","NOT","NOT","NOT","HAW_CR","HAW_KO","CR","OPEN",7271,"HAW_CRKO_CR_OPEN","NOT","HAW_KONA","",0.037037037037037,-3.29583686600433,0.2,-1.6094379124341
"Diver",12956,"HAW-04239",0.84448673476306,0.510288065843621,2.32678325107583,3,1.55243132707347,0.7368,4.72293924447205,7,2019,"MHI","Hawaii","HAW_PUNA","Forereef","Deep","ROB",19.841398,-155.079881,19.5062481,20.7253886,1446.862405,"Hawaii","HAW_PUNA","HAW_PUNA","NOT","NOT","NOT","NOT","HAW_CM","HAW_PU","CM","OPEN",5787,"HAW_CMPU_CM_OPEN","NOT","HAW_PUNA","",0,NA,0.289473684210526,-1.23969088692802
"Diver",12957,"HAW-04237",1.38629436111989,0.6875,4,5,1.21488965394912,0.666666666666667,3.36992218619932,4,2019,"MHI","Hawaii","HAW_PUNA","Forereef","Mid","ROB",19.747905,-155.08926,7.314843036,8.533983542,1603.885128,"Hawaii","HAW_PUNA","HAW_PUNA","NOT","NOT","NOT","NOT","HAW_CM","HAW_PU","CM","OPEN",6416,"HAW_CMPU_CM_OPEN","NOT","HAW_PUNA","",0.166666666666667,-1.79175946922805,1.66666666666667,0.510825623765991
"Diver",12958,"HAW-04221",1.49760662354986,0.680023804800635,4.47097552714543,8,1.14069710410337,0.5984,3.12894880815339,5,2019,"MHI","Hawaii","HAW_PUNA","Forereef","Mid","AGR",19.745762,-155.066556,7.619628162,6.400487656,1603.885128,"Hawaii","HAW_PUNA","HAW_PUNA","NOT","NOT","NOT","NOT","HAW_CM","HAW_PU","CM","OPEN",6416,"HAW_CMPU_CM_OPEN","NOT","HAW_PUNA","",0.0142857142857143,-4.24849524204936,0.0434782608695652,-3.13549421592915
"Diver",12959,"HAW-04247",0.562335144618808,0.375,1.75476535060332,2,0,0,1,1,2019,"MHI","Hawaii","HAW_PUNA","Forereef","Shallow","AGR",19.731735,-155.068138,1.523925632,3.657421518,1012.92738,"Hawaii","HAW_PUNA","HAW_PUNA","NOT","NOT","NOT","NOT","HAW_CM","HAW_PU","CM","OPEN",4052,"HAW_CMPU_CM_OPEN","NOT","HAW_PUNA","",0,NA,NA,NA
"Diver",12965,"HAW-04220",1.33307429347678,0.675,3.79268531076562,5,1.50761740365352,0.758680555555556,4.51595826045821,6,2019,"MHI","Hawaii","HAW_PUNA","Forereef","Deep","ROB",19.532548,-154.819135,22.24931423,23.77323987,1446.862405,"Hawaii","HAW_PUNA","HAW_PUNA","NOT","NOT","NOT","NOT","HAW_CM","HAW_PU","CM","OPEN",5787,"HAW_CMPU_CM_OPEN","NOT","HAW_PUNA","",0,NA,0.205128205128205,-1.58412010444981
"Diver",12973,"HAW-04231",1.53846641577483,0.734072022160665,4.65744221140829,7,1.34201828361367,0.662973222530009,3.82675920190592,7,2019,"MHI","Hawaii","HAW_PUNA","Forereef","Mid","ROB",19.553661,-154.8712,8.229198415,10.66747943,1603.885128,"Hawaii","HAW_PUNA","HAW_PUNA","NOT","NOT","NOT","NOT","HAW_CM","HAW_PU","CM","OPEN",6416,"HAW_CMPU_CM_OPEN","NOT","HAW_PUNA","",0.0704225352112676,-2.65324196460721,0.0769230769230769,-2.56494935746154
"Diver",12974,"HAW-04208",1.09861228866811,0.666666666666667,3,3,1.19671112942575,0.569444444444444,3.30921542452114,6,2019,"MHI","Hawaii","HAW_PUNA","Forereef","Shallow","ROB",19.58264,-154.92026,3.352636391,4.876562024,1012.92738,"Hawaii","HAW_PUNA","HAW_PUNA","NOT","NOT","NOT","NOT","HAW_CM","HAW_PU","CM","OPEN",4052,"HAW_CMPU_CM_OPEN","NOT","HAW_PUNA","",0,NA,0.0476190476190476,-3.04452243772342
"Diver",13013,"HAW-04240",0.122738250974318,0.040532933008069,1.13058845178866,4,0.803346853205764,0.418314255983351,2.23300196581738,4,2019,"MHI","Hawaii","HAW_KONA","Forereef","Shallow","PAV",19.828205,-156.001287,5.486132277,6.705272783,1817.863584,"Hawaii","HAW_KONA","HAW_KONA","NOT","NOT","NOT","NOT","HAW_CR","HAW_KO","CR","OPEN",7271,"HAW_CRKO_CR_OPEN","NOT","HAW_KONA","",0.00689655172413793,-4.97673374242057,0.2,-1.6094379124341
"Diver",13014,"HAW-04241",0.761153895459678,0.34752,2.14074499179726,6,0.636514168294813,0.444444444444444,1.88988157484231,2,2019,"MHI","Hawaii","HAW_KONA","Forereef","Shallow","AGR",19.798083,-156.021233,3.657421518,6.09570253,1817.863584,"Hawaii","HAW_KONA","HAW_KONA","NOT","NOT","NOT","NOT","HAW_CR","HAW_KO","CR","OPEN",7271,"HAW_CRKO_CR_OPEN","NOT","HAW_KONA","",0,NA,0,NA
"Diver",13015,"HAW-04260",0.990835386443849,0.604444444444444,2.69348363247282,3,0,0,1,1,2019,"MHI","Hawaii","HAW_KONA","Forereef","Shallow","PAV",19.78536,-156.042101,3.962206644,5.18134715,1817.863584,"Hawaii","HAW_KONA","HAW_KONA","NOT","NOT","NOT","NOT","HAW_CR","HAW_KO","CR","OPEN",7271,"HAW_CRKO_CR_OPEN","NOT","HAW_KONA","",0,NA,NA,NA
"Diver",13021,"HAW-04304",0.376770161256437,0.21875,1.45756926498109,2,0.553752615409919,0.235371466140697,1.73976946907202,5,2019,"MHI","Hawaii","HAW_KONA","Forereef","Deep","RRB",19.673376,-156.034139,23.77323987,25.2971655,1546.877064,"Hawaii","HAW_KONA","HAW_KONA","NOT","NOT","NOT","NOT","HAW_CR","HAW_KO","CR","OPEN",6188,"HAW_CRKO_CR_OPEN","NOT","HAW_KONA","",0,NA,0.0571428571428571,-2.86220088092947
"Diver",13023,"HAW-04287",0.806504609875222,0.365650969529086,2.24006438750391,5,0,0,1,1,2019,"MHI","Hawaii","HAW_KONA","Forereef","Shallow","PAV",19.59316,-155.97189,2.743066138,3.352636391,1817.863584,"Hawaii","HAW_KONA","HAW_KONA","NOT","NOT","NOT","NOT","HAW_CR","HAW_KO","CR","OPEN",7271,"HAW_CRKO_CR_OPEN","NOT","HAW_KONA","",0,NA,NA,NA
"Diver",13025,"HAW-04296",0.844992992974505,0.533702677746999,2.32796150242749,4,1.30387552933639,0.650887573964497,3.68354472604923,5,2019,"MHI","Hawaii","HAW_KONA","Forereef","Deep","RRB",19.641879,-156.013599,22.24931423,22.85888449,1546.877064,"Hawaii","HAW_KONA","HAW_KONA","NOT","NOT","NOT","NOT","HAW_CR","HAW_KO","CR","OPEN",6188,"HAW_CRKO_CR_OPEN","NOT","HAW_KONA","",0,NA,0.2,-1.6094379124341
"Diver",13026,"HAW-04268",0.687083112587429,0.335067637877211,1.98790856275673,4,1.00424247305408,0.612244897959184,2.7298385631036,3,2019,"MHI","Hawaii","HAW_KONA","Forereef","Mid","RRB",19.566983,-155.970355,7.924413289,9.753124048,2362.718917,"Hawaii","HAW_KONA","HAW_KONA","NOT","NOT","NOT","NOT","HAW_CR","HAW_KO","CR","OPEN",9451,"HAW_CRKO_CR_OPEN","NOT","HAW_KONA","",0,NA,1,0
"Diver",13027,"HAW-04294",0.73444913307435,0.39924670433145,2.08433348581754,6,1.23426786607908,0.611111111111111,3.43586208845225,5,2019,"MHI","Hawaii","HAW_KONA","Forereef","Mid","AGR",19.561026,-155.967373,13.10576044,15.23925632,2362.718917,"Hawaii","HAW_KONA","HAW_KONA","NOT","NOT","NOT","NOT","HAW_CR","HAW_KO","CR","OPEN",9451,"HAW_CRKO_CR_OPEN","NOT","HAW_KONA","",0.00568181818181818,-5.17048399503815,0.1,-2.30258509299405
"Diver",13028,"HAW-04264",0.336811133602591,0.159928656361474,1.40047453617883,3,1.30309240376172,0.641975308641975,3.68066117720662,5,2019,"MHI","Hawaii","HAW_KONA","Forereef","Shallow","ROB",19.551252,-155.965955,3.962206644,6.400487656,1817.863584,"Hawaii","HAW_KONA","HAW_KONA","NOT","NOT","NOT","NOT","HAW_CR","HAW_KO","CR","OPEN",7271,"HAW_CRKO_CR_OPEN","NOT","HAW_KONA","",0,NA,0.333333333333333,-1.09861228866811
"Diver",13062,"HAW-04259",0.29150686886108,0.133393692470198,1.33844282703672,3,1.27703425946614,0.693877551020408,3.58598882705695,4,2019,"MHI","Hawaii","HAW_KONA","Forereef","Deep","AGR",19.340351,-155.887944,21.63974398,22.24931423,1546.877064,"Hawaii","HAW_KONA","HAW_KONA","NOT","NOT","NOT","NOT","HAW_CR","HAW_KO","CR","OPEN",6188,"HAW_CRKO_CR_OPEN","NOT","HAW_KONA","",0,NA,1,0
"Diver",13063,"HAW-04292",0.593744922440802,0.333935950413223,1.8107568778708,4,1.54296384659398,0.72923875432526,4.67843590901319,7,2019,"MHI","Hawaii","HAW_KONA","Forereef","Mid","AGR",19.391824,-155.908866,12.49619019,13.41054557,2362.718917,"Hawaii","HAW_KONA","HAW_KONA","NOT","NOT","NOT","NOT","HAW_CR","HAW_KO","CR","OPEN",9451,"HAW_CRKO_CR_OPEN","NOT","HAW_KONA","",0,NA,0.422222222222222,-0.862223510603879
"Diver",13064,"HAW-04299",0,0,1,1,1.3180238017106,0.685121107266436,3.73603093922932,5,2019,"MHI","Hawaii","HAW_KONA","Forereef","Shallow","AGR",19.451268,-155.921941,3.657421518,4.266991771,1817.863584,"Hawaii","HAW_KONA","HAW_KONA","NOT","NOT","NOT","NOT","HAW_CR","HAW_KO","CR","OPEN",7271,"HAW_CRKO_CR_OPEN","NOT","HAW_KONA","",0,NA,0.0714285714285714,-2.63905732961526
"Diver",13075,"LAN-01813",1.25241031085532,0.5304,3.49876591587723,10,1.60933434232182,0.74125,4.99948217625459,8,2019,"MHI","Lanai","LAN_SOUTH","Forereef","Mid","ROB",20.820918,-156.990676,12.49619019,13.41054557,487.9877445,"Maui-nui","LAN_SOUTH","LAN_SOUTH","NOT","NOT","NOT","NOT","LAN_CM","LAN_SO","CM","OPEN",1952,"LAN_CMSO_CM_OPEN","NOT","LAN_SOUTH","",0.0526315789473684,-2.94443897916644,1.02857142857143,0.0281708769666962
"Diver",13076,"LAN-01817",1.19471501751904,0.575963718820862,3.30261644854875,6,1.31533050450815,0.68140589569161,3.72598223569929,5,2019,"MHI","Lanai","LAN_SOUTH","Forereef","Mid","ROB",20.846649,-157.006896,7.314843036,9.753124048,487.9877445,"Maui-nui","LAN_SOUTH","LAN_SOUTH","NOT","NOT","NOT","NOT","LAN_CM","LAN_SO","CM","OPEN",1952,"LAN_CMSO_CM_OPEN","NOT","LAN_SOUTH","",0.0769230769230769,-2.56494935746154,0.909090909090909,-0.0953101798043249
"Diver",13077,"LAN-01811",1.06709389487575,0.645,2.90691939959762,3,1.09130300064685,0.612244897959184,2.97815207957768,4,2019,"MHI","Lanai","LAN_SOUTH","Forereef","Shallow","ROB",20.883442,-157.057024,2.133495885,2.743066138,746.0718328,"Maui-nui","LAN_SOUTH","LAN_SOUTH","NOT","NOT","NOT","NOT","LAN_CM","LAN_SO","CM","OPEN",2984,"LAN_CMSO_CM_OPEN","NOT","LAN_SOUTH","",0,NA,1.33333333333333,0.287682072451781
"Diver",13116,"KAU-02115",1.34522510734234,0.67136676814613,3.83905064182561,7,1.35942280220698,0.736455463728191,3.89394507651798,4,2019,"MHI","Kauai","KAU_EAST","Forereef","Mid","PAV",21.927625,-159.652355,9.448338921,9.753124048,5602.631417,"Kaa-Nii","KAU_EAST","KAU_EAST","NOT","NOT","NOT","NOT","KAU_SI","KAU_EA","SI","OPEN",22411,"KAU_SIEA_SI_OPEN","NOT","KAU_EAST","",0,NA,0.375,-0.980829253011726
"Diver",13148,"NII-02594",0.950270539233235,0.56,2.58640928985893,3,1.05356583732374,0.607421875,2.86785922648869,4,2019,"MHI","Niihau","NII_WEST","Forereef","Mid","PAV",21.970101,-160.1269,13.71533069,14.32490094,2992.988492,"Kaa-Nii","NII_WEST","NII_WEST","NOT","NOT","NOT","NOT","NII_SI","NII_WE","SI","OPEN",11972,"NII_SIWE_SI_OPEN","NOT","NII_WEST","",0,NA,0.107142857142857,-2.23359222150709
"Diver",13178,"NII-02584",1.47708694945953,0.711111111111111,4.38016742901171,6,1.6282340917558,0.736205593348451,5.09486969745451,9,2019,"MHI","Niihau","NII_WEST","Forereef","Mid","ROB",21.884451,-160.236959,8.838768668,10.3626943,2992.988492,"Kaa-Nii","NII_WEST","NII_WEST","NOT","NOT","NOT","NOT","NII_SI","NII_WE","SI","OPEN",11972,"NII_SIWE_SI_OPEN","NOT","NII_WEST","",0.111111111111111,-2.19722457733622,3.15384615384615,1.14862270924277
"Diver",13204,"KAU-02160",1.58649665147055,0.751627809283764,4.88659944457939,8,1.31230177107596,0.58477508650519,3.71471430113296,8,2019,"MHI","Kauai","KAU_NAPALI","Forereef","Mid","AGR",22.146988,-159.750268,14.9344712,15.84882658,1876.001023,"Kaa-Nii","KAU_NAPALI","KAU_NAPALI","NOT","NOT","NOT","NOT","KAU_SI","KAU_NA","SI","OPEN",7504,"KAU_SINA_SI_OPEN","NOT","KAU_NAPALI","",0.0147058823529412,-4.21950770517611,0.133333333333333,-2.01490302054226
"Diver",13205,"KAU-02166",0.857174043642079,0.435555555555556,2.35649193197152,4,1.03349715199933,0.593204775022957,2.81087873628631,4,2019,"MHI","Kauai","KAU_NAPALI","Forereef","Shallow","ROB",22.11205,-159.73892,3.047851265,3.962206644,397.7237848,"Kaa-Nii","KAU_NAPALI","KAU_NAPALI","NOT","NOT","NOT","NOT","KAU_SI","KAU_NA","SI","OPEN",1591,"KAU_SINA_SI_OPEN","NOT","KAU_NAPALI","",0.0714285714285714,-2.63905732961526,1.5,0.405465108108164
"Diver",13217,"KAU-02133",1.04083983742324,0.5546875,2.83159409471948,4,1.31855935054754,0.687277051129608,3.73803230211954,5,2019,"MHI","Kauai","KAU_EAST","Forereef","Mid","PAV",22.040952,-159.311087,17.67753734,17.98232246,5602.631417,"Kaa-Nii","KAU_EAST","KAU_EAST","NOT","NOT","NOT","NOT","KAU_SI","KAU_EA","SI","OPEN",22411,"KAU_SIEA_SI_OPEN","NOT","KAU_EAST","",0,NA,0.380952380952381,-0.965080896043587
"Diver",13281,"OAH-03235",1.69713040998987,0.748344669159047,5.4582619231714,10,1.53029585381532,0.742315426601551,4.61954332966573,7,2019,"MHI","Oahu","OAH_NORTH","Forereef","Mid","PAV",21.60814,-158.108096,7.924413289,8.229198415,1146.80066,"Oahu","OAH_NORTH","OAH_NORTH","NOT","NOT","NOT","NOT","OAH_SI","OAH_NO","SI","OPEN",4587,"OAH_SINO_SI_OPEN","NOT","OAH_NORTH","",0.28448275862069,-1.25708262963988,0.204081632653061,-1.58923520511658
"Diver",13314,"OAH-03232",1.3744337355459,0.691115702479339,3.95283773754791,6,1.56256244369541,0.747933884297521,4.77103109347855,7,2019,"MHI","Oahu","OAH_NORTH","Forereef","Mid","PAV",21.633314,-158.079568,7.924413289,8.229198415,1146.80066,"Oahu","OAH_NORTH","OAH_NORTH","NOT","NOT","NOT","NOT","OAH_SI","OAH_NO","SI","OPEN",4587,"OAH_SINO_SI_OPEN","NOT","OAH_NORTH","",0.0476190476190476,-3.04452243772342,0.0731707317073171,-2.6149597780362
"Diver",13317,"OAH-03234",1.03662796885861,0.623456790123457,2.81969287334803,3,1.43253074213838,0.668204536716647,4.1892877949124,7,2019,"MHI","Oahu","OAH_NORTH","Forereef","Mid","PAV",21.684098,-158.042318,7.924413289,8.533983542,1146.80066,"Oahu","OAH_NORTH","OAH_NORTH","NOT","NOT","NOT","NOT","OAH_SI","OAH_NO","SI","OPEN",4587,"OAH_SINO_SI_OPEN","NOT","OAH_NORTH","",0,NA,0.0217391304347826,-3.8286413964891
