"REGION","ANALYSIS_YEAR","ISLAND","Sector","GENUS_CODE","n","Ntot","Mean_AdColDen","SE_AdColDen","Mean_JuvColDen","SE_JuvColDen","Mean_Ave.od","SE_Ave.od","Mean_Ave.rd","SE_Ave.rd","Mean_Ave.size","SE_Ave.size","Mean_BLE_Prev","SE_BLE_Prev","Mean_AcuteDZ_Prev","SE_AcuteDZ_Prev","Mean_ChronicDZ_Prev","SE_ChronicDZ_Prev","METHOD"
"MHI",2019,"Hawaii","HAW_HAMAKUA","ACAS",4,10386,0,0,0,0,0,0,0,0,0,0,NA,NA,NA,NA,NA,NA,"Diver"
"MHI",2019,"Hawaii","HAW_HAMAKUA","ACSP",4,10386,0,0,0,0,0,0,0,0,0,0,NA,NA,NA,NA,NA,NA,"Diver"
"MHI",2019,"Hawaii","HAW_HAMAKUA","ALSP",4,10386,0,0,0,0,0,0,0,0,0,0,NA,NA,NA,NA,NA,NA,"Diver"
"MHI",2019,"Hawaii","HAW_HAMAKUA","ASSP",4,10386,0,0,0,0,0,0,0,0,0,0,NA,NA,NA,NA,NA,NA,"Diver"
"MHI",2019,"Hawaii","HAW_HAMAKUA","ASTS",4,10386,0,0,0,0,0,0,0,0,0,0,NA,NA,NA,NA,NA,NA,"Diver"
"MHI",2019,"Hawaii","HAW_HAMAKUA","BASP",4,10386,0,0,0,0,0,0,0,0,0,0,NA,NA,NA,NA,NA,NA,"Diver"
"MHI",2019,"Hawaii","HAW_HAMAKUA","CASP",4,10386,0,0,0,0,0,0,0,0,0,0,NA,NA,NA,NA,NA,NA,"Diver"
"MHI",2019,"Hawaii","HAW_HAMAKUA","COES",4,10386,0,0,0,0,0,0,0,0,0,0,NA,NA,NA,NA,NA,NA,"Diver"
"MHI",2019,"Hawaii","HAW_HAMAKUA","COSP",4,10386,0,0,0,0,0,0,0,0,0,0,NA,NA,NA,NA,NA,NA,"Diver"
"MHI",2019,"Hawaii","HAW_HAMAKUA","CTSP",4,10386,0,0,0,0,0,0,0,0,0,0,NA,NA,NA,NA,NA,NA,"Diver"
"MHI",2019,"Hawaii","HAW_HAMAKUA","CYPS",4,10386,0.215145388022338,0.129058344543417,0.430290776044676,0.430194481811391,4.01604724308364,0.286796321207593,0,0,2.90446273830156,0.537743102264238,13.3333333333333,13.3303494833836,0,0,0,0,"Diver"
"MHI",2019,"Hawaii","HAW_HAMAKUA","CYSP",4,10386,0,0,0,0,0,0,0,0,0,0,NA,NA,NA,NA,NA,NA,"Diver"
"MHI",2019,"Hawaii","HAW_HAMAKUA","DIAS",4,10386,0,0,0,0,0,0,0,0,0,0,NA,NA,NA,NA,NA,NA,"Diver"
"MHI",2019,"Hawaii","HAW_HAMAKUA","DISP",4,10386,0,0,0,0,0,0,0,0,0,0,NA,NA,NA,NA,NA,NA,"Diver"
"MHI",2019,"Hawaii","HAW_HAMAKUA","ECHL",4,10386,0,0,0,0,0,0,0,0,0,0,NA,NA,NA,NA,NA,NA,"Diver"
"MHI",2019,"Hawaii","HAW_HAMAKUA","ECHP",4,10386,0,0,0,0,0,0,0,0,0,0,NA,NA,NA,NA,NA,NA,"Diver"
"MHI",2019,"Hawaii","HAW_HAMAKUA","EUSP",4,10386,0,0,0,0,0,0,0,0,0,0,NA,NA,NA,NA,NA,NA,"Diver"
"MHI",2019,"Hawaii","HAW_HAMAKUA","FASP",4,10386,0,0,0,0,0,0,0,0,0,0,NA,NA,NA,NA,NA,NA,"Diver"
"MHI",2019,"Hawaii","HAW_HAMAKUA","FAVS",4,10386,0,0,0,0,0,0,0,0,0,0,NA,NA,NA,NA,NA,NA,"Diver"
"MHI",2019,"Hawaii","HAW_HAMAKUA","FUSP",4,10386,0,0,0,0,0,0,0,0,0,0,NA,NA,NA,NA,NA,NA,"Diver"
"MHI",2019,"Hawaii","HAW_HAMAKUA","GARS",4,10386,0,0,0,0,0,0,0,0,0,0,NA,NA,NA,NA,NA,NA,"Diver"
"MHI",2019,"Hawaii","HAW_HAMAKUA","GASP",4,10386,0,0,0,0,0,0,0,0,0,0,NA,NA,NA,NA,NA,NA,"Diver"
"MHI",2019,"Hawaii","HAW_HAMAKUA","GONS",4,10386,0,0,0,0,0,0,0,0,0,0,NA,NA,NA,NA,NA,NA,"Diver"
"MHI",2019,"Hawaii","HAW_HAMAKUA","GOSP",4,10386,0,0,0,0,0,0,0,0,0,0,NA,NA,NA,NA,NA,NA,"Diver"
"MHI",2019,"Hawaii","HAW_HAMAKUA","HASP",4,10386,0,0,0,0,0,0,0,0,0,0,NA,NA,NA,NA,NA,NA,"Diver"
"MHI",2019,"Hawaii","HAW_HAMAKUA","HERS",4,10386,0,0,0,0,0,0,0,0,0,0,NA,NA,NA,NA,NA,NA,"Diver"
"MHI",2019,"Hawaii","HAW_HAMAKUA","HYSP",4,10386,0,0,0,0,0,0,0,0,0,0,NA,NA,NA,NA,NA,NA,"Diver"
"MHI",2019,"Hawaii","HAW_HAMAKUA","ISSP",4,10386,0,0,0,0,0,0,0,0,0,0,NA,NA,NA,NA,NA,NA,"Diver"
"MHI",2019,"Hawaii","HAW_HAMAKUA","LEPS",4,10386,0,0,0,0,0,0,0,0,0,0,NA,NA,NA,NA,NA,NA,"Diver"
"MHI",2019,"Hawaii","HAW_HAMAKUA","LEPT",4,10386,0.0286860517363116,0.0286796321207593,0,0,12.9087232813403,0,0,0,24.5265742345465,0,0,0,0,0,0,0,"Diver"
"MHI",2019,"Hawaii","HAW_HAMAKUA","LESP",4,10386,0,0,0.0949515373258873,0.0949354887265458,0,0,0,0,0,0,NA,NA,NA,NA,NA,NA,"Diver"
"MHI",2019,"Hawaii","HAW_HAMAKUA","LOBS",4,10386,0,0,0,0,0,0,0,0,0,0,NA,NA,NA,NA,NA,NA,"Diver"
"MHI",2019,"Hawaii","HAW_HAMAKUA","MESP",4,10386,0,0,0,0,0,0,0,0,0,0,NA,NA,NA,NA,NA,NA,"Diver"
"MHI",2019,"Hawaii","HAW_HAMAKUA","MONS",4,10386,0,0,0,0,0,0,0,0,0,0,NA,NA,NA,NA,NA,NA,"Diver"
"MHI",2019,"Hawaii","HAW_HAMAKUA","MOSP",4,10386,3.69381539251557,0.816948768821616,2.37378843314718,1.04429037599201,16.6095926067359,6.03886252865639,0.275198523436047,0.275152009698972,17.6779192981426,1.87335073550838,6.169330769585,6.16828803641275,0,0,0,0,"Diver"
"MHI",2019,"Hawaii","HAW_HAMAKUA","MYSP",4,10386,0,0,0,0,0,0,0,0,0,0,NA,NA,NA,NA,NA,NA,"Diver"
"MHI",2019,"Hawaii","HAW_HAMAKUA","OUSP",4,10386,0,0,0,0,0,0,0,0,0,0,NA,NA,NA,NA,NA,NA,"Diver"
"MHI",2019,"Hawaii","HAW_HAMAKUA","OXSP",4,10386,0,0,0,0,0,0,0,0,0,0,NA,NA,NA,NA,NA,NA,"Diver"
"MHI",2019,"Hawaii","HAW_HAMAKUA","PACS",4,10386,0,0,0,0,0,0,0,0,0,0,NA,NA,NA,NA,NA,NA,"Diver"
"MHI",2019,"Hawaii","HAW_HAMAKUA","PALS",4,10386,0,0,0,0,0,0,0,0,0,0,NA,NA,NA,NA,NA,NA,"Diver"
"MHI",2019,"Hawaii","HAW_HAMAKUA","PARA",4,10386,0,0,0,0,0,0,0,0,0,0,NA,NA,NA,NA,NA,NA,"Diver"
"MHI",2019,"Hawaii","HAW_HAMAKUA","PAVS",4,10386,0,0,0,0,0,0,0,0,0,0,NA,NA,NA,NA,NA,NA,"Diver"
"MHI",2019,"Hawaii","HAW_HAMAKUA","PESP",4,10386,0,0,0,0,0,0,0,0,0,0,NA,NA,NA,NA,NA,NA,"Diver"
"MHI",2019,"Hawaii","HAW_HAMAKUA","PHSP",4,10386,0,0,0,0,0,0,0,0,0,0,NA,NA,NA,NA,NA,NA,"Diver"
"MHI",2019,"Hawaii","HAW_HAMAKUA","PLER",4,10386,0,0,0,0,0,0,0,0,0,0,NA,NA,NA,NA,NA,NA,"Diver"
"MHI",2019,"Hawaii","HAW_HAMAKUA","PLES",4,10386,0,0,0,0,0,0,0,0,0,0,NA,NA,NA,NA,NA,NA,"Diver"
"MHI",2019,"Hawaii","HAW_HAMAKUA","PLSP",4,10386,0,0,0,0,0,0,0,0,0,0,NA,NA,NA,NA,NA,NA,"Diver"
"MHI",2019,"Hawaii","HAW_HAMAKUA","POCS",4,10386,0.515546569099429,0.256163461129201,1.7307754027858,0.969100796316412,6.33976900723001,0.263982977475172,0.391173432767887,0.39108589255581,14.3474180715299,0.757728916826887,22.2568074006748,22.2518265776515,0,0,0,0,"Diver"
"MHI",2019,"Hawaii","HAW_HAMAKUA","PODS",4,10386,0,0,0,0,0,0,0,0,0,0,NA,NA,NA,NA,NA,NA,"Diver"
"MHI",2019,"Hawaii","HAW_HAMAKUA","POLY",4,10386,0,0,0,0,0,0,0,0,0,0,NA,NA,NA,NA,NA,NA,"Diver"
"MHI",2019,"Hawaii","HAW_HAMAKUA","POSP",4,10386,3.50683773027794,1.04981383833079,2.79446691058476,0.754335316062533,12.7621463295137,1.57220707632994,0,0,9.55147263518985,0.997175989527223,0,0,0,0,7.03978957782404,2.70715373873377,"Diver"
"MHI",2019,"Hawaii","HAW_HAMAKUA","PSSP",4,10386,0,0,0,0,0,0,0,0,0,0,NA,NA,NA,NA,NA,NA,"Diver"
"MHI",2019,"Hawaii","HAW_HAMAKUA","SASP",4,10386,0,0,0,0,0,0,0,0,0,0,NA,NA,NA,NA,NA,NA,"Diver"
"MHI",2019,"Hawaii","HAW_HAMAKUA","SCAS",4,10386,0,0,0,0,0,0,0,0,0,0,NA,NA,NA,NA,NA,NA,"Diver"
"MHI",2019,"Hawaii","HAW_HAMAKUA","SCSP",4,10386,0,0,0,0,0,0,0,0,0,0,NA,NA,NA,NA,NA,NA,"Diver"
"MHI",2019,"Hawaii","HAW_HAMAKUA","SESP",4,10386,0,0,0,0,0,0,0,0,0,0,NA,NA,NA,NA,NA,NA,"Diver"
"MHI",2019,"Hawaii","HAW_HAMAKUA","SSSS",4,10386,7.96003113165158,0.460280152671531,7.42427305988831,0.881078504813754,16.1251718104351,4.10992583532677,0.406876750416384,0.289484359906984,12.9606834891938,1.90657325085886,4.66472984995282,3.38207867457382,0,0,3.10141999402061,1.19265222907298,"Diver"
"MHI",2019,"Hawaii","HAW_HAMAKUA","STSP",4,10386,0,0,0,0,0,0,0,0,0,0,NA,NA,NA,NA,NA,NA,"Diver"
"MHI",2019,"Hawaii","HAW_HAMAKUA","STYP",4,10386,0,0,0,0,0,0,0,0,0,0,NA,NA,NA,NA,NA,NA,"Diver"
"MHI",2019,"Hawaii","HAW_HAMAKUA","STYS",4,10386,0,0,0,0,0,0,0,0,0,0,NA,NA,NA,NA,NA,NA,"Diver"
"MHI",2019,"Hawaii","HAW_HAMAKUA","SYSP",4,10386,0,0,0,0,0,0,0,0,0,0,NA,NA,NA,NA,NA,NA,"Diver"
"MHI",2019,"Hawaii","HAW_HAMAKUA","TUBA",4,10386,0,0,0,0,0,0,0,0,0,0,NA,NA,NA,NA,NA,NA,"Diver"
"MHI",2019,"Hawaii","HAW_HAMAKUA","TURS",4,10386,0,0,0,0,0,0,0,0,0,0,NA,NA,NA,NA,NA,NA,"Diver"
"MHI",2019,"Hawaii","HAW_HAMAKUA","UNKN",4,10386,0,0,0,0,0,0,0,0,0,0,NA,NA,NA,NA,NA,NA,"Diver"
"MHI",2019,"Hawaii","HAW_KONA","ACAS",19,22910,0,0,0,0,0,0,0,0,0,0,NA,NA,NA,NA,NA,NA,"Diver"
"MHI",2019,"Hawaii","HAW_KONA","ACSP",19,22910,0,0,0,0,0,0,0,0,0,0,NA,NA,NA,NA,NA,NA,"Diver"
"MHI",2019,"Hawaii","HAW_KONA","ALSP",19,22910,0,0,0,0,0,0,0,0,0,0,NA,NA,NA,NA,NA,NA,"Diver"
"MHI",2019,"Hawaii","HAW_KONA","ASSP",19,22910,0,0,0,0,0,0,0,0,0,0,NA,NA,NA,NA,NA,NA,"Diver"
"MHI",2019,"Hawaii","HAW_KONA","ASTS",19,22910,0,0,0,0,0,0,0,0,0,0,NA,NA,NA,NA,NA,NA,"Diver"
"MHI",2019,"Hawaii","HAW_KONA","BASP",19,22910,0.00515659100829332,0.00337435217852361,0,0,16.5010912265386,5.15440809317453,0,0,5.36285464862505,0,0,0,0,0,0,0,"Diver"
"MHI",2019,"Hawaii","HAW_KONA","CASP",19,22910,0,0,0,0,0,0,0,0,0,0,NA,NA,NA,NA,NA,NA,"Diver"
"MHI",2019,"Hawaii","HAW_KONA","COES",19,22910,0,0,0,0,0,0,0,0,0,0,NA,NA,NA,NA,NA,NA,"Diver"
"MHI",2019,"Hawaii","HAW_KONA","COSP",19,22910,0,0,0,0,0,0,0,0,0,0,NA,NA,NA,NA,NA,NA,"Diver"
"MHI",2019,"Hawaii","HAW_KONA","CTSP",19,22910,0,0,0,0,0,0,0,0,0,0,NA,NA,NA,NA,NA,NA,"Diver"
"MHI",2019,"Hawaii","HAW_KONA","CYPS",19,22910,0,0,0,0,0,0,0,0,0,0,NA,NA,NA,NA,NA,NA,"Diver"
"MHI",2019,"Hawaii","HAW_KONA","CYSP",19,22910,0,0,0,0,0,0,0,0,0,0,NA,NA,NA,NA,NA,NA,"Diver"
"MHI",2019,"Hawaii","HAW_KONA","DIAS",19,22910,0,0,0,0,0,0,0,0,0,0,NA,NA,NA,NA,NA,NA,"Diver"
"MHI",2019,"Hawaii","HAW_KONA","DISP",19,22910,0,0,0,0,0,0,0,0,0,0,NA,NA,NA,NA,NA,NA,"Diver"
"MHI",2019,"Hawaii","HAW_KONA","ECHL",19,22910,0,0,0,0,0,0,0,0,0,0,NA,NA,NA,NA,NA,NA,"Diver"
"MHI",2019,"Hawaii","HAW_KONA","ECHP",19,22910,0,0,0,0,0,0,0,0,0,0,NA,NA,NA,NA,NA,NA,"Diver"
"MHI",2019,"Hawaii","HAW_KONA","EUSP",19,22910,0,0,0,0,0,0,0,0,0,0,NA,NA,NA,NA,NA,NA,"Diver"
"MHI",2019,"Hawaii","HAW_KONA","FASP",19,22910,0,0,0,0,0,0,0,0,0,0,NA,NA,NA,NA,NA,NA,"Diver"
"MHI",2019,"Hawaii","HAW_KONA","FAVS",19,22910,0,0,0,0,0,0,0,0,0,0,NA,NA,NA,NA,NA,NA,"Diver"
"MHI",2019,"Hawaii","HAW_KONA","FUSP",19,22910,0,0,0,0,0,0,0,0,0,0,NA,NA,NA,NA,NA,NA,"Diver"
"MHI",2019,"Hawaii","HAW_KONA","GARS",19,22910,0,0,0,0,0,0,0,0,0,0,NA,NA,NA,NA,NA,NA,"Diver"
"MHI",2019,"Hawaii","HAW_KONA","GASP",19,22910,0,0,0,0,0,0,0,0,0,0,NA,NA,NA,NA,NA,NA,"Diver"
"MHI",2019,"Hawaii","HAW_KONA","GONS",19,22910,0,0,0,0,0,0,0,0,0,0,NA,NA,NA,NA,NA,NA,"Diver"
"MHI",2019,"Hawaii","HAW_KONA","GOSP",19,22910,0,0,0,0,0,0,0,0,0,0,NA,NA,NA,NA,NA,NA,"Diver"
"MHI",2019,"Hawaii","HAW_KONA","HASP",19,22910,0,0,0,0,0,0,0,0,0,0,NA,NA,NA,NA,NA,NA,"Diver"
"MHI",2019,"Hawaii","HAW_KONA","HERS",19,22910,0,0,0,0,0,0,0,0,0,0,NA,NA,NA,NA,NA,NA,"Diver"
"MHI",2019,"Hawaii","HAW_KONA","HYSP",19,22910,0,0,0,0,0,0,0,0,0,0,NA,NA,NA,NA,NA,NA,"Diver"
"MHI",2019,"Hawaii","HAW_KONA","ISSP",19,22910,0,0,0,0,0,0,0,0,0,0,NA,NA,NA,NA,NA,NA,"Diver"
"MHI",2019,"Hawaii","HAW_KONA","LEPS",19,22910,0,0,0,0,0,0,0,0,0,0,NA,NA,NA,NA,NA,NA,"Diver"
"MHI",2019,"Hawaii","HAW_KONA","LEPT",19,22910,0,0,0.0228093627237014,0.0162574825156755,0,0,0,0,0,0,NA,NA,NA,NA,NA,NA,"Diver"
"MHI",2019,"Hawaii","HAW_KONA","LESP",19,22910,0,0,0.0171886366943111,0.0171813603105818,0,0,0,0,0,0,NA,NA,NA,NA,NA,NA,"Diver"
"MHI",2019,"Hawaii","HAW_KONA","LOBS",19,22910,0,0,0,0,0,0,0,0,0,0,NA,NA,NA,NA,NA,NA,"Diver"
"MHI",2019,"Hawaii","HAW_KONA","MESP",19,22910,0,0,0,0,0,0,0,0,0,0,NA,NA,NA,NA,NA,NA,"Diver"
"MHI",2019,"Hawaii","HAW_KONA","MONS",19,22910,0,0,0,0,0,0,0,0,0,0,NA,NA,NA,NA,NA,NA,"Diver"
"MHI",2019,"Hawaii","HAW_KONA","MOSP",19,22910,0.606657494939517,0.22549608691918,0.88740345676318,0.227434185938081,8.14555870365751,2.41636063454717,0.238155428765425,0.227239673027654,8.56263186520061,0.515424244457001,51.9352253533499,18.0844847740169,0,0,0.850000379342124,0.849640552728755,"Diver"
"MHI",2019,"Hawaii","HAW_KONA","MYSP",19,22910,0,0,0,0,0,0,0,0,0,0,NA,NA,NA,NA,NA,NA,"Diver"
"MHI",2019,"Hawaii","HAW_KONA","OUSP",19,22910,0,0,0,0,0,0,0,0,0,0,NA,NA,NA,NA,NA,NA,"Diver"
"MHI",2019,"Hawaii","HAW_KONA","OXSP",19,22910,0,0,0,0,0,0,0,0,0,0,NA,NA,NA,NA,NA,NA,"Diver"
"MHI",2019,"Hawaii","HAW_KONA","PACS",19,22910,0,0,0,0,0,0,0,0,0,0,NA,NA,NA,NA,NA,NA,"Diver"
"MHI",2019,"Hawaii","HAW_KONA","PALS",19,22910,0,0,0,0,0,0,0,0,0,0,NA,NA,NA,NA,NA,NA,"Diver"
"MHI",2019,"Hawaii","HAW_KONA","PARA",19,22910,0,0,0,0,0,0,0,0,0,0,NA,NA,NA,NA,NA,NA,"Diver"
"MHI",2019,"Hawaii","HAW_KONA","PAVS",19,22910,0.328318328968427,0.124078098148579,0.25056470973374,0.139887385307568,17.4219660004989,2.63005483366573,0,0,11.0269999491916,2.19263110714622,9.66660397828415,3.4157799347187,0,0,0.966660397828415,0.76379161302108,"Diver"
"MHI",2019,"Hawaii","HAW_KONA","PESP",19,22910,0,0,0,0,0,0,0,0,0,0,NA,NA,NA,NA,NA,NA,"Diver"
"MHI",2019,"Hawaii","HAW_KONA","PHSP",19,22910,0,0,0,0,0,0,0,0,0,0,NA,NA,NA,NA,NA,NA,"Diver"
"MHI",2019,"Hawaii","HAW_KONA","PLER",19,22910,0,0,0,0,0,0,0,0,0,0,NA,NA,NA,NA,NA,NA,"Diver"
"MHI",2019,"Hawaii","HAW_KONA","PLES",19,22910,0,0,0,0,0,0,0,0,0,0,NA,NA,NA,NA,NA,NA,"Diver"
"MHI",2019,"Hawaii","HAW_KONA","PLSP",19,22910,0,0,0,0,0,0,0,0,0,0,NA,NA,NA,NA,NA,NA,"Diver"
"MHI",2019,"Hawaii","HAW_KONA","POCS",19,22910,0.0519006438236578,0.0276915497753094,0.80258817716669,0.211838812271556,8.34055288811291,4.69159701746675,1.89075003637422,1.15735306081538,6.76730758038702,1.55740946429683,36.6863428420246,17.3759485802623,0,0,0,0,"Diver"
"MHI",2019,"Hawaii","HAW_KONA","PODS",19,22910,0,0,0,0,0,0,0,0,0,0,NA,NA,NA,NA,NA,NA,"Diver"
"MHI",2019,"Hawaii","HAW_KONA","POLY",19,22910,0,0,0,0,0,0,0,0,0,0,NA,NA,NA,NA,NA,NA,"Diver"
"MHI",2019,"Hawaii","HAW_KONA","POSP",19,22910,5.98418561954865,0.923022250260143,5.15427882050536,1.15631127027289,33.0953856149493,3.7167053719885,0.736861012961212,0.321756590764808,22.3156205862724,2.21343747680543,0.625309879954696,0.264879258053133,2.86652669796545,0.963229772190411,3.21364665948493,1.58775048980434,"Diver"
"MHI",2019,"Hawaii","HAW_KONA","PSSP",19,22910,0.00859431834715554,0.0057719434988375,0.0214857958678889,0.0214767003882272,2.47516368398079,0.824705294907925,0,0,5.56911828895679,1.75249875167934,0,0,0,0,0,0,"Diver"
"MHI",2019,"Hawaii","HAW_KONA","SASP",19,22910,0,0,0,0,0,0,0,0,0,0,NA,NA,NA,NA,NA,NA,"Diver"
"MHI",2019,"Hawaii","HAW_KONA","SCAS",19,22910,0,0,0,0,0,0,0,0,0,0,NA,NA,NA,NA,NA,NA,"Diver"
"MHI",2019,"Hawaii","HAW_KONA","SCSP",19,22910,0,0,0,0,0,0,0,0,0,0,NA,NA,NA,NA,NA,NA,"Diver"
"MHI",2019,"Hawaii","HAW_KONA","SESP",19,22910,0,0,0,0,0,0,0,0,0,0,NA,NA,NA,NA,NA,NA,"Diver"
"MHI",2019,"Hawaii","HAW_KONA","SSSS",19,22910,6.9848129966357,1.04454472003909,7.15631895945487,1.28328117961595,30.2897952653525,3.61188833040429,0.74505337184545,0.315629476313345,20.6935194601606,2.06082374264789,4.89576988091723,1.77954145534044,2.45587503234223,0.825239810119374,2.8554916130891,1.36171557970288,"Diver"
"MHI",2019,"Hawaii","HAW_KONA","STSP",19,22910,0,0,0,0,0,0,0,0,0,0,NA,NA,NA,NA,NA,NA,"Diver"
"MHI",2019,"Hawaii","HAW_KONA","STYP",19,22910,0,0,0,0,0,0,0,0,0,0,NA,NA,NA,NA,NA,NA,"Diver"
"MHI",2019,"Hawaii","HAW_KONA","STYS",19,22910,0,0,0,0,0,0,0,0,0,0,NA,NA,NA,NA,NA,NA,"Diver"
"MHI",2019,"Hawaii","HAW_KONA","SYSP",19,22910,0,0,0,0,0,0,0,0,0,0,NA,NA,NA,NA,NA,NA,"Diver"
"MHI",2019,"Hawaii","HAW_KONA","TUBA",19,22910,0,0,0,0,0,0,0,0,0,0,NA,NA,NA,NA,NA,NA,"Diver"
"MHI",2019,"Hawaii","HAW_KONA","TURS",19,22910,0,0,0,0,0,0,0,0,0,0,NA,NA,NA,NA,NA,NA,"Diver"
"MHI",2019,"Hawaii","HAW_KONA","UNKN",19,22910,0,0,0,0,0,0,0,0,0,0,NA,NA,NA,NA,NA,NA,"Diver"
"MHI",2019,"Hawaii","HAW_PUNA","ACAS",5,12203,0,0,0,0,0,0,0,0,0,0,NA,NA,NA,NA,NA,NA,"Diver"
"MHI",2019,"Hawaii","HAW_PUNA","ACSP",5,12203,0,0,0,0,0,0,0,0,0,0,NA,NA,NA,NA,NA,NA,"Diver"
"MHI",2019,"Hawaii","HAW_PUNA","ALSP",5,12203,0,0,0,0,0,0,0,0,0,0,NA,NA,NA,NA,NA,NA,"Diver"
"MHI",2019,"Hawaii","HAW_PUNA","ASSP",5,12203,0,0,0,0,0,0,0,0,0,0,NA,NA,NA,NA,NA,NA,"Diver"
"MHI",2019,"Hawaii","HAW_PUNA","ASTS",5,12203,0,0,0,0,0,0,0,0,0,0,NA,NA,NA,NA,NA,NA,"Diver"
"MHI",2019,"Hawaii","HAW_PUNA","BASP",5,12203,0,0,0,0,0,0,0,0,0,0,NA,NA,NA,NA,NA,NA,"Diver"
"MHI",2019,"Hawaii","HAW_PUNA","CASP",5,12203,0,0,0,0,0,0,0,0,0,0,NA,NA,NA,NA,NA,NA,"Diver"
"MHI",2019,"Hawaii","HAW_PUNA","COES",5,12203,0,0,0,0,0,0,0,0,0,0,NA,NA,NA,NA,NA,NA,"Diver"
"MHI",2019,"Hawaii","HAW_PUNA","COSP",5,12203,0,0,0,0,0,0,0,0,0,0,NA,NA,NA,NA,NA,NA,"Diver"
"MHI",2019,"Hawaii","HAW_PUNA","CTSP",5,12203,0,0,0,0,0,0,0,0,0,0,NA,NA,NA,NA,NA,NA,"Diver"
"MHI",2019,"Hawaii","HAW_PUNA","CYPS",5,12203,0,0,0.116838300235825,0.116810981354605,0,0,0,0,0,0,NA,NA,NA,NA,NA,NA,"Diver"
"MHI",2019,"Hawaii","HAW_PUNA","CYSP",5,12203,0,0,0,0,0,0,0,0,0,0,NA,NA,NA,NA,NA,NA,"Diver"
"MHI",2019,"Hawaii","HAW_PUNA","DIAS",5,12203,0,0,0,0,0,0,0,0,0,0,NA,NA,NA,NA,NA,NA,"Diver"
"MHI",2019,"Hawaii","HAW_PUNA","DISP",5,12203,0,0,0,0,0,0,0,0,0,0,NA,NA,NA,NA,NA,NA,"Diver"
"MHI",2019,"Hawaii","HAW_PUNA","ECHL",5,12203,0,0,0,0,0,0,0,0,0,0,NA,NA,NA,NA,NA,NA,"Diver"
"MHI",2019,"Hawaii","HAW_PUNA","ECHP",5,12203,0,0,0,0,0,0,0,0,0,0,NA,NA,NA,NA,NA,NA,"Diver"
"MHI",2019,"Hawaii","HAW_PUNA","EUSP",5,12203,0,0,0,0,0,0,0,0,0,0,NA,NA,NA,NA,NA,NA,"Diver"
"MHI",2019,"Hawaii","HAW_PUNA","FASP",5,12203,0,0,0,0,0,0,0,0,0,0,NA,NA,NA,NA,NA,NA,"Diver"
"MHI",2019,"Hawaii","HAW_PUNA","FAVS",5,12203,0,0,0,0,0,0,0,0,0,0,NA,NA,NA,NA,NA,NA,"Diver"
"MHI",2019,"Hawaii","HAW_PUNA","FUSP",5,12203,0,0,0,0,0,0,0,0,0,0,NA,NA,NA,NA,NA,NA,"Diver"
"MHI",2019,"Hawaii","HAW_PUNA","GARS",5,12203,0,0,0,0,0,0,0,0,0,0,NA,NA,NA,NA,NA,NA,"Diver"
"MHI",2019,"Hawaii","HAW_PUNA","GASP",5,12203,0,0,0,0,0,0,0,0,0,0,NA,NA,NA,NA,NA,NA,"Diver"
"MHI",2019,"Hawaii","HAW_PUNA","GONS",5,12203,0,0,0,0,0,0,0,0,0,0,NA,NA,NA,NA,NA,NA,"Diver"
"MHI",2019,"Hawaii","HAW_PUNA","GOSP",5,12203,0,0,0,0,0,0,0,0,0,0,NA,NA,NA,NA,NA,NA,"Diver"
"MHI",2019,"Hawaii","HAW_PUNA","HASP",5,12203,0,0,0,0,0,0,0,0,0,0,NA,NA,NA,NA,NA,NA,"Diver"
"MHI",2019,"Hawaii","HAW_PUNA","HERS",5,12203,0,0,0,0,0,0,0,0,0,0,NA,NA,NA,NA,NA,NA,"Diver"
"MHI",2019,"Hawaii","HAW_PUNA","HYSP",5,12203,0,0,0,0,0,0,0,0,0,0,NA,NA,NA,NA,NA,NA,"Diver"
"MHI",2019,"Hawaii","HAW_PUNA","ISSP",5,12203,0,0,0,0,0,0,0,0,0,0,NA,NA,NA,NA,NA,NA,"Diver"
"MHI",2019,"Hawaii","HAW_PUNA","LEPS",5,12203,0,0,0,0,0,0,0,0,0,0,NA,NA,NA,NA,NA,NA,"Diver"
"MHI",2019,"Hawaii","HAW_PUNA","LEPT",5,12203,0,0,0,0,0,0,0,0,0,0,NA,NA,NA,NA,NA,NA,"Diver"
"MHI",2019,"Hawaii","HAW_PUNA","LESP",5,12203,0,0,0.0790379414897975,0.0790242824658487,0,0,0,0,0,0,NA,NA,NA,NA,NA,NA,"Diver"
"MHI",2019,"Hawaii","HAW_PUNA","LOBS",5,12203,0,0,0,0,0,0,0,0,0,0,NA,NA,NA,NA,NA,NA,"Diver"
"MHI",2019,"Hawaii","HAW_PUNA","MESP",5,12203,0,0,0,0,0,0,0,0,0,0,NA,NA,NA,NA,NA,NA,"Diver"
"MHI",2019,"Hawaii","HAW_PUNA","MONS",5,12203,0,0,0,0,0,0,0,0,0,0,NA,NA,NA,NA,NA,NA,"Diver"
"MHI",2019,"Hawaii","HAW_PUNA","MOSP",5,12203,1.96958534786528,1.19198126493792,9.96391142433099,3.18929177814257,17.2724498321012,6.05692492021031,0,0,10.2108165093376,1.16681736945276,26.2235184880843,10.5439043270739,0,0,0,0,"Diver"
"MHI",2019,"Hawaii","HAW_PUNA","MYSP",5,12203,0,0,0,0,0,0,0,0,0,0,NA,NA,NA,NA,NA,NA,"Diver"
"MHI",2019,"Hawaii","HAW_PUNA","OUSP",5,12203,0,0,0,0,0,0,0,0,0,0,NA,NA,NA,NA,NA,NA,"Diver"
"MHI",2019,"Hawaii","HAW_PUNA","OXSP",5,12203,0,0,0,0,0,0,0,0,0,0,NA,NA,NA,NA,NA,NA,"Diver"
"MHI",2019,"Hawaii","HAW_PUNA","PACS",5,12203,0,0,0,0,0,0,0,0,0,0,NA,NA,NA,NA,NA,NA,"Diver"
"MHI",2019,"Hawaii","HAW_PUNA","PALS",5,12203,0,0,0,0,0,0,0,0,0,0,NA,NA,NA,NA,NA,NA,"Diver"
"MHI",2019,"Hawaii","HAW_PUNA","PARA",5,12203,0,0,0,0,0,0,0,0,0,0,NA,NA,NA,NA,NA,NA,"Diver"
"MHI",2019,"Hawaii","HAW_PUNA","PAVS",5,12203,0.0175257450353738,0.0175216472031908,0,0,13.1443087765304,0,0,0,4.73195115955093,0,0,0,0,0,0,0,"Diver"
"MHI",2019,"Hawaii","HAW_PUNA","PESP",5,12203,0,0,0,0,0,0,0,0,0,0,NA,NA,NA,NA,NA,NA,"Diver"
"MHI",2019,"Hawaii","HAW_PUNA","PHSP",5,12203,0,0,0,0,0,0,0,0,0,0,NA,NA,NA,NA,NA,NA,"Diver"
"MHI",2019,"Hawaii","HAW_PUNA","PLER",5,12203,0,0,0,0,0,0,0,0,0,0,NA,NA,NA,NA,NA,NA,"Diver"
"MHI",2019,"Hawaii","HAW_PUNA","PLES",5,12203,0,0,0,0,0,0,0,0,0,0,NA,NA,NA,NA,NA,NA,"Diver"
"MHI",2019,"Hawaii","HAW_PUNA","PLSP",5,12203,0,0,0,0,0,0,0,0,0,0,NA,NA,NA,NA,NA,NA,"Diver"
"MHI",2019,"Hawaii","HAW_PUNA","POCS",5,12203,1.41082384113196,0.239947769454655,2.93127373050343,0.729867408739771,12.6646729351344,3.32820622429374,1.08017329537838,0.489410633051852,13.89688371209,0.772534728306729,21.0084058018717,9.21393576547852,4.96893928906452,4.96777746231802,0,0,"Diver"
"MHI",2019,"Hawaii","HAW_PUNA","PODS",5,12203,0,0,0,0,0,0,0,0,0,0,NA,NA,NA,NA,NA,NA,"Diver"
"MHI",2019,"Hawaii","HAW_PUNA","POLY",5,12203,0,0,0,0,0,0,0,0,0,0,NA,NA,NA,NA,NA,NA,"Diver"
"MHI",2019,"Hawaii","HAW_PUNA","POSP",5,12203,2.96030757464012,0.581234401762173,4.96563686525171,1.26258374105497,26.9294517842309,5.06057040829189,1.4175745159536,0.951071907519622,14.5526274052785,2.69467488791375,1.0969892197291,0.853770859006896,5.95507774473374,3.64049300808594,3.76109930527553,2.27939037207715,"Diver"
"MHI",2019,"Hawaii","HAW_PUNA","PSSP",5,12203,0,0,0,0,0,0,0,0,0,0,NA,NA,NA,NA,NA,NA,"Diver"
"MHI",2019,"Hawaii","HAW_PUNA","SASP",5,12203,0,0,0,0,0,0,0,0,0,0,NA,NA,NA,NA,NA,NA,"Diver"
"MHI",2019,"Hawaii","HAW_PUNA","SCAS",5,12203,0,0,0,0,0,0,0,0,0,0,NA,NA,NA,NA,NA,NA,"Diver"
"MHI",2019,"Hawaii","HAW_PUNA","SCSP",5,12203,0,0,0,0,0,0,0,0,0,0,NA,NA,NA,NA,NA,NA,"Diver"
"MHI",2019,"Hawaii","HAW_PUNA","SESP",5,12203,0,0,0,0,0,0,0,0,0,0,NA,NA,NA,NA,NA,NA,"Diver"
"MHI",2019,"Hawaii","HAW_PUNA","SSSS",5,12203,6.35824250867273,1.48483861230811,18.0566982618118,3.74505039401727,21.5833377307889,3.43449850081827,1.14628125762457,0.727818739012606,14.0615877698718,1.76525247023785,12.7442282882292,3.98630548035293,3.87515256548448,2.78084752690048,1.75111451744627,1.0612518435429,"Diver"
"MHI",2019,"Hawaii","HAW_PUNA","STSP",5,12203,0,0,0,0,0,0,0,0,0,0,NA,NA,NA,NA,NA,NA,"Diver"
"MHI",2019,"Hawaii","HAW_PUNA","STYP",5,12203,0,0,0,0,0,0,0,0,0,0,NA,NA,NA,NA,NA,NA,"Diver"
"MHI",2019,"Hawaii","HAW_PUNA","STYS",5,12203,0,0,0,0,0,0,0,0,0,0,NA,NA,NA,NA,NA,NA,"Diver"
"MHI",2019,"Hawaii","HAW_PUNA","SYSP",5,12203,0,0,0,0,0,0,0,0,0,0,NA,NA,NA,NA,NA,NA,"Diver"
"MHI",2019,"Hawaii","HAW_PUNA","TUBA",5,12203,0,0,0,0,0,0,0,0,0,0,NA,NA,NA,NA,NA,NA,"Diver"
"MHI",2019,"Hawaii","HAW_PUNA","TURS",5,12203,0,0,0,0,0,0,0,0,0,0,NA,NA,NA,NA,NA,NA,"Diver"
"MHI",2019,"Hawaii","HAW_PUNA","UNKN",5,12203,0,0,0,0,0,0,0,0,0,0,NA,NA,NA,NA,NA,NA,"Diver"
"MHI",2019,"Kahoolawe","KAH_SOUTH","ACAS",2,944,0,0,0,0,0,0,0,0,0,0,NA,NA,NA,NA,NA,NA,"Diver"
"MHI",2019,"Kahoolawe","KAH_SOUTH","ACSP",2,944,0,0,0,0,0,0,0,0,0,0,NA,NA,NA,NA,NA,NA,"Diver"
"MHI",2019,"Kahoolawe","KAH_SOUTH","ALSP",2,944,0,0,0,0,0,0,0,0,0,0,NA,NA,NA,NA,NA,NA,"Diver"
"MHI",2019,"Kahoolawe","KAH_SOUTH","ASSP",2,944,0,0,0,0,0,0,0,0,0,0,NA,NA,NA,NA,NA,NA,"Diver"
"MHI",2019,"Kahoolawe","KAH_SOUTH","ASTS",2,944,0,0,0,0,0,0,0,0,0,0,NA,NA,NA,NA,NA,NA,"Diver"
"MHI",2019,"Kahoolawe","KAH_SOUTH","BASP",2,944,0,0,0,0,0,0,0,0,0,0,NA,NA,NA,NA,NA,NA,"Diver"
"MHI",2019,"Kahoolawe","KAH_SOUTH","CASP",2,944,0,0,0,0,0,0,0,0,0,0,NA,NA,NA,NA,NA,NA,"Diver"
"MHI",2019,"Kahoolawe","KAH_SOUTH","COES",2,944,0,0,0,0,0,0,0,0,0,0,NA,NA,NA,NA,NA,NA,"Diver"
"MHI",2019,"Kahoolawe","KAH_SOUTH","COSP",2,944,0,0,0,0,0,0,0,0,0,0,NA,NA,NA,NA,NA,NA,"Diver"
"MHI",2019,"Kahoolawe","KAH_SOUTH","CTSP",2,944,0,0,0,0,0,0,0,0,0,0,NA,NA,NA,NA,NA,NA,"Diver"
"MHI",2019,"Kahoolawe","KAH_SOUTH","CYPS",2,944,0,0,0,0,0,0,0,0,0,0,NA,NA,NA,NA,NA,NA,"Diver"
"MHI",2019,"Kahoolawe","KAH_SOUTH","CYSP",2,944,0,0,0,0,0,0,0,0,0,0,NA,NA,NA,NA,NA,NA,"Diver"
"MHI",2019,"Kahoolawe","KAH_SOUTH","DIAS",2,944,0,0,0,0,0,0,0,0,0,0,NA,NA,NA,NA,NA,NA,"Diver"
"MHI",2019,"Kahoolawe","KAH_SOUTH","DISP",2,944,0,0,0,0,0,0,0,0,0,0,NA,NA,NA,NA,NA,NA,"Diver"
"MHI",2019,"Kahoolawe","KAH_SOUTH","ECHL",2,944,0,0,0,0,0,0,0,0,0,0,NA,NA,NA,NA,NA,NA,"Diver"
"MHI",2019,"Kahoolawe","KAH_SOUTH","ECHP",2,944,0,0,0,0,0,0,0,0,0,0,NA,NA,NA,NA,NA,NA,"Diver"
"MHI",2019,"Kahoolawe","KAH_SOUTH","EUSP",2,944,0,0,0,0,0,0,0,0,0,0,NA,NA,NA,NA,NA,NA,"Diver"
"MHI",2019,"Kahoolawe","KAH_SOUTH","FASP",2,944,0,0,0,0,0,0,0,0,0,0,NA,NA,NA,NA,NA,NA,"Diver"
"MHI",2019,"Kahoolawe","KAH_SOUTH","FAVS",2,944,0,0,0,0,0,0,0,0,0,0,NA,NA,NA,NA,NA,NA,"Diver"
"MHI",2019,"Kahoolawe","KAH_SOUTH","FUSP",2,944,0,0,0,0,0,0,0,0,0,0,NA,NA,NA,NA,NA,NA,"Diver"
"MHI",2019,"Kahoolawe","KAH_SOUTH","GARS",2,944,0,0,0,0,0,0,0,0,0,0,NA,NA,NA,NA,NA,NA,"Diver"
"MHI",2019,"Kahoolawe","KAH_SOUTH","GASP",2,944,0,0,0,0,0,0,0,0,0,0,NA,NA,NA,NA,NA,NA,"Diver"
"MHI",2019,"Kahoolawe","KAH_SOUTH","GONS",2,944,0,0,0,0,0,0,0,0,0,0,NA,NA,NA,NA,NA,NA,"Diver"
"MHI",2019,"Kahoolawe","KAH_SOUTH","GOSP",2,944,0,0,0,0,0,0,0,0,0,0,NA,NA,NA,NA,NA,NA,"Diver"
"MHI",2019,"Kahoolawe","KAH_SOUTH","HASP",2,944,0,0,0,0,0,0,0,0,0,0,NA,NA,NA,NA,NA,NA,"Diver"
"MHI",2019,"Kahoolawe","KAH_SOUTH","HERS",2,944,0,0,0,0,0,0,0,0,0,0,NA,NA,NA,NA,NA,NA,"Diver"
"MHI",2019,"Kahoolawe","KAH_SOUTH","HYSP",2,944,0,0,0,0,0,0,0,0,0,0,NA,NA,NA,NA,NA,NA,"Diver"
"MHI",2019,"Kahoolawe","KAH_SOUTH","ISSP",2,944,0,0,0,0,0,0,0,0,0,0,NA,NA,NA,NA,NA,NA,"Diver"
"MHI",2019,"Kahoolawe","KAH_SOUTH","LEPS",2,944,0,0,0,0,0,0,0,0,0,0,NA,NA,NA,NA,NA,NA,"Diver"
"MHI",2019,"Kahoolawe","KAH_SOUTH","LEPT",2,944,0,0,0,0,0,0,0,0,0,0,NA,NA,NA,NA,NA,NA,"Diver"
"MHI",2019,"Kahoolawe","KAH_SOUTH","LESP",2,944,0.0666666666666665,0.0665960077526239,0,0,65,0,0,0,16,0,0,0,0,0,0,0,"Diver"
"MHI",2019,"Kahoolawe","KAH_SOUTH","LOBS",2,944,0,0,0,0,0,0,0,0,0,0,NA,NA,NA,NA,NA,NA,"Diver"
"MHI",2019,"Kahoolawe","KAH_SOUTH","MESP",2,944,0,0,0,0,0,0,0,0,0,0,NA,NA,NA,NA,NA,NA,"Diver"
"MHI",2019,"Kahoolawe","KAH_SOUTH","MONS",2,944,0,0,0,0,0,0,0,0,0,0,NA,NA,NA,NA,NA,NA,"Diver"
"MHI",2019,"Kahoolawe","KAH_SOUTH","MOSP",2,944,0.2,0.199788023257872,2,0.665960077526245,0,0,0,0,18.6666666666667,0,0,0,0,0,0,0,"Diver"
"MHI",2019,"Kahoolawe","KAH_SOUTH","MYSP",2,944,0,0,0,0,0,0,0,0,0,0,NA,NA,NA,NA,NA,NA,"Diver"
"MHI",2019,"Kahoolawe","KAH_SOUTH","OUSP",2,944,0,0,0,0,0,0,0,0,0,0,NA,NA,NA,NA,NA,NA,"Diver"
"MHI",2019,"Kahoolawe","KAH_SOUTH","OXSP",2,944,0,0,0,0,0,0,0,0,0,0,NA,NA,NA,NA,NA,NA,"Diver"
"MHI",2019,"Kahoolawe","KAH_SOUTH","PACS",2,944,0,0,0,0,0,0,0,0,0,0,NA,NA,NA,NA,NA,NA,"Diver"
"MHI",2019,"Kahoolawe","KAH_SOUTH","PALS",2,944,0,0,0,0,0,0,0,0,0,0,NA,NA,NA,NA,NA,NA,"Diver"
"MHI",2019,"Kahoolawe","KAH_SOUTH","PARA",2,944,0,0,0,0,0,0,0,0,0,0,NA,NA,NA,NA,NA,NA,"Diver"
"MHI",2019,"Kahoolawe","KAH_SOUTH","PAVS",2,944,0.0666666666666665,0.0665960077526239,0,0,0,0,0,0,9,0,0,0,0,0,0,0,"Diver"
"MHI",2019,"Kahoolawe","KAH_SOUTH","PESP",2,944,0,0,0,0,0,0,0,0,0,0,NA,NA,NA,NA,NA,NA,"Diver"
"MHI",2019,"Kahoolawe","KAH_SOUTH","PHSP",2,944,0,0,0,0,0,0,0,0,0,0,NA,NA,NA,NA,NA,NA,"Diver"
"MHI",2019,"Kahoolawe","KAH_SOUTH","PLER",2,944,0,0,0,0,0,0,0,0,0,0,NA,NA,NA,NA,NA,NA,"Diver"
"MHI",2019,"Kahoolawe","KAH_SOUTH","PLES",2,944,0,0,0,0,0,0,0,0,0,0,NA,NA,NA,NA,NA,NA,"Diver"
"MHI",2019,"Kahoolawe","KAH_SOUTH","PLSP",2,944,0,0,0,0,0,0,0,0,0,0,NA,NA,NA,NA,NA,NA,"Diver"
"MHI",2019,"Kahoolawe","KAH_SOUTH","POCS",2,944,0.2,0.199788023257872,1,0,39.6666666666667,0,0,0,30,0,66.6666666666665,0,0,0,0,0,"Diver"
"MHI",2019,"Kahoolawe","KAH_SOUTH","PODS",2,944,0,0,0,0,0,0,0,0,0,0,NA,NA,NA,NA,NA,NA,"Diver"
"MHI",2019,"Kahoolawe","KAH_SOUTH","POLY",2,944,0,0,0,0,0,0,0,0,0,0,NA,NA,NA,NA,NA,NA,"Diver"
"MHI",2019,"Kahoolawe","KAH_SOUTH","POSP",2,944,4.31666666666666,1.38186716086695,9.5,4.49523052330213,31.9318181818182,8.05963048369824,0,0,17.155701754386,0.593668358584263,0,0,0,0,1.54440154440154,1.54276465836195,"Diver"
"MHI",2019,"Kahoolawe","KAH_SOUTH","PSSP",2,944,0,0,0,0,0,0,0,0,0,0,NA,NA,NA,NA,NA,NA,"Diver"
"MHI",2019,"Kahoolawe","KAH_SOUTH","SASP",2,944,0,0,0,0,0,0,0,0,0,0,NA,NA,NA,NA,NA,NA,"Diver"
"MHI",2019,"Kahoolawe","KAH_SOUTH","SCAS",2,944,0,0,0,0,0,0,0,0,0,0,NA,NA,NA,NA,NA,NA,"Diver"
"MHI",2019,"Kahoolawe","KAH_SOUTH","SCSP",2,944,0,0,0,0,0,0,0,0,0,0,NA,NA,NA,NA,NA,NA,"Diver"
"MHI",2019,"Kahoolawe","KAH_SOUTH","SESP",2,944,0,0,0,0,0,0,0,0,0,0,NA,NA,NA,NA,NA,NA,"Diver"
"MHI",2019,"Kahoolawe","KAH_SOUTH","SSSS",2,944,4.85,0.849099098845957,12.5,5.16119060082839,31.8166666666666,8.17465995163463,0,0,17.6390350877193,1.0764894147908,1.37457044673539,1.37311356190977,0,0,1.37457044673539,1.37311356190977,"Diver"
"MHI",2019,"Kahoolawe","KAH_SOUTH","STSP",2,944,0,0,0,0,0,0,0,0,0,0,NA,NA,NA,NA,NA,NA,"Diver"
"MHI",2019,"Kahoolawe","KAH_SOUTH","STYP",2,944,0,0,0,0,0,0,0,0,0,0,NA,NA,NA,NA,NA,NA,"Diver"
"MHI",2019,"Kahoolawe","KAH_SOUTH","STYS",2,944,0,0,0,0,0,0,0,0,0,0,NA,NA,NA,NA,NA,NA,"Diver"
"MHI",2019,"Kahoolawe","KAH_SOUTH","SYSP",2,944,0,0,0,0,0,0,0,0,0,0,NA,NA,NA,NA,NA,NA,"Diver"
"MHI",2019,"Kahoolawe","KAH_SOUTH","TUBA",2,944,0,0,0,0,0,0,0,0,0,0,NA,NA,NA,NA,NA,NA,"Diver"
"MHI",2019,"Kahoolawe","KAH_SOUTH","TURS",2,944,0,0,0,0,0,0,0,0,0,0,NA,NA,NA,NA,NA,NA,"Diver"
"MHI",2019,"Kahoolawe","KAH_SOUTH","UNKN",2,944,0,0,0,0,0,0,0,0,0,0,NA,NA,NA,NA,NA,NA,"Diver"
"MHI",2019,"Kauai","KAU_EAST","ACAS",2,22411,0,0,0,0,0,0,0,0,0,0,NA,NA,NA,NA,NA,NA,"Diver"
"MHI",2019,"Kauai","KAU_EAST","ACSP",2,22411,0,0,0,0,0,0,0,0,0,0,NA,NA,NA,NA,NA,NA,"Diver"
"MHI",2019,"Kauai","KAU_EAST","ALSP",2,22411,0,0,0,0,0,0,0,0,0,0,NA,NA,NA,NA,NA,NA,"Diver"
"MHI",2019,"Kauai","KAU_EAST","ASSP",2,22411,0,0,0,0,0,0,0,0,0,0,NA,NA,NA,NA,NA,NA,"Diver"
"MHI",2019,"Kauai","KAU_EAST","ASTS",2,22411,0,0,0,0,0,0,0,0,0,0,NA,NA,NA,NA,NA,NA,"Diver"
"MHI",2019,"Kauai","KAU_EAST","BASP",2,22411,0,0,0,0,0,0,0,0,0,0,NA,NA,NA,NA,NA,NA,"Diver"
"MHI",2019,"Kauai","KAU_EAST","CASP",2,22411,0,0,0,0,0,0,0,0,0,0,NA,NA,NA,NA,NA,NA,"Diver"
"MHI",2019,"Kauai","KAU_EAST","COES",2,22411,0,0,0,0,0,0,0,0,0,0,NA,NA,NA,NA,NA,NA,"Diver"
"MHI",2019,"Kauai","KAU_EAST","COSP",2,22411,0,0,0,0,0,0,0,0,0,0,NA,NA,NA,NA,NA,NA,"Diver"
"MHI",2019,"Kauai","KAU_EAST","CTSP",2,22411,0,0,0,0,0,0,0,0,0,0,NA,NA,NA,NA,NA,NA,"Diver"
"MHI",2019,"Kauai","KAU_EAST","CYPS",2,22411,0.025,0.0249988844514842,0,0,70,0,0,0,15,0,400,0,0,0,0,0,"Diver"
"MHI",2019,"Kauai","KAU_EAST","CYSP",2,22411,0,0,1.04166666666666,1.04162018547851,0,0,0,0,0,0,NA,NA,NA,NA,NA,NA,"Diver"
"MHI",2019,"Kauai","KAU_EAST","DIAS",2,22411,0,0,0,0,0,0,0,0,0,0,NA,NA,NA,NA,NA,NA,"Diver"
"MHI",2019,"Kauai","KAU_EAST","DISP",2,22411,0,0,0,0,0,0,0,0,0,0,NA,NA,NA,NA,NA,NA,"Diver"
"MHI",2019,"Kauai","KAU_EAST","ECHL",2,22411,0,0,0,0,0,0,0,0,0,0,NA,NA,NA,NA,NA,NA,"Diver"
"MHI",2019,"Kauai","KAU_EAST","ECHP",2,22411,0,0,0,0,0,0,0,0,0,0,NA,NA,NA,NA,NA,NA,"Diver"
"MHI",2019,"Kauai","KAU_EAST","EUSP",2,22411,0,0,0,0,0,0,0,0,0,0,NA,NA,NA,NA,NA,NA,"Diver"
"MHI",2019,"Kauai","KAU_EAST","FASP",2,22411,0,0,0,0,0,0,0,0,0,0,NA,NA,NA,NA,NA,NA,"Diver"
"MHI",2019,"Kauai","KAU_EAST","FAVS",2,22411,0,0,0,0,0,0,0,0,0,0,NA,NA,NA,NA,NA,NA,"Diver"
"MHI",2019,"Kauai","KAU_EAST","FUSP",2,22411,0,0,0,0,0,0,0,0,0,0,NA,NA,NA,NA,NA,NA,"Diver"
"MHI",2019,"Kauai","KAU_EAST","GARS",2,22411,0,0,0,0,0,0,0,0,0,0,NA,NA,NA,NA,NA,NA,"Diver"
"MHI",2019,"Kauai","KAU_EAST","GASP",2,22411,0,0,0,0,0,0,0,0,0,0,NA,NA,NA,NA,NA,NA,"Diver"
"MHI",2019,"Kauai","KAU_EAST","GONS",2,22411,0,0,0,0,0,0,0,0,0,0,NA,NA,NA,NA,NA,NA,"Diver"
"MHI",2019,"Kauai","KAU_EAST","GOSP",2,22411,0,0,0,0,0,0,0,0,0,0,NA,NA,NA,NA,NA,NA,"Diver"
"MHI",2019,"Kauai","KAU_EAST","HASP",2,22411,0,0,0,0,0,0,0,0,0,0,NA,NA,NA,NA,NA,NA,"Diver"
"MHI",2019,"Kauai","KAU_EAST","HERS",2,22411,0,0,0,0,0,0,0,0,0,0,NA,NA,NA,NA,NA,NA,"Diver"
"MHI",2019,"Kauai","KAU_EAST","HYSP",2,22411,0,0,0,0,0,0,0,0,0,0,NA,NA,NA,NA,NA,NA,"Diver"
"MHI",2019,"Kauai","KAU_EAST","ISSP",2,22411,0,0,0,0,0,0,0,0,0,0,NA,NA,NA,NA,NA,NA,"Diver"
"MHI",2019,"Kauai","KAU_EAST","LEPS",2,22411,0,0,0,0,0,0,0,0,0,0,NA,NA,NA,NA,NA,NA,"Diver"
"MHI",2019,"Kauai","KAU_EAST","LEPT",2,22411,0,0,0,0,0,0,0,0,0,0,NA,NA,NA,NA,NA,NA,"Diver"
"MHI",2019,"Kauai","KAU_EAST","LESP",2,22411,0,0,0,0,0,0,0,0,0,0,NA,NA,NA,NA,NA,NA,"Diver"
"MHI",2019,"Kauai","KAU_EAST","LOBS",2,22411,0,0,0,0,0,0,0,0,0,0,NA,NA,NA,NA,NA,NA,"Diver"
"MHI",2019,"Kauai","KAU_EAST","MESP",2,22411,0,0,0,0,0,0,0,0,0,0,NA,NA,NA,NA,NA,NA,"Diver"
"MHI",2019,"Kauai","KAU_EAST","MONS",2,22411,0,0,0,0,0,0,0,0,0,0,NA,NA,NA,NA,NA,NA,"Diver"
"MHI",2019,"Kauai","KAU_EAST","MOSP",2,22411,1.425,1.37493864483163,5.25,2.24989960063358,31.6692708333333,1.66919634722933,0,0,9.73177083333335,4.73155969253615,17.5438596491228,17.5430768080591,0,0,0,0,"Diver"
"MHI",2019,"Kauai","KAU_EAST","MYSP",2,22411,0,0,0,0,0,0,0,0,0,0,NA,NA,NA,NA,NA,NA,"Diver"
"MHI",2019,"Kauai","KAU_EAST","OUSP",2,22411,0,0,0,0,0,0,0,0,0,0,NA,NA,NA,NA,NA,NA,"Diver"
"MHI",2019,"Kauai","KAU_EAST","OXSP",2,22411,0,0,0,0,0,0,0,0,0,0,NA,NA,NA,NA,NA,NA,"Diver"
"MHI",2019,"Kauai","KAU_EAST","PACS",2,22411,0,0,0,0,0,0,0,0,0,0,NA,NA,NA,NA,NA,NA,"Diver"
"MHI",2019,"Kauai","KAU_EAST","PALS",2,22411,0,0,0,0,0,0,0,0,0,0,NA,NA,NA,NA,NA,NA,"Diver"
"MHI",2019,"Kauai","KAU_EAST","PARA",2,22411,0,0,0,0,0,0,0,0,0,0,NA,NA,NA,NA,NA,NA,"Diver"
"MHI",2019,"Kauai","KAU_EAST","PAVS",2,22411,0.025,0.0249988844514842,0,0,75,0,0,0,16,0,0,0,0,0,0,0,"Diver"
"MHI",2019,"Kauai","KAU_EAST","PESP",2,22411,0,0,0,0,0,0,0,0,0,0,NA,NA,NA,NA,NA,NA,"Diver"
"MHI",2019,"Kauai","KAU_EAST","PHSP",2,22411,0,0,0,0,0,0,0,0,0,0,NA,NA,NA,NA,NA,NA,"Diver"
"MHI",2019,"Kauai","KAU_EAST","PLER",2,22411,0,0,0,0,0,0,0,0,0,0,NA,NA,NA,NA,NA,NA,"Diver"
"MHI",2019,"Kauai","KAU_EAST","PLES",2,22411,0,0,0,0,0,0,0,0,0,0,NA,NA,NA,NA,NA,NA,"Diver"
"MHI",2019,"Kauai","KAU_EAST","PLSP",2,22411,0,0,0,0,0,0,0,0,0,0,NA,NA,NA,NA,NA,NA,"Diver"
"MHI",2019,"Kauai","KAU_EAST","POCS",2,22411,0.35,0.149993306708905,0,0,1.25,1.24994422257421,3.625,3.62483824546521,14.2291666666667,6.27055351658063,7.14285714285714,7.14253841470979,0,0,0,0,"Diver"
"MHI",2019,"Kauai","KAU_EAST","PODS",2,22411,0,0,0,0,0,0,0,0,0,0,NA,NA,NA,NA,NA,NA,"Diver"
"MHI",2019,"Kauai","KAU_EAST","POLY",2,22411,0,0,0,0,0,0,0,0,0,0,NA,NA,NA,NA,NA,NA,"Diver"
"MHI",2019,"Kauai","KAU_EAST","POSP",2,22411,2.025,1.17494756921976,7.45833333333333,0.0416648074191389,24.6775793650794,2.76078950113019,0,0,9.33234126984128,1.52671758614422,0,0,0,0,0,0,"Diver"
"MHI",2019,"Kauai","KAU_EAST","PSSP",2,22411,0.025,0.0249988844514842,0.291666666666667,0.291653651933983,70,0,0,0,6,0,0,0,0,0,0,0,"Diver"
"MHI",2019,"Kauai","KAU_EAST","SASP",2,22411,0,0,0,0,0,0,0,0,0,0,NA,NA,NA,NA,NA,NA,"Diver"
"MHI",2019,"Kauai","KAU_EAST","SCAS",2,22411,0,0,0,0,0,0,0,0,0,0,NA,NA,NA,NA,NA,NA,"Diver"
"MHI",2019,"Kauai","KAU_EAST","SCSP",2,22411,0,0,0,0,0,0,0,0,0,0,NA,NA,NA,NA,NA,NA,"Diver"
"MHI",2019,"Kauai","KAU_EAST","SESP",2,22411,0,0,0,0,0,0,0,0,0,0,NA,NA,NA,NA,NA,NA,"Diver"
"MHI",2019,"Kauai","KAU_EAST","SSSS",2,22411,3.875,2.72487840521178,14.0416666666667,0.958290570640246,23.9743131868131,4.54334121429529,0.63846153846154,0.638433049068676,10.9248517929439,1.31710071103924,7.74193548387097,7.74159002368544,0,0,0,0,"Diver"
"MHI",2019,"Kauai","KAU_EAST","STSP",2,22411,0,0,0,0,0,0,0,0,0,0,NA,NA,NA,NA,NA,NA,"Diver"
"MHI",2019,"Kauai","KAU_EAST","STYP",2,22411,0,0,0,0,0,0,0,0,0,0,NA,NA,NA,NA,NA,NA,"Diver"
"MHI",2019,"Kauai","KAU_EAST","STYS",2,22411,0,0,0,0,0,0,0,0,0,0,NA,NA,NA,NA,NA,NA,"Diver"
"MHI",2019,"Kauai","KAU_EAST","SYSP",2,22411,0,0,0,0,0,0,0,0,0,0,NA,NA,NA,NA,NA,NA,"Diver"
"MHI",2019,"Kauai","KAU_EAST","TUBA",2,22411,0,0,0,0,0,0,0,0,0,0,NA,NA,NA,NA,NA,NA,"Diver"
"MHI",2019,"Kauai","KAU_EAST","TURS",2,22411,0,0,0,0,0,0,0,0,0,0,NA,NA,NA,NA,NA,NA,"Diver"
"MHI",2019,"Kauai","KAU_EAST","UNKN",2,22411,0,0,0,0,0,0,0,0,0,0,NA,NA,NA,NA,NA,NA,"Diver"
"MHI",2019,"Lanai","LAN_SOUTH","ACAS",4,1952,0,0,0,0,0,0,0,0,0,0,NA,NA,NA,NA,NA,NA,"Diver"
"MHI",2019,"Lanai","LAN_SOUTH","ACSP",4,1952,0,0,0,0,0,0,0,0,0,0,NA,NA,NA,NA,NA,NA,"Diver"
"MHI",2019,"Lanai","LAN_SOUTH","ALSP",4,1952,0,0,0,0,0,0,0,0,0,0,NA,NA,NA,NA,NA,NA,"Diver"
"MHI",2019,"Lanai","LAN_SOUTH","ASSP",4,1952,0,0,0,0,0,0,0,0,0,0,NA,NA,NA,NA,NA,NA,"Diver"
"MHI",2019,"Lanai","LAN_SOUTH","ASTS",4,1952,0,0,0,0,0,0,0,0,0,0,NA,NA,NA,NA,NA,NA,"Diver"
"MHI",2019,"Lanai","LAN_SOUTH","BASP",4,1952,0.05,0.0499487442202537,0,0,70,0,0,0,17,0,0,0,0,0,0,0,"Diver"
"MHI",2019,"Lanai","LAN_SOUTH","CASP",4,1952,0,0,0,0,0,0,0,0,0,0,NA,NA,NA,NA,NA,NA,"Diver"
"MHI",2019,"Lanai","LAN_SOUTH","COES",4,1952,0,0,0,0,0,0,0,0,0,0,NA,NA,NA,NA,NA,NA,"Diver"
"MHI",2019,"Lanai","LAN_SOUTH","COSP",4,1952,0,0,0,0,0,0,0,0,0,0,NA,NA,NA,NA,NA,NA,"Diver"
"MHI",2019,"Lanai","LAN_SOUTH","CTSP",4,1952,0,0,0,0,0,0,0,0,0,0,NA,NA,NA,NA,NA,NA,"Diver"
"MHI",2019,"Lanai","LAN_SOUTH","CYPS",4,1952,0.125,0.124871860550634,0,0,4,0,0,0,12.4,0,0,0,0,0,0,0,"Diver"
"MHI",2019,"Lanai","LAN_SOUTH","CYSP",4,1952,0,0,0,0,0,0,0,0,0,0,NA,NA,NA,NA,NA,NA,"Diver"
"MHI",2019,"Lanai","LAN_SOUTH","DIAS",4,1952,0,0,0,0,0,0,0,0,0,0,NA,NA,NA,NA,NA,NA,"Diver"
"MHI",2019,"Lanai","LAN_SOUTH","DISP",4,1952,0,0,0,0,0,0,0,0,0,0,NA,NA,NA,NA,NA,NA,"Diver"
"MHI",2019,"Lanai","LAN_SOUTH","ECHL",4,1952,0,0,0,0,0,0,0,0,0,0,NA,NA,NA,NA,NA,NA,"Diver"
"MHI",2019,"Lanai","LAN_SOUTH","ECHP",4,1952,0,0,0,0,0,0,0,0,0,0,NA,NA,NA,NA,NA,NA,"Diver"
"MHI",2019,"Lanai","LAN_SOUTH","EUSP",4,1952,0,0,0,0,0,0,0,0,0,0,NA,NA,NA,NA,NA,NA,"Diver"
"MHI",2019,"Lanai","LAN_SOUTH","FASP",4,1952,0,0,0,0,0,0,0,0,0,0,NA,NA,NA,NA,NA,NA,"Diver"
"MHI",2019,"Lanai","LAN_SOUTH","FAVS",4,1952,0,0,0,0,0,0,0,0,0,0,NA,NA,NA,NA,NA,NA,"Diver"
"MHI",2019,"Lanai","LAN_SOUTH","FUSP",4,1952,0,0,0,0,0,0,0,0,0,0,NA,NA,NA,NA,NA,NA,"Diver"
"MHI",2019,"Lanai","LAN_SOUTH","GARS",4,1952,0,0,0,0,0,0,0,0,0,0,NA,NA,NA,NA,NA,NA,"Diver"
"MHI",2019,"Lanai","LAN_SOUTH","GASP",4,1952,0,0,0,0,0,0,0,0,0,0,NA,NA,NA,NA,NA,NA,"Diver"
"MHI",2019,"Lanai","LAN_SOUTH","GONS",4,1952,0,0,0,0,0,0,0,0,0,0,NA,NA,NA,NA,NA,NA,"Diver"
"MHI",2019,"Lanai","LAN_SOUTH","GOSP",4,1952,0,0,0,0,0,0,0,0,0,0,NA,NA,NA,NA,NA,NA,"Diver"
"MHI",2019,"Lanai","LAN_SOUTH","HASP",4,1952,0,0,0,0,0,0,0,0,0,0,NA,NA,NA,NA,NA,NA,"Diver"
"MHI",2019,"Lanai","LAN_SOUTH","HERS",4,1952,0,0,0,0,0,0,0,0,0,0,NA,NA,NA,NA,NA,NA,"Diver"
"MHI",2019,"Lanai","LAN_SOUTH","HYSP",4,1952,0,0,0,0,0,0,0,0,0,0,NA,NA,NA,NA,NA,NA,"Diver"
"MHI",2019,"Lanai","LAN_SOUTH","ISSP",4,1952,0,0,0,0,0,0,0,0,0,0,NA,NA,NA,NA,NA,NA,"Diver"
"MHI",2019,"Lanai","LAN_SOUTH","LEPS",4,1952,0,0,0,0,0,0,0,0,0,0,NA,NA,NA,NA,NA,NA,"Diver"
"MHI",2019,"Lanai","LAN_SOUTH","LEPT",4,1952,0.0375,0.0239111408574293,0.0416666666666667,0.0416239535168782,25,3.53190957498938,0,0,15.5,1.76595478749469,0,0,0,0,0,0,"Diver"
"MHI",2019,"Lanai","LAN_SOUTH","LESP",4,1952,0.15,0.149846232660761,0,0,2,0,0,0,8.625,0,233.333333333333,0,0,0,0,0,"Diver"
"MHI",2019,"Lanai","LAN_SOUTH","LOBS",4,1952,0,0,0,0,0,0,0,0,0,0,NA,NA,NA,NA,NA,NA,"Diver"
"MHI",2019,"Lanai","LAN_SOUTH","MESP",4,1952,0,0,0,0,0,0,0,0,0,0,NA,NA,NA,NA,NA,NA,"Diver"
"MHI",2019,"Lanai","LAN_SOUTH","MONS",4,1952,0,0,0,0,0,0,0,0,0,0,NA,NA,NA,NA,NA,NA,"Diver"
"MHI",2019,"Lanai","LAN_SOUTH","MOSP",4,1952,2.8875,2.122907324006,8.12500000000001,2.94668977941643,5.85054347826088,4.12717293097972,0.111413043478261,0.111298832229913,13.7287137681159,4.38652800748477,23.3766233766234,14.2907133787738,0,0,0.865800865800866,0.864913319831233,"Diver"
"MHI",2019,"Lanai","LAN_SOUTH","MYSP",4,1952,0,0,0,0,0,0,0,0,0,0,NA,NA,NA,NA,NA,NA,"Diver"
"MHI",2019,"Lanai","LAN_SOUTH","OUSP",4,1952,0,0,0,0,0,0,0,0,0,0,NA,NA,NA,NA,NA,NA,"Diver"
"MHI",2019,"Lanai","LAN_SOUTH","OXSP",4,1952,0,0,0,0,0,0,0,0,0,0,NA,NA,NA,NA,NA,NA,"Diver"
"MHI",2019,"Lanai","LAN_SOUTH","PACS",4,1952,0,0,0,0,0,0,0,0,0,0,NA,NA,NA,NA,NA,NA,"Diver"
"MHI",2019,"Lanai","LAN_SOUTH","PALS",4,1952,0,0,0,0,0,0,0,0,0,0,NA,NA,NA,NA,NA,NA,"Diver"
"MHI",2019,"Lanai","LAN_SOUTH","PARA",4,1952,0,0,0,0,0,0,0,0,0,0,NA,NA,NA,NA,NA,NA,"Diver"
"MHI",2019,"Lanai","LAN_SOUTH","PAVS",4,1952,0.175,0.110754136830805,0.0833333333333332,0.0832479070337561,44.3333333333333,15.7661953770295,0,0,22.5333333333333,6.78003991557798,0,0,0,0,38.0952380952381,32.9576239099968,"Diver"
"MHI",2019,"Lanai","LAN_SOUTH","PESP",4,1952,0,0,0,0,0,0,0,0,0,0,NA,NA,NA,NA,NA,NA,"Diver"
"MHI",2019,"Lanai","LAN_SOUTH","PHSP",4,1952,0,0,0,0,0,0,0,0,0,0,NA,NA,NA,NA,NA,NA,"Diver"
"MHI",2019,"Lanai","LAN_SOUTH","PLER",4,1952,0,0,0,0,0,0,0,0,0,0,NA,NA,NA,NA,NA,NA,"Diver"
"MHI",2019,"Lanai","LAN_SOUTH","PLES",4,1952,0,0,0,0,0,0,0,0,0,0,NA,NA,NA,NA,NA,NA,"Diver"
"MHI",2019,"Lanai","LAN_SOUTH","PLSP",4,1952,0,0,0,0,0,0,0,0,0,0,NA,NA,NA,NA,NA,NA,"Diver"
"MHI",2019,"Lanai","LAN_SOUTH","POCS",4,1952,1.4375,0.715556802594365,3.1875,1.20846937338745,6.55351307189542,3.83309293436134,0.486742424242425,0.257541154216042,13.1796642899584,3.19566188039333,8.69565217391304,3.00917435699971,0,0,0,0,"Diver"
"MHI",2019,"Lanai","LAN_SOUTH","PODS",4,1952,0,0,0,0,0,0,0,0,0,0,NA,NA,NA,NA,NA,NA,"Diver"
"MHI",2019,"Lanai","LAN_SOUTH","POLY",4,1952,0,0,0,0,0,0,0,0,0,0,NA,NA,NA,NA,NA,NA,"Diver"
"MHI",2019,"Lanai","LAN_SOUTH","POSP",4,1952,8.8875,2.19304520130165,21.3333333333333,7.62373890952034,30.8705012272633,6.46438890932006,0.116764903542062,0.0531040814572856,15.8468249786317,2.65057879661252,1.12517580872011,0.397401921236498,0.421940928270042,0.269042372516785,0.281293952180028,0.28100559336289,"Diver"
"MHI",2019,"Lanai","LAN_SOUTH","PSSP",4,1952,0.0125,0.0124871860550634,0,0,20,0,0,0,7,0,0,0,0,0,0,0,"Diver"
"MHI",2019,"Lanai","LAN_SOUTH","SASP",4,1952,0,0,0,0,0,0,0,0,0,0,NA,NA,NA,NA,NA,NA,"Diver"
"MHI",2019,"Lanai","LAN_SOUTH","SCAS",4,1952,0,0,0,0,0,0,0,0,0,0,NA,NA,NA,NA,NA,NA,"Diver"
"MHI",2019,"Lanai","LAN_SOUTH","SCSP",4,1952,0,0,0,0,0,0,0,0,0,0,NA,NA,NA,NA,NA,NA,"Diver"
"MHI",2019,"Lanai","LAN_SOUTH","SESP",4,1952,0,0,0,0,0,0,0,0,0,0,NA,NA,NA,NA,NA,NA,"Diver"
"MHI",2019,"Lanai","LAN_SOUTH","SSSS",4,1952,13.7625,1.51108710624408,32.7708333333333,11.5807072290167,23.496930958553,5.20931280004319,0.180454794525957,0.0783685825869858,15.9134459428482,3.00481670452281,7.08446866485014,2.98364429504791,0.272479564032698,0.17374125963618,0.544959128065395,0.181466827321539,"Diver"
"MHI",2019,"Lanai","LAN_SOUTH","STSP",4,1952,0,0,0,0,0,0,0,0,0,0,NA,NA,NA,NA,NA,NA,"Diver"
"MHI",2019,"Lanai","LAN_SOUTH","STYP",4,1952,0,0,0,0,0,0,0,0,0,0,NA,NA,NA,NA,NA,NA,"Diver"
"MHI",2019,"Lanai","LAN_SOUTH","STYS",4,1952,0,0,0,0,0,0,0,0,0,0,NA,NA,NA,NA,NA,NA,"Diver"
"MHI",2019,"Lanai","LAN_SOUTH","SYSP",4,1952,0,0,0,0,0,0,0,0,0,0,NA,NA,NA,NA,NA,NA,"Diver"
"MHI",2019,"Lanai","LAN_SOUTH","TUBA",4,1952,0,0,0,0,0,0,0,0,0,0,NA,NA,NA,NA,NA,NA,"Diver"
"MHI",2019,"Lanai","LAN_SOUTH","TURS",4,1952,0,0,0,0,0,0,0,0,0,0,NA,NA,NA,NA,NA,NA,"Diver"
"MHI",2019,"Lanai","LAN_SOUTH","UNKN",4,1952,0,0,0,0,0,0,0,0,0,0,NA,NA,NA,NA,NA,NA,"Diver"
"MHI",2019,"Maui","MAI_KIHEI","ACAS",2,2600,0,0,0,0,0,0,0,0,0,0,NA,NA,NA,NA,NA,NA,"Diver"
"MHI",2019,"Maui","MAI_KIHEI","ACSP",2,2600,0,0,0,0,0,0,0,0,0,0,NA,NA,NA,NA,NA,NA,"Diver"
"MHI",2019,"Maui","MAI_KIHEI","ALSP",2,2600,0,0,0,0,0,0,0,0,0,0,NA,NA,NA,NA,NA,NA,"Diver"
"MHI",2019,"Maui","MAI_KIHEI","ASSP",2,2600,0,0,0,0,0,0,0,0,0,0,NA,NA,NA,NA,NA,NA,"Diver"
"MHI",2019,"Maui","MAI_KIHEI","ASTS",2,2600,0,0,0,0,0,0,0,0,0,0,NA,NA,NA,NA,NA,NA,"Diver"
"MHI",2019,"Maui","MAI_KIHEI","BASP",2,2600,0,0,0,0,0,0,0,0,0,0,NA,NA,NA,NA,NA,NA,"Diver"
"MHI",2019,"Maui","MAI_KIHEI","CASP",2,2600,0,0,0,0,0,0,0,0,0,0,NA,NA,NA,NA,NA,NA,"Diver"
"MHI",2019,"Maui","MAI_KIHEI","COES",2,2600,0,0,0,0,0,0,0,0,0,0,NA,NA,NA,NA,NA,NA,"Diver"
"MHI",2019,"Maui","MAI_KIHEI","COSP",2,2600,0,0,0,0,0,0,0,0,0,0,NA,NA,NA,NA,NA,NA,"Diver"
"MHI",2019,"Maui","MAI_KIHEI","CTSP",2,2600,0,0,0,0,0,0,0,0,0,0,NA,NA,NA,NA,NA,NA,"Diver"
"MHI",2019,"Maui","MAI_KIHEI","CYPS",2,2600,0,0,0,0,0,0,0,0,0,0,NA,NA,NA,NA,NA,NA,"Diver"
"MHI",2019,"Maui","MAI_KIHEI","CYSP",2,2600,0,0,0,0,0,0,0,0,0,0,NA,NA,NA,NA,NA,NA,"Diver"
"MHI",2019,"Maui","MAI_KIHEI","DIAS",2,2600,0,0,0,0,0,0,0,0,0,0,NA,NA,NA,NA,NA,NA,"Diver"
"MHI",2019,"Maui","MAI_KIHEI","DISP",2,2600,0,0,0,0,0,0,0,0,0,0,NA,NA,NA,NA,NA,NA,"Diver"
"MHI",2019,"Maui","MAI_KIHEI","ECHL",2,2600,0,0,0,0,0,0,0,0,0,0,NA,NA,NA,NA,NA,NA,"Diver"
"MHI",2019,"Maui","MAI_KIHEI","ECHP",2,2600,0,0,0,0,0,0,0,0,0,0,NA,NA,NA,NA,NA,NA,"Diver"
"MHI",2019,"Maui","MAI_KIHEI","EUSP",2,2600,0,0,0,0,0,0,0,0,0,0,NA,NA,NA,NA,NA,NA,"Diver"
"MHI",2019,"Maui","MAI_KIHEI","FASP",2,2600,0,0,0,0,0,0,0,0,0,0,NA,NA,NA,NA,NA,NA,"Diver"
"MHI",2019,"Maui","MAI_KIHEI","FAVS",2,2600,0,0,0,0,0,0,0,0,0,0,NA,NA,NA,NA,NA,NA,"Diver"
"MHI",2019,"Maui","MAI_KIHEI","FUSP",2,2600,0,0,0,0,0,0,0,0,0,0,NA,NA,NA,NA,NA,NA,"Diver"
"MHI",2019,"Maui","MAI_KIHEI","GARS",2,2600,0,0,0,0,0,0,0,0,0,0,NA,NA,NA,NA,NA,NA,"Diver"
"MHI",2019,"Maui","MAI_KIHEI","GASP",2,2600,0,0,0,0,0,0,0,0,0,0,NA,NA,NA,NA,NA,NA,"Diver"
"MHI",2019,"Maui","MAI_KIHEI","GONS",2,2600,0,0,0,0,0,0,0,0,0,0,NA,NA,NA,NA,NA,NA,"Diver"
"MHI",2019,"Maui","MAI_KIHEI","GOSP",2,2600,0,0,0,0,0,0,0,0,0,0,NA,NA,NA,NA,NA,NA,"Diver"
"MHI",2019,"Maui","MAI_KIHEI","HASP",2,2600,0,0,0,0,0,0,0,0,0,0,NA,NA,NA,NA,NA,NA,"Diver"
"MHI",2019,"Maui","MAI_KIHEI","HERS",2,2600,0,0,0,0,0,0,0,0,0,0,NA,NA,NA,NA,NA,NA,"Diver"
"MHI",2019,"Maui","MAI_KIHEI","HYSP",2,2600,0,0,0,0,0,0,0,0,0,0,NA,NA,NA,NA,NA,NA,"Diver"
"MHI",2019,"Maui","MAI_KIHEI","ISSP",2,2600,0,0,0,0,0,0,0,0,0,0,NA,NA,NA,NA,NA,NA,"Diver"
"MHI",2019,"Maui","MAI_KIHEI","LEPS",2,2600,0,0,0,0,0,0,0,0,0,0,NA,NA,NA,NA,NA,NA,"Diver"
"MHI",2019,"Maui","MAI_KIHEI","LEPT",2,2600,0.05,0.0499807655311213,0.25,0.249903827655607,50,0,0,0,15,0,0,0,0,0,0,0,"Diver"
"MHI",2019,"Maui","MAI_KIHEI","LESP",2,2600,0,0,0,0,0,0,0,0,0,0,NA,NA,NA,NA,NA,NA,"Diver"
"MHI",2019,"Maui","MAI_KIHEI","LOBS",2,2600,0,0,0,0,0,0,0,0,0,0,NA,NA,NA,NA,NA,NA,"Diver"
"MHI",2019,"Maui","MAI_KIHEI","MESP",2,2600,0,0,0,0,0,0,0,0,0,0,NA,NA,NA,NA,NA,NA,"Diver"
"MHI",2019,"Maui","MAI_KIHEI","MONS",2,2600,0,0,0,0,0,0,0,0,0,0,NA,NA,NA,NA,NA,NA,"Diver"
"MHI",2019,"Maui","MAI_KIHEI","MOSP",2,2600,2.15,2.14917291783822,10.875,10.8708165030189,7.88372093023256,0,0,0,10.2093023255814,0,18.6046511627907,0,0,0,0,0,"Diver"
"MHI",2019,"Maui","MAI_KIHEI","MYSP",2,2600,0,0,0,0,0,0,0,0,0,0,NA,NA,NA,NA,NA,NA,"Diver"
"MHI",2019,"Maui","MAI_KIHEI","OUSP",2,2600,0,0,0,0,0,0,0,0,0,0,NA,NA,NA,NA,NA,NA,"Diver"
"MHI",2019,"Maui","MAI_KIHEI","OXSP",2,2600,0,0,0,0,0,0,0,0,0,0,NA,NA,NA,NA,NA,NA,"Diver"
"MHI",2019,"Maui","MAI_KIHEI","PACS",2,2600,0,0,0,0,0,0,0,0,0,0,NA,NA,NA,NA,NA,NA,"Diver"
"MHI",2019,"Maui","MAI_KIHEI","PALS",2,2600,0,0,0,0,0,0,0,0,0,0,NA,NA,NA,NA,NA,NA,"Diver"
"MHI",2019,"Maui","MAI_KIHEI","PARA",2,2600,0,0,0,0,0,0,0,0,0,0,NA,NA,NA,NA,NA,NA,"Diver"
"MHI",2019,"Maui","MAI_KIHEI","PAVS",2,2600,0,0,0,0,0,0,0,0,0,0,NA,NA,NA,NA,NA,NA,"Diver"
"MHI",2019,"Maui","MAI_KIHEI","PESP",2,2600,0,0,0,0,0,0,0,0,0,0,NA,NA,NA,NA,NA,NA,"Diver"
"MHI",2019,"Maui","MAI_KIHEI","PHSP",2,2600,0,0,0,0,0,0,0,0,0,0,NA,NA,NA,NA,NA,NA,"Diver"
"MHI",2019,"Maui","MAI_KIHEI","PLER",2,2600,0,0,0,0,0,0,0,0,0,0,NA,NA,NA,NA,NA,NA,"Diver"
"MHI",2019,"Maui","MAI_KIHEI","PLES",2,2600,0,0,0,0,0,0,0,0,0,0,NA,NA,NA,NA,NA,NA,"Diver"
"MHI",2019,"Maui","MAI_KIHEI","PLSP",2,2600,0,0,0,0,0,0,0,0,0,0,NA,NA,NA,NA,NA,NA,"Diver"
"MHI",2019,"Maui","MAI_KIHEI","POCS",2,2600,0.25,0.149942296593364,0.875,0.124951913827803,1.875,1.87427870741705,1.25,1.24951913827803,9.875,2.87389401803947,0,0,0,0,0,0,"Diver"
"MHI",2019,"Maui","MAI_KIHEI","PODS",2,2600,0,0,0,0,0,0,0,0,0,0,NA,NA,NA,NA,NA,NA,"Diver"
"MHI",2019,"Maui","MAI_KIHEI","POLY",2,2600,0,0,0,0,0,0,0,0,0,0,NA,NA,NA,NA,NA,NA,"Diver"
"MHI",2019,"Maui","MAI_KIHEI","POSP",2,2600,5.65,5.54786497395446,1.25,0.999615310622426,12.5892857142857,9.58559681793289,0,0,14.5446428571429,7.54174051317812,0,0,0,0,2.65486725663717,2.65384595740467,"Diver"
"MHI",2019,"Maui","MAI_KIHEI","PSSP",2,2600,0,0,0,0,0,0,0,0,0,0,NA,NA,NA,NA,NA,NA,"Diver"
"MHI",2019,"Maui","MAI_KIHEI","SASP",2,2600,0,0,0,0,0,0,0,0,0,0,NA,NA,NA,NA,NA,NA,"Diver"
"MHI",2019,"Maui","MAI_KIHEI","SCAS",2,2600,0,0,0,0,0,0,0,0,0,0,NA,NA,NA,NA,NA,NA,"Diver"
"MHI",2019,"Maui","MAI_KIHEI","SCSP",2,2600,0,0,0,0,0,0,0,0,0,0,NA,NA,NA,NA,NA,NA,"Diver"
"MHI",2019,"Maui","MAI_KIHEI","SESP",2,2600,0,0,0,0,0,0,0,0,0,0,NA,NA,NA,NA,NA,NA,"Diver"
"MHI",2019,"Maui","MAI_KIHEI","SSSS",2,2600,8.1,7.89696095391717,13.25,11.9953837274691,9.775,8.27181669540058,0.03125,0.0312379784569508,12.809375,5.80714019514716,2.46913580246914,2.46818595215414,0,0,1.85185185185185,1.8511394641156,"Diver"
"MHI",2019,"Maui","MAI_KIHEI","STSP",2,2600,0,0,0,0,0,0,0,0,0,0,NA,NA,NA,NA,NA,NA,"Diver"
"MHI",2019,"Maui","MAI_KIHEI","STYP",2,2600,0,0,0,0,0,0,0,0,0,0,NA,NA,NA,NA,NA,NA,"Diver"
"MHI",2019,"Maui","MAI_KIHEI","STYS",2,2600,0,0,0,0,0,0,0,0,0,0,NA,NA,NA,NA,NA,NA,"Diver"
"MHI",2019,"Maui","MAI_KIHEI","SYSP",2,2600,0,0,0,0,0,0,0,0,0,0,NA,NA,NA,NA,NA,NA,"Diver"
"MHI",2019,"Maui","MAI_KIHEI","TUBA",2,2600,0,0,0,0,0,0,0,0,0,0,NA,NA,NA,NA,NA,NA,"Diver"
"MHI",2019,"Maui","MAI_KIHEI","TURS",2,2600,0,0,0,0,0,0,0,0,0,0,NA,NA,NA,NA,NA,NA,"Diver"
"MHI",2019,"Maui","MAI_KIHEI","UNKN",2,2600,0,0,0,0,0,0,0,0,0,0,NA,NA,NA,NA,NA,NA,"Diver"
"MHI",2019,"Maui","MAI_LAHAINA","ACAS",9,4842,0,0,0,0,0,0,0,0,0,0,NA,NA,NA,NA,NA,NA,"Diver"
"MHI",2019,"Maui","MAI_LAHAINA","ACSP",9,4842,0,0,0,0,0,0,0,0,0,0,NA,NA,NA,NA,NA,NA,"Diver"
"MHI",2019,"Maui","MAI_LAHAINA","ALSP",9,4842,0,0,0,0,0,0,0,0,0,0,NA,NA,NA,NA,NA,NA,"Diver"
"MHI",2019,"Maui","MAI_LAHAINA","ASSP",9,4842,0,0,0,0,0,0,0,0,0,0,NA,NA,NA,NA,NA,NA,"Diver"
"MHI",2019,"Maui","MAI_LAHAINA","ASTS",9,4842,0,0,0,0,0,0,0,0,0,0,NA,NA,NA,NA,NA,NA,"Diver"
"MHI",2019,"Maui","MAI_LAHAINA","BASP",9,4842,0,0,0,0,0,0,0,0,0,0,NA,NA,NA,NA,NA,NA,"Diver"
"MHI",2019,"Maui","MAI_LAHAINA","CASP",9,4842,0,0,0,0,0,0,0,0,0,0,NA,NA,NA,NA,NA,NA,"Diver"
"MHI",2019,"Maui","MAI_LAHAINA","COES",9,4842,0,0,0,0,0,0,0,0,0,0,NA,NA,NA,NA,NA,NA,"Diver"
"MHI",2019,"Maui","MAI_LAHAINA","COSP",9,4842,0,0,0,0,0,0,0,0,0,0,NA,NA,NA,NA,NA,NA,"Diver"
"MHI",2019,"Maui","MAI_LAHAINA","CTSP",9,4842,0,0,0,0,0,0,0,0,0,0,NA,NA,NA,NA,NA,NA,"Diver"
"MHI",2019,"Maui","MAI_LAHAINA","CYPS",9,4842,0,0,0,0,0,0,0,0,0,0,NA,NA,NA,NA,NA,NA,"Diver"
"MHI",2019,"Maui","MAI_LAHAINA","CYSP",9,4842,0,0,0,0,0,0,0,0,0,0,NA,NA,NA,NA,NA,NA,"Diver"
"MHI",2019,"Maui","MAI_LAHAINA","DIAS",9,4842,0,0,0,0,0,0,0,0,0,0,NA,NA,NA,NA,NA,NA,"Diver"
"MHI",2019,"Maui","MAI_LAHAINA","DISP",9,4842,0,0,0,0,0,0,0,0,0,0,NA,NA,NA,NA,NA,NA,"Diver"
"MHI",2019,"Maui","MAI_LAHAINA","ECHL",9,4842,0,0,0,0,0,0,0,0,0,0,NA,NA,NA,NA,NA,NA,"Diver"
"MHI",2019,"Maui","MAI_LAHAINA","ECHP",9,4842,0,0,0,0,0,0,0,0,0,0,NA,NA,NA,NA,NA,NA,"Diver"
"MHI",2019,"Maui","MAI_LAHAINA","EUSP",9,4842,0,0,0,0,0,0,0,0,0,0,NA,NA,NA,NA,NA,NA,"Diver"
"MHI",2019,"Maui","MAI_LAHAINA","FASP",9,4842,0,0,0,0,0,0,0,0,0,0,NA,NA,NA,NA,NA,NA,"Diver"
"MHI",2019,"Maui","MAI_LAHAINA","FAVS",9,4842,0,0,0,0,0,0,0,0,0,0,NA,NA,NA,NA,NA,NA,"Diver"
"MHI",2019,"Maui","MAI_LAHAINA","FUSP",9,4842,0,0,0,0,0,0,0,0,0,0,NA,NA,NA,NA,NA,NA,"Diver"
"MHI",2019,"Maui","MAI_LAHAINA","GARS",9,4842,0,0,0,0,0,0,0,0,0,0,NA,NA,NA,NA,NA,NA,"Diver"
"MHI",2019,"Maui","MAI_LAHAINA","GASP",9,4842,0,0,0,0,0,0,0,0,0,0,NA,NA,NA,NA,NA,NA,"Diver"
"MHI",2019,"Maui","MAI_LAHAINA","GONS",9,4842,0,0,0,0,0,0,0,0,0,0,NA,NA,NA,NA,NA,NA,"Diver"
"MHI",2019,"Maui","MAI_LAHAINA","GOSP",9,4842,0,0,0,0,0,0,0,0,0,0,NA,NA,NA,NA,NA,NA,"Diver"
"MHI",2019,"Maui","MAI_LAHAINA","HASP",9,4842,0,0,0,0,0,0,0,0,0,0,NA,NA,NA,NA,NA,NA,"Diver"
"MHI",2019,"Maui","MAI_LAHAINA","HERS",9,4842,0,0,0,0,0,0,0,0,0,0,NA,NA,NA,NA,NA,NA,"Diver"
"MHI",2019,"Maui","MAI_LAHAINA","HYSP",9,4842,0,0,0,0,0,0,0,0,0,0,NA,NA,NA,NA,NA,NA,"Diver"
"MHI",2019,"Maui","MAI_LAHAINA","ISSP",9,4842,0,0,0,0,0,0,0,0,0,0,NA,NA,NA,NA,NA,NA,"Diver"
"MHI",2019,"Maui","MAI_LAHAINA","LEPS",9,4842,0,0,0,0,0,0,0,0,0,0,NA,NA,NA,NA,NA,NA,"Diver"
"MHI",2019,"Maui","MAI_LAHAINA","LEPT",9,4842,0.0362866584056175,0.0362556662362003,0,0,9.67644224149801,0,0,0,8.58784248932949,0,0,0,0,0,0,0,"Diver"
"MHI",2019,"Maui","MAI_LAHAINA","LESP",9,4842,0,0,0,0,0,0,0,0,0,0,NA,NA,NA,NA,NA,NA,"Diver"
"MHI",2019,"Maui","MAI_LAHAINA","LOBS",9,4842,0,0,0,0,0,0,0,0,0,0,NA,NA,NA,NA,NA,NA,"Diver"
"MHI",2019,"Maui","MAI_LAHAINA","MESP",9,4842,0,0,0,0,0,0,0,0,0,0,NA,NA,NA,NA,NA,NA,"Diver"
"MHI",2019,"Maui","MAI_LAHAINA","MONS",9,4842,0,0,0,0,0,0,0,0,0,0,NA,NA,NA,NA,NA,NA,"Diver"
"MHI",2019,"Maui","MAI_LAHAINA","MOSP",9,4842,4.07741715120897,1.47601583400449,2.08359149111937,1.23850338510022,6.5436756352738,0.993484283375974,0.052561206969642,0.0325629379863778,15.7446023070184,2.62256973676559,4.24372960394758,1.27351690133947,0.296647420494764,0.296394056103632,0,0,"Diver"
"MHI",2019,"Maui","MAI_LAHAINA","MYSP",9,4842,0,0,0,0,0,0,0,0,0,0,NA,NA,NA,NA,NA,NA,"Diver"
"MHI",2019,"Maui","MAI_LAHAINA","OUSP",9,4842,0,0,0,0,0,0,0,0,0,0,NA,NA,NA,NA,NA,NA,"Diver"
"MHI",2019,"Maui","MAI_LAHAINA","OXSP",9,4842,0,0,0,0,0,0,0,0,0,0,NA,NA,NA,NA,NA,NA,"Diver"
"MHI",2019,"Maui","MAI_LAHAINA","PACS",9,4842,0,0,0,0,0,0,0,0,0,0,NA,NA,NA,NA,NA,NA,"Diver"
"MHI",2019,"Maui","MAI_LAHAINA","PALS",9,4842,0,0,0,0,0,0,0,0,0,0,NA,NA,NA,NA,NA,NA,"Diver"
"MHI",2019,"Maui","MAI_LAHAINA","PARA",9,4842,0,0,0,0,0,0,0,0,0,0,NA,NA,NA,NA,NA,NA,"Diver"
"MHI",2019,"Maui","MAI_LAHAINA","PAVS",9,4842,0.150440589288173,0.0998762830826714,0.211253384735417,0.168694041117927,8.95047386295836,2.5902299080975,0,0,10.9176620083528,0.407036128415322,0,0,0,0,0,0,"Diver"
"MHI",2019,"Maui","MAI_LAHAINA","PESP",9,4842,0,0,0,0,0,0,0,0,0,0,NA,NA,NA,NA,NA,NA,"Diver"
"MHI",2019,"Maui","MAI_LAHAINA","PHSP",9,4842,0,0,0,0,0,0,0,0,0,0,NA,NA,NA,NA,NA,NA,"Diver"
"MHI",2019,"Maui","MAI_LAHAINA","PLER",9,4842,0,0,0,0,0,0,0,0,0,0,NA,NA,NA,NA,NA,NA,"Diver"
"MHI",2019,"Maui","MAI_LAHAINA","PLES",9,4842,0,0,0,0,0,0,0,0,0,0,NA,NA,NA,NA,NA,NA,"Diver"
"MHI",2019,"Maui","MAI_LAHAINA","PLSP",9,4842,0,0,0,0,0,0,0,0,0,0,NA,NA,NA,NA,NA,NA,"Diver"
"MHI",2019,"Maui","MAI_LAHAINA","POCS",9,4842,0.0704736334847859,0.0261518897293534,0.202085914911194,0.0839300744569706,4.23344348065538,2.63391308757228,0,0,11.9982789480931,1.54293786682568,0,0,0,0,0,0,"Diver"
"MHI",2019,"Maui","MAI_LAHAINA","PODS",9,4842,0,0,0,0,0,0,0,0,0,0,NA,NA,NA,NA,NA,NA,"Diver"
"MHI",2019,"Maui","MAI_LAHAINA","POLY",9,4842,0,0,0,0,0,0,0,0,0,0,NA,NA,NA,NA,NA,NA,"Diver"
"MHI",2019,"Maui","MAI_LAHAINA","POSP",9,4842,3.08489816668255,0.80982329785385,3.33530106934692,0.941320146837696,26.1683186365842,1.17098934100676,0.0370272024547118,0.0369955777920411,23.7039646208778,4.11924327416685,0,0,0.78417841681172,0.783508655764133,1.17626762521758,0,"Diver"
"MHI",2019,"Maui","MAI_LAHAINA","PSSP",9,4842,0,0,0,0,0,0,0,0,0,0,NA,NA,NA,NA,NA,NA,"Diver"
"MHI",2019,"Maui","MAI_LAHAINA","SASP",9,4842,0,0,0,0,0,0,0,0,0,0,NA,NA,NA,NA,NA,NA,"Diver"
"MHI",2019,"Maui","MAI_LAHAINA","SCAS",9,4842,0,0,0,0,0,0,0,0,0,0,NA,NA,NA,NA,NA,NA,"Diver"
"MHI",2019,"Maui","MAI_LAHAINA","SCSP",9,4842,0,0,0,0,0,0,0,0,0,0,NA,NA,NA,NA,NA,NA,"Diver"
"MHI",2019,"Maui","MAI_LAHAINA","SESP",9,4842,0,0,0,0,0,0,0,0,0,0,NA,NA,NA,NA,NA,NA,"Diver"
"MHI",2019,"Maui","MAI_LAHAINA","SSSS",9,4842,7.4195161990701,1.85323919722882,5.9113314057552,1.87671882566774,20.0026383017262,2.61040943352939,0.0307178949700869,0.0201496758153435,20.1174503295826,1.95692465444233,2.15252219241837,0.6644618306524,0.489070411493479,0.488652700033788,0.48907041149348,0,"Diver"
"MHI",2019,"Maui","MAI_LAHAINA","STSP",9,4842,0,0,0,0,0,0,0,0,0,0,NA,NA,NA,NA,NA,NA,"Diver"
"MHI",2019,"Maui","MAI_LAHAINA","STYP",9,4842,0,0,0,0,0,0,0,0,0,0,NA,NA,NA,NA,NA,NA,"Diver"
"MHI",2019,"Maui","MAI_LAHAINA","STYS",9,4842,0,0,0,0,0,0,0,0,0,0,NA,NA,NA,NA,NA,NA,"Diver"
"MHI",2019,"Maui","MAI_LAHAINA","SYSP",9,4842,0,0,0,0,0,0,0,0,0,0,NA,NA,NA,NA,NA,NA,"Diver"
"MHI",2019,"Maui","MAI_LAHAINA","TUBA",9,4842,0,0,0,0,0,0,0,0,0,0,NA,NA,NA,NA,NA,NA,"Diver"
"MHI",2019,"Maui","MAI_LAHAINA","TURS",9,4842,0,0,0,0,0,0,0,0,0,0,NA,NA,NA,NA,NA,NA,"Diver"
"MHI",2019,"Maui","MAI_LAHAINA","UNKN",9,4842,0,0,0.0790995456422966,0.0790306735825312,0,0,0,0,0,0,NA,NA,NA,NA,NA,NA,"Diver"
"MHI",2019,"Maui","MAI_NE","ACAS",2,3707,0,0,0,0,0,0,0,0,0,0,NA,NA,NA,NA,NA,NA,"Diver"
"MHI",2019,"Maui","MAI_NE","ACSP",2,3707,0,0,0,0,0,0,0,0,0,0,NA,NA,NA,NA,NA,NA,"Diver"
"MHI",2019,"Maui","MAI_NE","ALSP",2,3707,0,0,0,0,0,0,0,0,0,0,NA,NA,NA,NA,NA,NA,"Diver"
"MHI",2019,"Maui","MAI_NE","ASSP",2,3707,0,0,0,0,0,0,0,0,0,0,NA,NA,NA,NA,NA,NA,"Diver"
"MHI",2019,"Maui","MAI_NE","ASTS",2,3707,0,0,0,0,0,0,0,0,0,0,NA,NA,NA,NA,NA,NA,"Diver"
"MHI",2019,"Maui","MAI_NE","BASP",2,3707,0,0,0,0,0,0,0,0,0,0,NA,NA,NA,NA,NA,NA,"Diver"
"MHI",2019,"Maui","MAI_NE","CASP",2,3707,0,0,0,0,0,0,0,0,0,0,NA,NA,NA,NA,NA,NA,"Diver"
"MHI",2019,"Maui","MAI_NE","COES",2,3707,0,0,0,0,0,0,0,0,0,0,NA,NA,NA,NA,NA,NA,"Diver"
"MHI",2019,"Maui","MAI_NE","COSP",2,3707,0,0,0,0,0,0,0,0,0,0,NA,NA,NA,NA,NA,NA,"Diver"
"MHI",2019,"Maui","MAI_NE","CTSP",2,3707,0,0,0,0,0,0,0,0,0,0,NA,NA,NA,NA,NA,NA,"Diver"
"MHI",2019,"Maui","MAI_NE","CYPS",2,3707,0,0,0,0,0,0,0,0,0,0,NA,NA,NA,NA,NA,NA,"Diver"
"MHI",2019,"Maui","MAI_NE","CYSP",2,3707,0,0,0,0,0,0,0,0,0,0,NA,NA,NA,NA,NA,NA,"Diver"
"MHI",2019,"Maui","MAI_NE","DIAS",2,3707,0,0,0,0,0,0,0,0,0,0,NA,NA,NA,NA,NA,NA,"Diver"
"MHI",2019,"Maui","MAI_NE","DISP",2,3707,0,0,0,0,0,0,0,0,0,0,NA,NA,NA,NA,NA,NA,"Diver"
"MHI",2019,"Maui","MAI_NE","ECHL",2,3707,0,0,0,0,0,0,0,0,0,0,NA,NA,NA,NA,NA,NA,"Diver"
"MHI",2019,"Maui","MAI_NE","ECHP",2,3707,0,0,0,0,0,0,0,0,0,0,NA,NA,NA,NA,NA,NA,"Diver"
"MHI",2019,"Maui","MAI_NE","EUSP",2,3707,0,0,0,0,0,0,0,0,0,0,NA,NA,NA,NA,NA,NA,"Diver"
"MHI",2019,"Maui","MAI_NE","FASP",2,3707,0,0,0,0,0,0,0,0,0,0,NA,NA,NA,NA,NA,NA,"Diver"
"MHI",2019,"Maui","MAI_NE","FAVS",2,3707,0,0,0,0,0,0,0,0,0,0,NA,NA,NA,NA,NA,NA,"Diver"
"MHI",2019,"Maui","MAI_NE","FUSP",2,3707,0,0,0,0,0,0,0,0,0,0,NA,NA,NA,NA,NA,NA,"Diver"
"MHI",2019,"Maui","MAI_NE","GARS",2,3707,0,0,0,0,0,0,0,0,0,0,NA,NA,NA,NA,NA,NA,"Diver"
"MHI",2019,"Maui","MAI_NE","GASP",2,3707,0,0,0,0,0,0,0,0,0,0,NA,NA,NA,NA,NA,NA,"Diver"
"MHI",2019,"Maui","MAI_NE","GONS",2,3707,0,0,0,0,0,0,0,0,0,0,NA,NA,NA,NA,NA,NA,"Diver"
"MHI",2019,"Maui","MAI_NE","GOSP",2,3707,0,0,0,0,0,0,0,0,0,0,NA,NA,NA,NA,NA,NA,"Diver"
"MHI",2019,"Maui","MAI_NE","HASP",2,3707,0,0,0,0,0,0,0,0,0,0,NA,NA,NA,NA,NA,NA,"Diver"
"MHI",2019,"Maui","MAI_NE","HERS",2,3707,0,0,0,0,0,0,0,0,0,0,NA,NA,NA,NA,NA,NA,"Diver"
"MHI",2019,"Maui","MAI_NE","HYSP",2,3707,0,0,0,0,0,0,0,0,0,0,NA,NA,NA,NA,NA,NA,"Diver"
"MHI",2019,"Maui","MAI_NE","ISSP",2,3707,0,0,0,0,0,0,0,0,0,0,NA,NA,NA,NA,NA,NA,"Diver"
"MHI",2019,"Maui","MAI_NE","LEPS",2,3707,0,0,0,0,0,0,0,0,0,0,NA,NA,NA,NA,NA,NA,"Diver"
"MHI",2019,"Maui","MAI_NE","LEPT",2,3707,0,0,0,0,0,0,0,0,0,0,NA,NA,NA,NA,NA,NA,"Diver"
"MHI",2019,"Maui","MAI_NE","LESP",2,3707,0,0,0,0,0,0,0,0,0,0,NA,NA,NA,NA,NA,NA,"Diver"
"MHI",2019,"Maui","MAI_NE","LOBS",2,3707,0,0,0,0,0,0,0,0,0,0,NA,NA,NA,NA,NA,NA,"Diver"
"MHI",2019,"Maui","MAI_NE","MESP",2,3707,0,0,0,0,0,0,0,0,0,0,NA,NA,NA,NA,NA,NA,"Diver"
"MHI",2019,"Maui","MAI_NE","MONS",2,3707,0,0,0,0,0,0,0,0,0,0,NA,NA,NA,NA,NA,NA,"Diver"
"MHI",2019,"Maui","MAI_NE","MOSP",2,3707,0.3,0.19994604073826,3.79166666666667,0.458209676691847,9.5,4.49878591661085,0,0,8.4,1.39962228516782,50,16.6621700615217,0,0,0,0,"Diver"
"MHI",2019,"Maui","MAI_NE","MYSP",2,3707,0,0,0,0,0,0,0,0,0,0,NA,NA,NA,NA,NA,NA,"Diver"
"MHI",2019,"Maui","MAI_NE","OUSP",2,3707,0,0,0,0,0,0,0,0,0,0,NA,NA,NA,NA,NA,NA,"Diver"
"MHI",2019,"Maui","MAI_NE","OXSP",2,3707,0,0,0,0,0,0,0,0,0,0,NA,NA,NA,NA,NA,NA,"Diver"
"MHI",2019,"Maui","MAI_NE","PACS",2,3707,0,0,0,0,0,0,0,0,0,0,NA,NA,NA,NA,NA,NA,"Diver"
"MHI",2019,"Maui","MAI_NE","PALS",2,3707,0,0,0,0,0,0,0,0,0,0,NA,NA,NA,NA,NA,NA,"Diver"
"MHI",2019,"Maui","MAI_NE","PARA",2,3707,0,0,0,0,0,0,0,0,0,0,NA,NA,NA,NA,NA,NA,"Diver"
"MHI",2019,"Maui","MAI_NE","PAVS",2,3707,0.05,0.049986510184565,0,0,0,0,0,0,10,0,0,0,0,0,0,0,"Diver"
"MHI",2019,"Maui","MAI_NE","PESP",2,3707,0,0,0,0,0,0,0,0,0,0,NA,NA,NA,NA,NA,NA,"Diver"
"MHI",2019,"Maui","MAI_NE","PHSP",2,3707,0,0,0,0,0,0,0,0,0,0,NA,NA,NA,NA,NA,NA,"Diver"
"MHI",2019,"Maui","MAI_NE","PLER",2,3707,0,0,0,0,0,0,0,0,0,0,NA,NA,NA,NA,NA,NA,"Diver"
"MHI",2019,"Maui","MAI_NE","PLES",2,3707,0,0,0,0,0,0,0,0,0,0,NA,NA,NA,NA,NA,NA,"Diver"
"MHI",2019,"Maui","MAI_NE","PLSP",2,3707,0,0,0,0,0,0,0,0,0,0,NA,NA,NA,NA,NA,NA,"Diver"
"MHI",2019,"Maui","MAI_NE","POCS",2,3707,0.9,0.899757183322169,0.333333333333333,0.333243401230433,4.72222222222222,0,0.555555555555556,0,12.5555555555556,0,22.2222222222222,0,0,0,0,0,"Diver"
"MHI",2019,"Maui","MAI_NE","PODS",2,3707,0,0,0,0,0,0,0,0,0,0,NA,NA,NA,NA,NA,NA,"Diver"
"MHI",2019,"Maui","MAI_NE","POLY",2,3707,0,0,0,0,0,0,0,0,0,0,NA,NA,NA,NA,NA,NA,"Diver"
"MHI",2019,"Maui","MAI_NE","POSP",2,3707,1.6,0.49986510184565,2.16666666666667,1.16635190430651,21.3636363636363,8.63403357733396,0.238095238095238,0.238031000878881,14.4372294372294,0.800649730228962,3.125,3.12415688653531,0,0,3.125,3.12415688653531,"Diver"
"MHI",2019,"Maui","MAI_NE","PSSP",2,3707,0,0,0,0,0,0,0,0,0,0,NA,NA,NA,NA,NA,NA,"Diver"
"MHI",2019,"Maui","MAI_NE","SASP",2,3707,0,0,0,0,0,0,0,0,0,0,NA,NA,NA,NA,NA,NA,"Diver"
"MHI",2019,"Maui","MAI_NE","SCAS",2,3707,0,0,0,0,0,0,0,0,0,0,NA,NA,NA,NA,NA,NA,"Diver"
"MHI",2019,"Maui","MAI_NE","SCSP",2,3707,0,0,0,0,0,0,0,0,0,0,NA,NA,NA,NA,NA,NA,"Diver"
"MHI",2019,"Maui","MAI_NE","SESP",2,3707,0,0,0,0,0,0,0,0,0,0,NA,NA,NA,NA,NA,NA,"Diver"
"MHI",2019,"Maui","MAI_NE","SSSS",2,3707,2.85,0.149959530553695,6.29166666666667,1.0413856288451,16.7962962962963,9.12716648925573,0.351851851851852,0.0185135222905796,13.4018518518519,0.635013814566846,10.5263157894737,3.50782527610982,0,0,1.75438596491228,1.75391263805491,"Diver"
"MHI",2019,"Maui","MAI_NE","STSP",2,3707,0,0,0,0,0,0,0,0,0,0,NA,NA,NA,NA,NA,NA,"Diver"
"MHI",2019,"Maui","MAI_NE","STYP",2,3707,0,0,0,0,0,0,0,0,0,0,NA,NA,NA,NA,NA,NA,"Diver"
"MHI",2019,"Maui","MAI_NE","STYS",2,3707,0,0,0,0,0,0,0,0,0,0,NA,NA,NA,NA,NA,NA,"Diver"
"MHI",2019,"Maui","MAI_NE","SYSP",2,3707,0,0,0,0,0,0,0,0,0,0,NA,NA,NA,NA,NA,NA,"Diver"
"MHI",2019,"Maui","MAI_NE","TUBA",2,3707,0,0,0,0,0,0,0,0,0,0,NA,NA,NA,NA,NA,NA,"Diver"
"MHI",2019,"Maui","MAI_NE","TURS",2,3707,0,0,0,0,0,0,0,0,0,0,NA,NA,NA,NA,NA,NA,"Diver"
"MHI",2019,"Maui","MAI_NE","UNKN",2,3707,0,0,0,0,0,0,0,0,0,0,NA,NA,NA,NA,NA,NA,"Diver"
"MHI",2019,"Molokai","MOL_PALI","ACAS",2,1872,0,0,0,0,0,0,0,0,0,0,NA,NA,NA,NA,NA,NA,"Diver"
"MHI",2019,"Molokai","MOL_PALI","ACSP",2,1872,0,0,0,0,0,0,0,0,0,0,NA,NA,NA,NA,NA,NA,"Diver"
"MHI",2019,"Molokai","MOL_PALI","ALSP",2,1872,0,0,0,0,0,0,0,0,0,0,NA,NA,NA,NA,NA,NA,"Diver"
"MHI",2019,"Molokai","MOL_PALI","ASSP",2,1872,0,0,0,0,0,0,0,0,0,0,NA,NA,NA,NA,NA,NA,"Diver"
"MHI",2019,"Molokai","MOL_PALI","ASTS",2,1872,0,0,0,0,0,0,0,0,0,0,NA,NA,NA,NA,NA,NA,"Diver"
"MHI",2019,"Molokai","MOL_PALI","BASP",2,1872,0,0,0,0,0,0,0,0,0,0,NA,NA,NA,NA,NA,NA,"Diver"
"MHI",2019,"Molokai","MOL_PALI","CASP",2,1872,0,0,0,0,0,0,0,0,0,0,NA,NA,NA,NA,NA,NA,"Diver"
"MHI",2019,"Molokai","MOL_PALI","COES",2,1872,0,0,0,0,0,0,0,0,0,0,NA,NA,NA,NA,NA,NA,"Diver"
"MHI",2019,"Molokai","MOL_PALI","COSP",2,1872,0,0,0,0,0,0,0,0,0,0,NA,NA,NA,NA,NA,NA,"Diver"
"MHI",2019,"Molokai","MOL_PALI","CTSP",2,1872,0,0,0,0,0,0,0,0,0,0,NA,NA,NA,NA,NA,NA,"Diver"
"MHI",2019,"Molokai","MOL_PALI","CYPS",2,1872,0,0,0,0,0,0,0,0,0,0,NA,NA,NA,NA,NA,NA,"Diver"
"MHI",2019,"Molokai","MOL_PALI","CYSP",2,1872,0,0,0,0,0,0,0,0,0,0,NA,NA,NA,NA,NA,NA,"Diver"
"MHI",2019,"Molokai","MOL_PALI","DIAS",2,1872,0,0,0,0,0,0,0,0,0,0,NA,NA,NA,NA,NA,NA,"Diver"
"MHI",2019,"Molokai","MOL_PALI","DISP",2,1872,0,0,0,0,0,0,0,0,0,0,NA,NA,NA,NA,NA,NA,"Diver"
"MHI",2019,"Molokai","MOL_PALI","ECHL",2,1872,0,0,0,0,0,0,0,0,0,0,NA,NA,NA,NA,NA,NA,"Diver"
"MHI",2019,"Molokai","MOL_PALI","ECHP",2,1872,0,0,0,0,0,0,0,0,0,0,NA,NA,NA,NA,NA,NA,"Diver"
"MHI",2019,"Molokai","MOL_PALI","EUSP",2,1872,0,0,0,0,0,0,0,0,0,0,NA,NA,NA,NA,NA,NA,"Diver"
"MHI",2019,"Molokai","MOL_PALI","FASP",2,1872,0,0,0,0,0,0,0,0,0,0,NA,NA,NA,NA,NA,NA,"Diver"
"MHI",2019,"Molokai","MOL_PALI","FAVS",2,1872,0,0,0,0,0,0,0,0,0,0,NA,NA,NA,NA,NA,NA,"Diver"
"MHI",2019,"Molokai","MOL_PALI","FUSP",2,1872,0,0,0,0,0,0,0,0,0,0,NA,NA,NA,NA,NA,NA,"Diver"
"MHI",2019,"Molokai","MOL_PALI","GARS",2,1872,0,0,0,0,0,0,0,0,0,0,NA,NA,NA,NA,NA,NA,"Diver"
"MHI",2019,"Molokai","MOL_PALI","GASP",2,1872,0,0,0,0,0,0,0,0,0,0,NA,NA,NA,NA,NA,NA,"Diver"
"MHI",2019,"Molokai","MOL_PALI","GONS",2,1872,0,0,0,0,0,0,0,0,0,0,NA,NA,NA,NA,NA,NA,"Diver"
"MHI",2019,"Molokai","MOL_PALI","GOSP",2,1872,0,0,0,0,0,0,0,0,0,0,NA,NA,NA,NA,NA,NA,"Diver"
"MHI",2019,"Molokai","MOL_PALI","HASP",2,1872,0,0,0,0,0,0,0,0,0,0,NA,NA,NA,NA,NA,NA,"Diver"
"MHI",2019,"Molokai","MOL_PALI","HERS",2,1872,0,0,0,0,0,0,0,0,0,0,NA,NA,NA,NA,NA,NA,"Diver"
"MHI",2019,"Molokai","MOL_PALI","HYSP",2,1872,0,0,0,0,0,0,0,0,0,0,NA,NA,NA,NA,NA,NA,"Diver"
"MHI",2019,"Molokai","MOL_PALI","ISSP",2,1872,0,0,0,0,0,0,0,0,0,0,NA,NA,NA,NA,NA,NA,"Diver"
"MHI",2019,"Molokai","MOL_PALI","LEPS",2,1872,0,0,0,0,0,0,0,0,0,0,NA,NA,NA,NA,NA,NA,"Diver"
"MHI",2019,"Molokai","MOL_PALI","LEPT",2,1872,0,0,0,0,0,0,0,0,0,0,NA,NA,NA,NA,NA,NA,"Diver"
"MHI",2019,"Molokai","MOL_PALI","LESP",2,1872,0,0,0,0,0,0,0,0,0,0,NA,NA,NA,NA,NA,NA,"Diver"
"MHI",2019,"Molokai","MOL_PALI","LOBS",2,1872,0,0,0,0,0,0,0,0,0,0,NA,NA,NA,NA,NA,NA,"Diver"
"MHI",2019,"Molokai","MOL_PALI","MESP",2,1872,0,0,0,0,0,0,0,0,0,0,NA,NA,NA,NA,NA,NA,"Diver"
"MHI",2019,"Molokai","MOL_PALI","MONS",2,1872,0,0,0,0,0,0,0,0,0,0,NA,NA,NA,NA,NA,NA,"Diver"
"MHI",2019,"Molokai","MOL_PALI","MOSP",2,1872,0,0,0.958333333333333,0.291510820186575,0,0,0,0,0,0,NA,NA,NA,NA,NA,NA,"Diver"
"MHI",2019,"Molokai","MOL_PALI","MYSP",2,1872,0,0,0,0,0,0,0,0,0,0,NA,NA,NA,NA,NA,NA,"Diver"
"MHI",2019,"Molokai","MOL_PALI","OUSP",2,1872,0,0,0,0,0,0,0,0,0,0,NA,NA,NA,NA,NA,NA,"Diver"
"MHI",2019,"Molokai","MOL_PALI","OXSP",2,1872,0,0,0,0,0,0,0,0,0,0,NA,NA,NA,NA,NA,NA,"Diver"
"MHI",2019,"Molokai","MOL_PALI","PACS",2,1872,0,0,0,0,0,0,0,0,0,0,NA,NA,NA,NA,NA,NA,"Diver"
"MHI",2019,"Molokai","MOL_PALI","PALS",2,1872,0,0,0,0,0,0,0,0,0,0,NA,NA,NA,NA,NA,NA,"Diver"
"MHI",2019,"Molokai","MOL_PALI","PARA",2,1872,0,0,0,0,0,0,0,0,0,0,NA,NA,NA,NA,NA,NA,"Diver"
"MHI",2019,"Molokai","MOL_PALI","PAVS",2,1872,0,0,0,0,0,0,0,0,0,0,NA,NA,NA,NA,NA,NA,"Diver"
"MHI",2019,"Molokai","MOL_PALI","PESP",2,1872,0,0,0,0,0,0,0,0,0,0,NA,NA,NA,NA,NA,NA,"Diver"
"MHI",2019,"Molokai","MOL_PALI","PHSP",2,1872,0,0,0,0,0,0,0,0,0,0,NA,NA,NA,NA,NA,NA,"Diver"
"MHI",2019,"Molokai","MOL_PALI","PLER",2,1872,0,0,0,0,0,0,0,0,0,0,NA,NA,NA,NA,NA,NA,"Diver"
"MHI",2019,"Molokai","MOL_PALI","PLES",2,1872,0,0,0,0,0,0,0,0,0,0,NA,NA,NA,NA,NA,NA,"Diver"
"MHI",2019,"Molokai","MOL_PALI","PLSP",2,1872,0,0,0,0,0,0,0,0,0,0,NA,NA,NA,NA,NA,NA,"Diver"
"MHI",2019,"Molokai","MOL_PALI","POCS",2,1872,1.05,0.749599251908337,1.29166666666666,1.04111007209491,1.66666666666666,1.66577611535186,0.416666666666667,0.416444028837965,17.625,6.03843841815053,9.52380952380952,9.51872065915349,0,0,0,0,"Diver"
"MHI",2019,"Molokai","MOL_PALI","PODS",2,1872,0,0,0,0,0,0,0,0,0,0,NA,NA,NA,NA,NA,NA,"Diver"
"MHI",2019,"Molokai","MOL_PALI","POLY",2,1872,0,0,0,0,0,0,0,0,0,0,NA,NA,NA,NA,NA,NA,"Diver"
"MHI",2019,"Molokai","MOL_PALI","POSP",2,1872,1.45,0.0499732834605558,5,1.99893133842223,27.2619047619048,10.5895767333083,0.178571428571428,0.178476012359128,11.3880952380952,0.25462577763235,10.3448275862069,10.3393000263219,0,0,6.89655172413793,0,"Diver"
"MHI",2019,"Molokai","MOL_PALI","PSSP",2,1872,0,0,0,0,0,0,0,0,0,0,NA,NA,NA,NA,NA,NA,"Diver"
"MHI",2019,"Molokai","MOL_PALI","SASP",2,1872,0,0,0,0,0,0,0,0,0,0,NA,NA,NA,NA,NA,NA,"Diver"
"MHI",2019,"Molokai","MOL_PALI","SCAS",2,1872,0,0,0,0,0,0,0,0,0,0,NA,NA,NA,NA,NA,NA,"Diver"
"MHI",2019,"Molokai","MOL_PALI","SCSP",2,1872,0,0,0,0,0,0,0,0,0,0,NA,NA,NA,NA,NA,NA,"Diver"
"MHI",2019,"Molokai","MOL_PALI","SESP",2,1872,0,0,0,0,0,0,0,0,0,0,NA,NA,NA,NA,NA,NA,"Diver"
"MHI",2019,"Molokai","MOL_PALI","SSSS",2,1872,2.5,0.799572535368893,7.25,2.74853059033057,19.6702317290552,12.0880117033822,0.374331550802139,0.0801710429848489,12.5717468805704,1.19232156705797,10,9.99465669211116,0,0,4,0,"Diver"
"MHI",2019,"Molokai","MOL_PALI","STSP",2,1872,0,0,0,0,0,0,0,0,0,0,NA,NA,NA,NA,NA,NA,"Diver"
"MHI",2019,"Molokai","MOL_PALI","STYP",2,1872,0,0,0,0,0,0,0,0,0,0,NA,NA,NA,NA,NA,NA,"Diver"
"MHI",2019,"Molokai","MOL_PALI","STYS",2,1872,0,0,0,0,0,0,0,0,0,0,NA,NA,NA,NA,NA,NA,"Diver"
"MHI",2019,"Molokai","MOL_PALI","SYSP",2,1872,0,0,0,0,0,0,0,0,0,0,NA,NA,NA,NA,NA,NA,"Diver"
"MHI",2019,"Molokai","MOL_PALI","TUBA",2,1872,0,0,0,0,0,0,0,0,0,0,NA,NA,NA,NA,NA,NA,"Diver"
"MHI",2019,"Molokai","MOL_PALI","TURS",2,1872,0,0,0,0,0,0,0,0,0,0,NA,NA,NA,NA,NA,NA,"Diver"
"MHI",2019,"Molokai","MOL_PALI","UNKN",2,1872,0,0,0,0,0,0,0,0,0,0,NA,NA,NA,NA,NA,NA,"Diver"
"MHI",2019,"Molokai","MOL_SOUTH","ACAS",7,24517,0,0,0,0,0,0,0,0,0,0,NA,NA,NA,NA,NA,NA,"Diver"
"MHI",2019,"Molokai","MOL_SOUTH","ACSP",7,24517,0,0,0,0,0,0,0,0,0,0,NA,NA,NA,NA,NA,NA,"Diver"
"MHI",2019,"Molokai","MOL_SOUTH","ALSP",7,24517,0,0,0,0,0,0,0,0,0,0,NA,NA,NA,NA,NA,NA,"Diver"
"MHI",2019,"Molokai","MOL_SOUTH","ASSP",7,24517,0,0,0,0,0,0,0,0,0,0,NA,NA,NA,NA,NA,NA,"Diver"
"MHI",2019,"Molokai","MOL_SOUTH","ASTS",7,24517,0,0,0,0,0,0,0,0,0,0,NA,NA,NA,NA,NA,NA,"Diver"
"MHI",2019,"Molokai","MOL_SOUTH","BASP",7,24517,0,0,0,0,0,0,0,0,0,0,NA,NA,NA,NA,NA,NA,"Diver"
"MHI",2019,"Molokai","MOL_SOUTH","CASP",7,24517,0,0,0,0,0,0,0,0,0,0,NA,NA,NA,NA,NA,NA,"Diver"
"MHI",2019,"Molokai","MOL_SOUTH","COES",7,24517,0,0,0,0,0,0,0,0,0,0,NA,NA,NA,NA,NA,NA,"Diver"
"MHI",2019,"Molokai","MOL_SOUTH","COSP",7,24517,0,0,0,0,0,0,0,0,0,0,NA,NA,NA,NA,NA,NA,"Diver"
"MHI",2019,"Molokai","MOL_SOUTH","CTSP",7,24517,0,0,0,0,0,0,0,0,0,0,NA,NA,NA,NA,NA,NA,"Diver"
"MHI",2019,"Molokai","MOL_SOUTH","CYPS",7,24517,0,0,0,0,0,0,0,0,0,0,NA,NA,NA,NA,NA,NA,"Diver"
"MHI",2019,"Molokai","MOL_SOUTH","CYSP",7,24517,0,0,0,0,0,0,0,0,0,0,NA,NA,NA,NA,NA,NA,"Diver"
"MHI",2019,"Molokai","MOL_SOUTH","DIAS",7,24517,0,0,0,0,0,0,0,0,0,0,NA,NA,NA,NA,NA,NA,"Diver"
"MHI",2019,"Molokai","MOL_SOUTH","DISP",7,24517,0,0,0,0,0,0,0,0,0,0,NA,NA,NA,NA,NA,NA,"Diver"
"MHI",2019,"Molokai","MOL_SOUTH","ECHL",7,24517,0,0,0,0,0,0,0,0,0,0,NA,NA,NA,NA,NA,NA,"Diver"
"MHI",2019,"Molokai","MOL_SOUTH","ECHP",7,24517,0,0,0,0,0,0,0,0,0,0,NA,NA,NA,NA,NA,NA,"Diver"
"MHI",2019,"Molokai","MOL_SOUTH","EUSP",7,24517,0,0,0,0,0,0,0,0,0,0,NA,NA,NA,NA,NA,NA,"Diver"
"MHI",2019,"Molokai","MOL_SOUTH","FASP",7,24517,0,0,0,0,0,0,0,0,0,0,NA,NA,NA,NA,NA,NA,"Diver"
"MHI",2019,"Molokai","MOL_SOUTH","FAVS",7,24517,0,0,0,0,0,0,0,0,0,0,NA,NA,NA,NA,NA,NA,"Diver"
"MHI",2019,"Molokai","MOL_SOUTH","FUSP",7,24517,0,0,0,0,0,0,0,0,0,0,NA,NA,NA,NA,NA,NA,"Diver"
"MHI",2019,"Molokai","MOL_SOUTH","GARS",7,24517,0,0,0,0,0,0,0,0,0,0,NA,NA,NA,NA,NA,NA,"Diver"
"MHI",2019,"Molokai","MOL_SOUTH","GASP",7,24517,0,0,0,0,0,0,0,0,0,0,NA,NA,NA,NA,NA,NA,"Diver"
"MHI",2019,"Molokai","MOL_SOUTH","GONS",7,24517,0,0,0,0,0,0,0,0,0,0,NA,NA,NA,NA,NA,NA,"Diver"
"MHI",2019,"Molokai","MOL_SOUTH","GOSP",7,24517,0,0,0,0,0,0,0,0,0,0,NA,NA,NA,NA,NA,NA,"Diver"
"MHI",2019,"Molokai","MOL_SOUTH","HASP",7,24517,0,0,0,0,0,0,0,0,0,0,NA,NA,NA,NA,NA,NA,"Diver"
"MHI",2019,"Molokai","MOL_SOUTH","HERS",7,24517,0,0,0,0,0,0,0,0,0,0,NA,NA,NA,NA,NA,NA,"Diver"
"MHI",2019,"Molokai","MOL_SOUTH","HYSP",7,24517,0,0,0,0,0,0,0,0,0,0,NA,NA,NA,NA,NA,NA,"Diver"
"MHI",2019,"Molokai","MOL_SOUTH","ISSP",7,24517,0,0,0,0,0,0,0,0,0,0,NA,NA,NA,NA,NA,NA,"Diver"
"MHI",2019,"Molokai","MOL_SOUTH","LEPS",7,24517,0,0,0,0,0,0,0,0,0,0,NA,NA,NA,NA,NA,NA,"Diver"
"MHI",2019,"Molokai","MOL_SOUTH","LEPT",7,24517,0,0,0,0,0,0,0,0,0,0,NA,NA,NA,NA,NA,NA,"Diver"
"MHI",2019,"Molokai","MOL_SOUTH","LESP",7,24517,0,0,0,0,0,0,0,0,0,0,NA,NA,NA,NA,NA,NA,"Diver"
"MHI",2019,"Molokai","MOL_SOUTH","LOBS",7,24517,0,0,0,0,0,0,0,0,0,0,NA,NA,NA,NA,NA,NA,"Diver"
"MHI",2019,"Molokai","MOL_SOUTH","MESP",7,24517,0,0,0,0,0,0,0,0,0,0,NA,NA,NA,NA,NA,NA,"Diver"
"MHI",2019,"Molokai","MOL_SOUTH","MONS",7,24517,0,0,0,0,0,0,0,0,0,0,NA,NA,NA,NA,NA,NA,"Diver"
"MHI",2019,"Molokai","MOL_SOUTH","MOSP",7,24517,4.26745644367703,1.81937871921724,1.06489941219925,0.384455701679727,15.3433779959431,0.850275492080033,0.064683992458709,0.027790289732601,22.7000004644676,0.743117415711038,3.17854074712947,1.00869539873827,0,0,0,0,"Diver"
"MHI",2019,"Molokai","MOL_SOUTH","MYSP",7,24517,0,0,0,0,0,0,0,0,0,0,NA,NA,NA,NA,NA,NA,"Diver"
"MHI",2019,"Molokai","MOL_SOUTH","OUSP",7,24517,0,0,0,0,0,0,0,0,0,0,NA,NA,NA,NA,NA,NA,"Diver"
"MHI",2019,"Molokai","MOL_SOUTH","OXSP",7,24517,0,0,0,0,0,0,0,0,0,0,NA,NA,NA,NA,NA,NA,"Diver"
"MHI",2019,"Molokai","MOL_SOUTH","PACS",7,24517,0,0,0,0,0,0,0,0,0,0,NA,NA,NA,NA,NA,NA,"Diver"
"MHI",2019,"Molokai","MOL_SOUTH","PALS",7,24517,0,0,0,0,0,0,0,0,0,0,NA,NA,NA,NA,NA,NA,"Diver"
"MHI",2019,"Molokai","MOL_SOUTH","PARA",7,24517,0,0,0,0,0,0,0,0,0,0,NA,NA,NA,NA,NA,NA,"Diver"
"MHI",2019,"Molokai","MOL_SOUTH","PAVS",7,24517,0.160623996350227,0.0994312170593959,0,0,1.71630569264864,0.582809837052542,0,0,4.45126964056686,1.42507216629493,0,0,0,0,0,0,"Diver"
"MHI",2019,"Molokai","MOL_SOUTH","PESP",7,24517,0,0,0,0,0,0,0,0,0,0,NA,NA,NA,NA,NA,NA,"Diver"
"MHI",2019,"Molokai","MOL_SOUTH","PHSP",7,24517,0,0,0,0,0,0,0,0,0,0,NA,NA,NA,NA,NA,NA,"Diver"
"MHI",2019,"Molokai","MOL_SOUTH","PLER",7,24517,0,0,0,0,0,0,0,0,0,0,NA,NA,NA,NA,NA,NA,"Diver"
"MHI",2019,"Molokai","MOL_SOUTH","PLES",7,24517,0,0,0,0,0,0,0,0,0,0,NA,NA,NA,NA,NA,NA,"Diver"
"MHI",2019,"Molokai","MOL_SOUTH","PLSP",7,24517,0,0,0,0,0,0,0,0,0,0,NA,NA,NA,NA,NA,NA,"Diver"
"MHI",2019,"Molokai","MOL_SOUTH","POCS",7,24517,0.684905258482776,0.588286240041047,0.115076613506274,0.115069815301365,8.10239923558444,3.36743542041702,0,0,10.2468905129454,0.322507095440429,0,0,0,0,0,0,"Diver"
"MHI",2019,"Molokai","MOL_SOUTH","PODS",7,24517,0,0,0,0,0,0,0,0,0,0,NA,NA,NA,NA,NA,NA,"Diver"
"MHI",2019,"Molokai","MOL_SOUTH","POLY",7,24517,0,0,0,0,0,0,0,0,0,0,NA,NA,NA,NA,NA,NA,"Diver"
"MHI",2019,"Molokai","MOL_SOUTH","POSP",7,24517,2.19739802616174,0.693134699042805,1.01148182893503,0.645182116543896,16.8899464514348,7.58234103845387,0.0175830376201547,0.0175779383776616,23.0575615091275,10.1335111255606,0,0,0.320070144977194,0.319977321693795,1.60035072488597,1.59988660846897,"Diver"
"MHI",2019,"Molokai","MOL_SOUTH","PSSP",7,24517,0,0,0,0,0,0,0,0,0,0,NA,NA,NA,NA,NA,NA,"Diver"
"MHI",2019,"Molokai","MOL_SOUTH","SASP",7,24517,0,0,0,0,0,0,0,0,0,0,NA,NA,NA,NA,NA,NA,"Diver"
"MHI",2019,"Molokai","MOL_SOUTH","SCAS",7,24517,0,0,0,0,0,0,0,0,0,0,NA,NA,NA,NA,NA,NA,"Diver"
"MHI",2019,"Molokai","MOL_SOUTH","SCSP",7,24517,0,0,0,0,0,0,0,0,0,0,NA,NA,NA,NA,NA,NA,"Diver"
"MHI",2019,"Molokai","MOL_SOUTH","SESP",7,24517,0,0,0,0,0,0,0,0,0,0,NA,NA,NA,NA,NA,NA,"Diver"
"MHI",2019,"Molokai","MOL_SOUTH","SSSS",7,24517,7.31038372467177,1.94448405181993,2.19145785464054,0.52166603717953,17.1297520164134,2.83453064326171,0.0513544705807638,0.0196841639727626,22.0860547474145,1.05054686316274,1.16943917477823,0.691624099307086,0.096208561861473,0.0961806604944031,0.481042809307365,0.480903302472016,"Diver"
"MHI",2019,"Molokai","MOL_SOUTH","STSP",7,24517,0,0,0,0,0,0,0,0,0,0,NA,NA,NA,NA,NA,NA,"Diver"
"MHI",2019,"Molokai","MOL_SOUTH","STYP",7,24517,0,0,0,0,0,0,0,0,0,0,NA,NA,NA,NA,NA,NA,"Diver"
"MHI",2019,"Molokai","MOL_SOUTH","STYS",7,24517,0,0,0,0,0,0,0,0,0,0,NA,NA,NA,NA,NA,NA,"Diver"
"MHI",2019,"Molokai","MOL_SOUTH","SYSP",7,24517,0,0,0,0,0,0,0,0,0,0,NA,NA,NA,NA,NA,NA,"Diver"
"MHI",2019,"Molokai","MOL_SOUTH","TUBA",7,24517,0,0,0,0,0,0,0,0,0,0,NA,NA,NA,NA,NA,NA,"Diver"
"MHI",2019,"Molokai","MOL_SOUTH","TURS",7,24517,0,0,0,0,0,0,0,0,0,0,NA,NA,NA,NA,NA,NA,"Diver"
"MHI",2019,"Molokai","MOL_SOUTH","UNKN",7,24517,0,0,0,0,0,0,0,0,0,0,NA,NA,NA,NA,NA,NA,"Diver"
"MHI",2019,"Molokai","MOL_WEST","ACAS",2,5537,0,0,0,0,0,0,0,0,0,0,NA,NA,NA,NA,NA,NA,"Diver"
"MHI",2019,"Molokai","MOL_WEST","ACSP",2,5537,0,0,0,0,0,0,0,0,0,0,NA,NA,NA,NA,NA,NA,"Diver"
"MHI",2019,"Molokai","MOL_WEST","ALSP",2,5537,0,0,0,0,0,0,0,0,0,0,NA,NA,NA,NA,NA,NA,"Diver"
"MHI",2019,"Molokai","MOL_WEST","ASSP",2,5537,0,0,0,0,0,0,0,0,0,0,NA,NA,NA,NA,NA,NA,"Diver"
"MHI",2019,"Molokai","MOL_WEST","ASTS",2,5537,0,0,0,0,0,0,0,0,0,0,NA,NA,NA,NA,NA,NA,"Diver"
"MHI",2019,"Molokai","MOL_WEST","BASP",2,5537,0,0,0,0,0,0,0,0,0,0,NA,NA,NA,NA,NA,NA,"Diver"
"MHI",2019,"Molokai","MOL_WEST","CASP",2,5537,0,0,0,0,0,0,0,0,0,0,NA,NA,NA,NA,NA,NA,"Diver"
"MHI",2019,"Molokai","MOL_WEST","COES",2,5537,0,0,0,0,0,0,0,0,0,0,NA,NA,NA,NA,NA,NA,"Diver"
"MHI",2019,"Molokai","MOL_WEST","COSP",2,5537,0,0,0,0,0,0,0,0,0,0,NA,NA,NA,NA,NA,NA,"Diver"
"MHI",2019,"Molokai","MOL_WEST","CTSP",2,5537,0,0,0,0,0,0,0,0,0,0,NA,NA,NA,NA,NA,NA,"Diver"
"MHI",2019,"Molokai","MOL_WEST","CYPS",2,5537,0,0,0,0,0,0,0,0,0,0,NA,NA,NA,NA,NA,NA,"Diver"
"MHI",2019,"Molokai","MOL_WEST","CYSP",2,5537,0,0,0,0,0,0,0,0,0,0,NA,NA,NA,NA,NA,NA,"Diver"
"MHI",2019,"Molokai","MOL_WEST","DIAS",2,5537,0,0,0,0,0,0,0,0,0,0,NA,NA,NA,NA,NA,NA,"Diver"
"MHI",2019,"Molokai","MOL_WEST","DISP",2,5537,0,0,0,0,0,0,0,0,0,0,NA,NA,NA,NA,NA,NA,"Diver"
"MHI",2019,"Molokai","MOL_WEST","ECHL",2,5537,0,0,0,0,0,0,0,0,0,0,NA,NA,NA,NA,NA,NA,"Diver"
"MHI",2019,"Molokai","MOL_WEST","ECHP",2,5537,0,0,0,0,0,0,0,0,0,0,NA,NA,NA,NA,NA,NA,"Diver"
"MHI",2019,"Molokai","MOL_WEST","EUSP",2,5537,0,0,0,0,0,0,0,0,0,0,NA,NA,NA,NA,NA,NA,"Diver"
"MHI",2019,"Molokai","MOL_WEST","FASP",2,5537,0,0,0,0,0,0,0,0,0,0,NA,NA,NA,NA,NA,NA,"Diver"
"MHI",2019,"Molokai","MOL_WEST","FAVS",2,5537,0,0,0,0,0,0,0,0,0,0,NA,NA,NA,NA,NA,NA,"Diver"
"MHI",2019,"Molokai","MOL_WEST","FUSP",2,5537,0,0,0,0,0,0,0,0,0,0,NA,NA,NA,NA,NA,NA,"Diver"
"MHI",2019,"Molokai","MOL_WEST","GARS",2,5537,0,0,0,0,0,0,0,0,0,0,NA,NA,NA,NA,NA,NA,"Diver"
"MHI",2019,"Molokai","MOL_WEST","GASP",2,5537,0,0,0,0,0,0,0,0,0,0,NA,NA,NA,NA,NA,NA,"Diver"
"MHI",2019,"Molokai","MOL_WEST","GONS",2,5537,0,0,0,0,0,0,0,0,0,0,NA,NA,NA,NA,NA,NA,"Diver"
"MHI",2019,"Molokai","MOL_WEST","GOSP",2,5537,0,0,0,0,0,0,0,0,0,0,NA,NA,NA,NA,NA,NA,"Diver"
"MHI",2019,"Molokai","MOL_WEST","HASP",2,5537,0,0,0,0,0,0,0,0,0,0,NA,NA,NA,NA,NA,NA,"Diver"
"MHI",2019,"Molokai","MOL_WEST","HERS",2,5537,0,0,0,0,0,0,0,0,0,0,NA,NA,NA,NA,NA,NA,"Diver"
"MHI",2019,"Molokai","MOL_WEST","HYSP",2,5537,0,0,0,0,0,0,0,0,0,0,NA,NA,NA,NA,NA,NA,"Diver"
"MHI",2019,"Molokai","MOL_WEST","ISSP",2,5537,0,0,0,0,0,0,0,0,0,0,NA,NA,NA,NA,NA,NA,"Diver"
"MHI",2019,"Molokai","MOL_WEST","LEPS",2,5537,0,0,0,0,0,0,0,0,0,0,NA,NA,NA,NA,NA,NA,"Diver"
"MHI",2019,"Molokai","MOL_WEST","LEPT",2,5537,0,0,0,0,0,0,0,0,0,0,NA,NA,NA,NA,NA,NA,"Diver"
"MHI",2019,"Molokai","MOL_WEST","LESP",2,5537,0,0,0,0,0,0,0,0,0,0,NA,NA,NA,NA,NA,NA,"Diver"
"MHI",2019,"Molokai","MOL_WEST","LOBS",2,5537,0,0,0,0,0,0,0,0,0,0,NA,NA,NA,NA,NA,NA,"Diver"
"MHI",2019,"Molokai","MOL_WEST","MESP",2,5537,0,0,0,0,0,0,0,0,0,0,NA,NA,NA,NA,NA,NA,"Diver"
"MHI",2019,"Molokai","MOL_WEST","MONS",2,5537,0,0,0,0,0,0,0,0,0,0,NA,NA,NA,NA,NA,NA,"Diver"
"MHI",2019,"Molokai","MOL_WEST","MOSP",2,5537,0.183333333333334,0.0833182817061298,1.83333333333333,1.16645594388582,15,14.9972907071033,0,0,10.25,3.74932267677584,36.3636363636362,36.3570683808565,0,0,0,0,"Diver"
"MHI",2019,"Molokai","MOL_WEST","MYSP",2,5537,0,0,0,0,0,0,0,0,0,0,NA,NA,NA,NA,NA,NA,"Diver"
"MHI",2019,"Molokai","MOL_WEST","OUSP",2,5537,0,0,0,0,0,0,0,0,0,0,NA,NA,NA,NA,NA,NA,"Diver"
"MHI",2019,"Molokai","MOL_WEST","OXSP",2,5537,0,0,0,0,0,0,0,0,0,0,NA,NA,NA,NA,NA,NA,"Diver"
"MHI",2019,"Molokai","MOL_WEST","PACS",2,5537,0,0,0,0,0,0,0,0,0,0,NA,NA,NA,NA,NA,NA,"Diver"
"MHI",2019,"Molokai","MOL_WEST","PALS",2,5537,0,0,0,0,0,0,0,0,0,0,NA,NA,NA,NA,NA,NA,"Diver"
"MHI",2019,"Molokai","MOL_WEST","PARA",2,5537,0,0,0,0,0,0,0,0,0,0,NA,NA,NA,NA,NA,NA,"Diver"
"MHI",2019,"Molokai","MOL_WEST","PAVS",2,5537,0,0,0,0,0,0,0,0,0,0,NA,NA,NA,NA,NA,NA,"Diver"
"MHI",2019,"Molokai","MOL_WEST","PESP",2,5537,0,0,0,0,0,0,0,0,0,0,NA,NA,NA,NA,NA,NA,"Diver"
"MHI",2019,"Molokai","MOL_WEST","PHSP",2,5537,0,0,0,0,0,0,0,0,0,0,NA,NA,NA,NA,NA,NA,"Diver"
"MHI",2019,"Molokai","MOL_WEST","PLER",2,5537,0,0,0,0,0,0,0,0,0,0,NA,NA,NA,NA,NA,NA,"Diver"
"MHI",2019,"Molokai","MOL_WEST","PLES",2,5537,0,0,0,0,0,0,0,0,0,0,NA,NA,NA,NA,NA,NA,"Diver"
"MHI",2019,"Molokai","MOL_WEST","PLSP",2,5537,0,0,0,0,0,0,0,0,0,0,NA,NA,NA,NA,NA,NA,"Diver"
"MHI",2019,"Molokai","MOL_WEST","POCS",2,5537,0.3,0.0999819380473556,1.83333333333333,1.49972907071033,12.0833333333333,4.58250549383715,2.08333333333333,0.416591408530647,24,6.99873566331489,83.3333333333333,49.9909690236778,22.2222222222222,22.2182084549679,0,0,"Diver"
"MHI",2019,"Molokai","MOL_WEST","PODS",2,5537,0,0,0,0,0,0,0,0,0,0,NA,NA,NA,NA,NA,NA,"Diver"
"MHI",2019,"Molokai","MOL_WEST","POLY",2,5537,0,0,0,0,0,0,0,0,0,0,NA,NA,NA,NA,NA,NA,"Diver"
"MHI",2019,"Molokai","MOL_WEST","POSP",2,5537,1.53333333333333,0.0666546253649022,8,7.99855504378845,29.1903409090909,7.62646317207811,0,0,11.6846590909091,1.50256946667758,0,0,0,0,3.26086956521739,3.26028058850072,"Diver"
"MHI",2019,"Molokai","MOL_WEST","PSSP",2,5537,0,0,0,0,0,0,0,0,0,0,NA,NA,NA,NA,NA,NA,"Diver"
"MHI",2019,"Molokai","MOL_WEST","SASP",2,5537,0,0,0,0,0,0,0,0,0,0,NA,NA,NA,NA,NA,NA,"Diver"
"MHI",2019,"Molokai","MOL_WEST","SCAS",2,5537,0,0,0,0,0,0,0,0,0,0,NA,NA,NA,NA,NA,NA,"Diver"
"MHI",2019,"Molokai","MOL_WEST","SCSP",2,5537,0,0,0,0,0,0,0,0,0,0,NA,NA,NA,NA,NA,NA,"Diver"
"MHI",2019,"Molokai","MOL_WEST","SESP",2,5537,0,0,0,0,0,0,0,0,0,0,NA,NA,NA,NA,NA,NA,"Diver"
"MHI",2019,"Molokai","MOL_WEST","SSSS",2,5537,2.01666666666666,0.11664559438858,11.6666666666667,10.6647400583846,24.4819078947368,3.95487764809029,0.287828947368421,0.0246665965577358,13.0526315789474,2.0522608336036,15.702479338843,10.7418611125258,3.30578512396694,3.30518803462332,2.47933884297521,2.4788910259675,"Diver"
"MHI",2019,"Molokai","MOL_WEST","STSP",2,5537,0,0,0,0,0,0,0,0,0,0,NA,NA,NA,NA,NA,NA,"Diver"
"MHI",2019,"Molokai","MOL_WEST","STYP",2,5537,0,0,0,0,0,0,0,0,0,0,NA,NA,NA,NA,NA,NA,"Diver"
"MHI",2019,"Molokai","MOL_WEST","STYS",2,5537,0,0,0,0,0,0,0,0,0,0,NA,NA,NA,NA,NA,NA,"Diver"
"MHI",2019,"Molokai","MOL_WEST","SYSP",2,5537,0,0,0,0,0,0,0,0,0,0,NA,NA,NA,NA,NA,NA,"Diver"
"MHI",2019,"Molokai","MOL_WEST","TUBA",2,5537,0,0,0,0,0,0,0,0,0,0,NA,NA,NA,NA,NA,NA,"Diver"
"MHI",2019,"Molokai","MOL_WEST","TURS",2,5537,0,0,0,0,0,0,0,0,0,0,NA,NA,NA,NA,NA,NA,"Diver"
"MHI",2019,"Molokai","MOL_WEST","UNKN",2,5537,0,0,0,0,0,0,0,0,0,0,NA,NA,NA,NA,NA,NA,"Diver"
"MHI",2019,"Oahu","OAH_NORTH","ACAS",3,4587,0,0,0,0,0,0,0,0,0,0,NA,NA,NA,NA,NA,NA,"Diver"
"MHI",2019,"Oahu","OAH_NORTH","ACSP",3,4587,0,0,0,0,0,0,0,0,0,0,NA,NA,NA,NA,NA,NA,"Diver"
"MHI",2019,"Oahu","OAH_NORTH","ALSP",3,4587,0,0,0,0,0,0,0,0,0,0,NA,NA,NA,NA,NA,NA,"Diver"
"MHI",2019,"Oahu","OAH_NORTH","ASSP",3,4587,0,0,0,0,0,0,0,0,0,0,NA,NA,NA,NA,NA,NA,"Diver"
"MHI",2019,"Oahu","OAH_NORTH","ASTS",3,4587,0,0,0,0,0,0,0,0,0,0,NA,NA,NA,NA,NA,NA,"Diver"
"MHI",2019,"Oahu","OAH_NORTH","BASP",3,4587,0,0,0,0,0,0,0,0,0,0,NA,NA,NA,NA,NA,NA,"Diver"
"MHI",2019,"Oahu","OAH_NORTH","CASP",3,4587,0,0,0,0,0,0,0,0,0,0,NA,NA,NA,NA,NA,NA,"Diver"
"MHI",2019,"Oahu","OAH_NORTH","COES",3,4587,0,0,0,0,0,0,0,0,0,0,NA,NA,NA,NA,NA,NA,"Diver"
"MHI",2019,"Oahu","OAH_NORTH","COSP",3,4587,0,0,0,0,0,0,0,0,0,0,NA,NA,NA,NA,NA,NA,"Diver"
"MHI",2019,"Oahu","OAH_NORTH","CTSP",3,4587,0,0,0,0,0,0,0,0,0,0,NA,NA,NA,NA,NA,NA,"Diver"
"MHI",2019,"Oahu","OAH_NORTH","CYPS",3,4587,0,0,0,0,0,0,0,0,0,0,NA,NA,NA,NA,NA,NA,"Diver"
"MHI",2019,"Oahu","OAH_NORTH","CYSP",3,4587,0,0,0.0833333333333333,0.0833060779496662,0,0,0,0,0,0,NA,NA,NA,NA,NA,NA,"Diver"
"MHI",2019,"Oahu","OAH_NORTH","DIAS",3,4587,0,0,0,0,0,0,0,0,0,0,NA,NA,NA,NA,NA,NA,"Diver"
"MHI",2019,"Oahu","OAH_NORTH","DISP",3,4587,0,0,0,0,0,0,0,0,0,0,NA,NA,NA,NA,NA,NA,"Diver"
"MHI",2019,"Oahu","OAH_NORTH","ECHL",3,4587,0,0,0,0,0,0,0,0,0,0,NA,NA,NA,NA,NA,NA,"Diver"
"MHI",2019,"Oahu","OAH_NORTH","ECHP",3,4587,0,0,0,0,0,0,0,0,0,0,NA,NA,NA,NA,NA,NA,"Diver"
"MHI",2019,"Oahu","OAH_NORTH","EUSP",3,4587,0,0,0,0,0,0,0,0,0,0,NA,NA,NA,NA,NA,NA,"Diver"
"MHI",2019,"Oahu","OAH_NORTH","FASP",3,4587,0,0,0,0,0,0,0,0,0,0,NA,NA,NA,NA,NA,NA,"Diver"
"MHI",2019,"Oahu","OAH_NORTH","FAVS",3,4587,0,0,0,0,0,0,0,0,0,0,NA,NA,NA,NA,NA,NA,"Diver"
"MHI",2019,"Oahu","OAH_NORTH","FUSP",3,4587,0,0,0,0,0,0,0,0,0,0,NA,NA,NA,NA,NA,NA,"Diver"
"MHI",2019,"Oahu","OAH_NORTH","GARS",3,4587,0,0,0,0,0,0,0,0,0,0,NA,NA,NA,NA,NA,NA,"Diver"
"MHI",2019,"Oahu","OAH_NORTH","GASP",3,4587,0,0,0,0,0,0,0,0,0,0,NA,NA,NA,NA,NA,NA,"Diver"
"MHI",2019,"Oahu","OAH_NORTH","GONS",3,4587,0,0,0,0,0,0,0,0,0,0,NA,NA,NA,NA,NA,NA,"Diver"
"MHI",2019,"Oahu","OAH_NORTH","GOSP",3,4587,0,0,0,0,0,0,0,0,0,0,NA,NA,NA,NA,NA,NA,"Diver"
"MHI",2019,"Oahu","OAH_NORTH","HASP",3,4587,0,0,0,0,0,0,0,0,0,0,NA,NA,NA,NA,NA,NA,"Diver"
"MHI",2019,"Oahu","OAH_NORTH","HERS",3,4587,0,0,0,0,0,0,0,0,0,0,NA,NA,NA,NA,NA,NA,"Diver"
"MHI",2019,"Oahu","OAH_NORTH","HYSP",3,4587,0,0,0,0,0,0,0,0,0,0,NA,NA,NA,NA,NA,NA,"Diver"
"MHI",2019,"Oahu","OAH_NORTH","ISSP",3,4587,0,0,0,0,0,0,0,0,0,0,NA,NA,NA,NA,NA,NA,"Diver"
"MHI",2019,"Oahu","OAH_NORTH","LEPS",3,4587,0,0,0,0,0,0,0,0,0,0,NA,NA,NA,NA,NA,NA,"Diver"
"MHI",2019,"Oahu","OAH_NORTH","LEPT",3,4587,0,0,0,0,0,0,0,0,0,0,NA,NA,NA,NA,NA,NA,"Diver"
"MHI",2019,"Oahu","OAH_NORTH","LESP",3,4587,0,0,0,0,0,0,0,0,0,0,NA,NA,NA,NA,NA,NA,"Diver"
"MHI",2019,"Oahu","OAH_NORTH","LOBS",3,4587,0,0,0,0,0,0,0,0,0,0,NA,NA,NA,NA,NA,NA,"Diver"
"MHI",2019,"Oahu","OAH_NORTH","MESP",3,4587,0,0,0,0,0,0,0,0,0,0,NA,NA,NA,NA,NA,NA,"Diver"
"MHI",2019,"Oahu","OAH_NORTH","MONS",3,4587,0,0,0,0,0,0,0,0,0,0,NA,NA,NA,NA,NA,NA,"Diver"
"MHI",2019,"Oahu","OAH_NORTH","MOSP",3,4587,1.78333333333333,0.559826761124145,4.26388888888889,0.721585387757097,34.0301226551227,1.68066087291003,0,0,8.59990981240981,0.640385489489061,40.1869158878505,22.0892037266323,0,0,0,0,"Diver"
"MHI",2019,"Oahu","OAH_NORTH","MYSP",3,4587,0,0,0,0,0,0,0,0,0,0,NA,NA,NA,NA,NA,NA,"Diver"
"MHI",2019,"Oahu","OAH_NORTH","OUSP",3,4587,0,0,0,0,0,0,0,0,0,0,NA,NA,NA,NA,NA,NA,"Diver"
"MHI",2019,"Oahu","OAH_NORTH","OXSP",3,4587,0,0,0,0,0,0,0,0,0,0,NA,NA,NA,NA,NA,NA,"Diver"
"MHI",2019,"Oahu","OAH_NORTH","PACS",3,4587,0,0,0,0,0,0,0,0,0,0,NA,NA,NA,NA,NA,NA,"Diver"
"MHI",2019,"Oahu","OAH_NORTH","PALS",3,4587,0,0,0,0,0,0,0,0,0,0,NA,NA,NA,NA,NA,NA,"Diver"
"MHI",2019,"Oahu","OAH_NORTH","PARA",3,4587,0,0,0,0,0,0,0,0,0,0,NA,NA,NA,NA,NA,NA,"Diver"
"MHI",2019,"Oahu","OAH_NORTH","PAVS",3,4587,0.0666666666666667,0.066644862359733,0.0972222222222223,0.050060722600887,75,0,0,0,7,0,0,0,0,0,0,0,"Diver"
"MHI",2019,"Oahu","OAH_NORTH","PESP",3,4587,0,0,0,0,0,0,0,0,0,0,NA,NA,NA,NA,NA,NA,"Diver"
"MHI",2019,"Oahu","OAH_NORTH","PHSP",3,4587,0,0,0,0,0,0,0,0,0,0,NA,NA,NA,NA,NA,NA,"Diver"
"MHI",2019,"Oahu","OAH_NORTH","PLER",3,4587,0,0,0,0,0,0,0,0,0,0,NA,NA,NA,NA,NA,NA,"Diver"
"MHI",2019,"Oahu","OAH_NORTH","PLES",3,4587,0,0,0,0,0,0,0,0,0,0,NA,NA,NA,NA,NA,NA,"Diver"
"MHI",2019,"Oahu","OAH_NORTH","PLSP",3,4587,0,0,0,0,0,0,0,0,0,0,NA,NA,NA,NA,NA,NA,"Diver"
"MHI",2019,"Oahu","OAH_NORTH","POCS",3,4587,0.85,0.256496153712709,1.09722222222222,0.506921268183765,0.625000000000001,0.524122579976451,0.166666666666667,0.166612155899332,7.5,0.606954005058433,15.6862745098039,10.3721018802343,0,0,0,0,"Diver"
"MHI",2019,"Oahu","OAH_NORTH","PODS",3,4587,0,0,0,0,0,0,0,0,0,0,NA,NA,NA,NA,NA,NA,"Diver"
"MHI",2019,"Oahu","OAH_NORTH","POLY",3,4587,0,0,0,0,0,0,0,0,0,0,NA,NA,NA,NA,NA,NA,"Diver"
"MHI",2019,"Oahu","OAH_NORTH","POSP",3,4587,4.56666666666667,3.00322743817684,5.19444444444444,1.34699628279436,29.4459339774557,5.36711264401272,0,0,11.3326115711985,2.17847898105572,0,0,0,0,1.09489051094891,0.631928582137731,"Diver"
"MHI",2019,"Oahu","OAH_NORTH","PSSP",3,4587,0,0,0,0,0,0,0,0,0,0,NA,NA,NA,NA,NA,NA,"Diver"
"MHI",2019,"Oahu","OAH_NORTH","SASP",3,4587,0,0,0,0,0,0,0,0,0,0,NA,NA,NA,NA,NA,NA,"Diver"
"MHI",2019,"Oahu","OAH_NORTH","SCAS",3,4587,0,0,0,0,0,0,0,0,0,0,NA,NA,NA,NA,NA,NA,"Diver"
"MHI",2019,"Oahu","OAH_NORTH","SCSP",3,4587,0,0,0,0,0,0,0,0,0,0,NA,NA,NA,NA,NA,NA,"Diver"
"MHI",2019,"Oahu","OAH_NORTH","SESP",3,4587,0,0,0,0,0,0,0,0,0,0,NA,NA,NA,NA,NA,NA,"Diver"
"MHI",2019,"Oahu","OAH_NORTH","SSSS",3,4587,7.26666666666667,3.37001659418309,10.7361111111111,1.80800633590524,27.9859018109018,3.72684867564714,0.0333333333333333,0.0333224311798665,10.5135988260988,1.55217940255786,11.697247706422,5.45962702182056,0,0,0.688073394495413,0.397129430059033,"Diver"
"MHI",2019,"Oahu","OAH_NORTH","STSP",3,4587,0,0,0,0,0,0,0,0,0,0,NA,NA,NA,NA,NA,NA,"Diver"
"MHI",2019,"Oahu","OAH_NORTH","STYP",3,4587,0,0,0,0,0,0,0,0,0,0,NA,NA,NA,NA,NA,NA,"Diver"
"MHI",2019,"Oahu","OAH_NORTH","STYS",3,4587,0,0,0,0,0,0,0,0,0,0,NA,NA,NA,NA,NA,NA,"Diver"
"MHI",2019,"Oahu","OAH_NORTH","SYSP",3,4587,0,0,0,0,0,0,0,0,0,0,NA,NA,NA,NA,NA,NA,"Diver"
"MHI",2019,"Oahu","OAH_NORTH","TUBA",3,4587,0,0,0,0,0,0,0,0,0,0,NA,NA,NA,NA,NA,NA,"Diver"
"MHI",2019,"Oahu","OAH_NORTH","TURS",3,4587,0,0,0,0,0,0,0,0,0,0,NA,NA,NA,NA,NA,NA,"Diver"
"MHI",2019,"Oahu","OAH_NORTH","UNKN",3,4587,0,0,0,0,0,0,0,0,0,0,NA,NA,NA,NA,NA,NA,"Diver"
