"REGION","Sector","ANALYSIS_YEAR","Stratum","REEF_ZONE","DB_RZ","GENUS_CODE","n","Ntot","AdColDen","SE_AdColDen","JuvColDen","SE_JuvColDen","Ave.od","SE_Ave.od","Ave.rd","SE_Ave.rd","Ave.size","SE_Ave.size","BLE","SE_BLE","AcuteDZ_Prev","SE_AcuteDZ_Prev","ChronicDZ_Prev","SE_ChronicDZ_Prev","METHOD"
"MHI","HAW_HAMAKUA",2019,"HAW_HAMAKUA_Deep_Forereef","Forereef","Deep_Forereef","CYSP",2,5917,0,0,0,0,NA,NA,NA,NA,NA,NA,NA,NA,NA,NA,NA,NA,"SfM"
"MHI","HAW_HAMAKUA",2019,"HAW_HAMAKUA_Deep_Forereef","Forereef","Deep_Forereef","LEPT",2,5917,0,0,0,0,NA,NA,NA,NA,NA,NA,NA,NA,NA,NA,NA,NA,"SfM"
"MHI","HAW_HAMAKUA",2019,"HAW_HAMAKUA_Deep_Forereef","Forereef","Deep_Forereef","MOSP",2,5917,5.66666666666667,2.06631736104993,5.66666666666667,2.06631736104993,24.0277777777778,2.52735053569279,0.172413793103448,0.172384651922964,13.3945686313218,0.372237172255277,37.6470588235294,14.115260910398,0,0,0,0,"SfM"
"MHI","HAW_HAMAKUA",2019,"HAW_HAMAKUA_Deep_Forereef","Forereef","Deep_Forereef","PAVS",2,5917,0,0,0,0,NA,NA,NA,NA,NA,NA,NA,NA,NA,NA,NA,NA,"SfM"
"MHI","HAW_HAMAKUA",2019,"HAW_HAMAKUA_Deep_Forereef","Forereef","Deep_Forereef","POCS",2,5917,0.4,0.399932392461277,0.4,0.399932392461277,0.166666666666667,NA,0,NA,11.3483798833333,NA,33.3333333333333,NA,0,NA,0,NA,"SfM"
"MHI","HAW_HAMAKUA",2019,"HAW_HAMAKUA_Deep_Forereef","Forereef","Deep_Forereef","POSP",2,5917,5.2,1.86635116481929,5.2,1.86635116481929,22.4105660377358,5.42851628559703,0.0754716981132075,0.0754589419738258,13.3885162336981,1.80133339893625,6.41025641025641,6.4091729561102,0,0,5.12820512820513,2.56366918244408,"SfM"
"MHI","HAW_HAMAKUA",2019,"HAW_HAMAKUA_Deep_Forereef","Forereef","Deep_Forereef","PSSP",2,5917,0,0,0,0,NA,NA,NA,NA,NA,NA,NA,NA,NA,NA,NA,NA,"SfM"
"MHI","HAW_HAMAKUA",2019,"HAW_HAMAKUA_Deep_Forereef","Forereef","Deep_Forereef","SSSS",2,5917,11.2666666666667,0.199966196230638,11.2666666666667,0.199966196230638,21.1117960212945,2.29745415422733,0.16699355561782,0.0739577974290957,13.6758766223242,0.565535906685787,22.4852071005917,9.46585544287045,0,0,2.36686390532544,1.18323193035881,"SfM"
"MHI","HAW_HAMAKUA",2019,"HAW_HAMAKUA_Deep_Forereef","Forereef","Deep_Forereef","UNKN",2,5917,0,0,0,0,NA,NA,NA,NA,NA,NA,NA,NA,NA,NA,NA,NA,"SfM"
"MHI","HAW_HAMAKUA",2019,"HAW_HAMAKUA_Shallow_Forereef","Forereef","Shallow_Forereef","CYSP",2,4469,0,0,0,0,NA,NA,NA,NA,NA,NA,NA,NA,NA,NA,NA,NA,"SfM"
"MHI","HAW_HAMAKUA",2019,"HAW_HAMAKUA_Shallow_Forereef","Forereef","Shallow_Forereef","LEPT",2,4469,0,0,0,0,NA,NA,NA,NA,NA,NA,NA,NA,NA,NA,NA,NA,"SfM"
"MHI","HAW_HAMAKUA",2019,"HAW_HAMAKUA_Shallow_Forereef","Forereef","Shallow_Forereef","MOSP",2,4469,0.05,0.0499888105626886,0.05,0.0499888105626886,15,NA,0,NA,18.4601192,NA,0,NA,0,NA,0,NA,"SfM"
"MHI","HAW_HAMAKUA",2019,"HAW_HAMAKUA_Shallow_Forereef","Forereef","Shallow_Forereef","PAVS",2,4469,0,0,0,0,NA,NA,NA,NA,NA,NA,NA,NA,NA,NA,NA,NA,"SfM"
"MHI","HAW_HAMAKUA",2019,"HAW_HAMAKUA_Shallow_Forereef","Forereef","Shallow_Forereef","POCS",2,4469,0.75,0.449899295064197,0.75,0.449899295064197,20.5416666666667,3.79081813433722,0,0,12.3918195666667,0.969138669125627,40,26.6606989667672,0,0,0,0,"SfM"
"MHI","HAW_HAMAKUA",2019,"HAW_HAMAKUA_Shallow_Forereef","Forereef","Shallow_Forereef","POSP",2,4469,0.1,0,0.1,0,22.5,2.49944052813443,0,0,28.16006155,19.7361366360922,0,0,0,0,0,0,"SfM"
"MHI","HAW_HAMAKUA",2019,"HAW_HAMAKUA_Shallow_Forereef","Forereef","Shallow_Forereef","PSSP",2,4469,0,0,0,0,NA,NA,NA,NA,NA,NA,NA,NA,NA,NA,NA,NA,"SfM"
"MHI","HAW_HAMAKUA",2019,"HAW_HAMAKUA_Shallow_Forereef","Forereef","Shallow_Forereef","SSSS",2,4469,0.9,0.499888105626886,0.9,0.499888105626886,20.2321428571429,3.01718178039085,0,0,13.4321065696429,2.75976405226192,33.3333333333333,22.2172491389727,0,0,0,0,"SfM"
"MHI","HAW_HAMAKUA",2019,"HAW_HAMAKUA_Shallow_Forereef","Forereef","Shallow_Forereef","UNKN",2,4469,0,0,0,0,NA,NA,NA,NA,NA,NA,NA,NA,NA,NA,NA,NA,"SfM"
"MHI","HAW_KONA",2019,"HAW_KONA_Deep_Forereef","Forereef","Deep_Forereef","CYSP",4,6188,0,0,0,0,NA,NA,NA,NA,NA,NA,NA,NA,NA,NA,NA,NA,"SfM"
"MHI","HAW_KONA",2019,"HAW_KONA_Deep_Forereef","Forereef","Deep_Forereef","LEPT",4,6188,0,0,0,0,NA,NA,NA,NA,NA,NA,NA,NA,NA,NA,NA,NA,"SfM"
"MHI","HAW_KONA",2019,"HAW_KONA_Deep_Forereef","Forereef","Deep_Forereef","MOSP",4,6188,0,0,0,0,NA,NA,NA,NA,NA,NA,NA,NA,NA,NA,NA,NA,"SfM"
"MHI","HAW_KONA",2019,"HAW_KONA_Deep_Forereef","Forereef","Deep_Forereef","PAVS",4,6188,0,0,0,0,NA,NA,NA,NA,NA,NA,NA,NA,NA,NA,NA,NA,"SfM"
"MHI","HAW_KONA",2019,"HAW_KONA_Deep_Forereef","Forereef","Deep_Forereef","POCS",4,6188,0,0,0,0,NA,NA,NA,NA,NA,NA,NA,NA,NA,NA,NA,NA,"SfM"
"MHI","HAW_KONA",2019,"HAW_KONA_Deep_Forereef","Forereef","Deep_Forereef","POSP",4,6188,11.0666666666667,5.76258703385063,11.0666666666667,5.76258703385063,38.1813170826329,4.93779324133228,0.361599637915427,0.343529586084705,11.2175189837882,1.29480182161356,0.753012048192771,0.45166117840953,3.31325301204819,3.31218197500322,1.50602409638554,1.5055372613651,"SfM"
"MHI","HAW_KONA",2019,"HAW_KONA_Deep_Forereef","Forereef","Deep_Forereef","PSSP",4,6188,0,0,0,0,NA,NA,NA,NA,NA,NA,NA,NA,NA,NA,NA,NA,"SfM"
"MHI","HAW_KONA",2019,"HAW_KONA_Deep_Forereef","Forereef","Deep_Forereef","SSSS",4,6188,11.0666666666667,5.76258703385063,11.0666666666667,5.76258703385063,38.1813170826329,4.93779324133228,0.361599637915427,0.343529586084705,11.2175189837882,1.29480182161356,0.753012048192771,0.45166117840953,3.31325301204819,3.31218197500322,1.50602409638554,1.5055372613651,"SfM"
"MHI","HAW_KONA",2019,"HAW_KONA_Deep_Forereef","Forereef","Deep_Forereef","UNKN",4,6188,0,0,0,0,NA,NA,NA,NA,NA,NA,NA,NA,NA,NA,NA,NA,"SfM"
"MHI","HAW_KONA",2019,"HAW_KONA_Mid_Forereef","Forereef","Mid_Forereef","CYSP",13,9451,0,0,0,0,NA,NA,NA,NA,NA,NA,NA,NA,NA,NA,NA,NA,"SfM"
"MHI","HAW_KONA",2019,"HAW_KONA_Mid_Forereef","Forereef","Mid_Forereef","LEPT",13,9451,0,0,0,0,NA,NA,NA,NA,NA,NA,NA,NA,NA,NA,NA,NA,"SfM"
"MHI","HAW_KONA",2019,"HAW_KONA_Mid_Forereef","Forereef","Mid_Forereef","MOSP",13,9451,0.553846153846154,0.249087768613433,0.553846153846154,0.249087768613433,9.12951903169295,2.65485633674861,0,0,10.0135172022635,0.948657308270489,117.361111111111,25.6636343485079,0,0,0,0,"SfM"
"MHI","HAW_KONA",2019,"HAW_KONA_Mid_Forereef","Forereef","Mid_Forereef","PAVS",13,9451,0.115384615384615,0.0516614715731234,0.115384615384615,0.0516614715731234,14.64,4.27372064846836,0,0,12.45038962,1.51750193009896,0,0,0,0,0,0,"SfM"
"MHI","HAW_KONA",2019,"HAW_KONA_Mid_Forereef","Forereef","Mid_Forereef","POCS",13,9451,0.0307692307692308,0.0174728188486302,0.0307692307692308,0.0174728188486302,5,2.4002697975535,0,0,15.1297184,4.43575902467237,0,0,0,0,0,0,"SfM"
"MHI","HAW_KONA",2019,"HAW_KONA_Mid_Forereef","Forereef","Mid_Forereef","POSP",13,9451,11.5538461538462,1.91569719359005,11.5538461538462,1.91569719359005,25.5358169454908,1.65970419041987,0.315730770787288,0.0527122069776585,15.9942267898998,0.907426099841138,0.865512649800266,0.353100960858777,2.5965379494008,1.30290831707118,0.865512649800266,0.518210536340274,"SfM"
"MHI","HAW_KONA",2019,"HAW_KONA_Mid_Forereef","Forereef","Mid_Forereef","PSSP",13,9451,0.0153846153846154,0.010408268090085,0.0153846153846154,0.010408268090085,3,0,0,0,5.4392831,0,0,0,0,0,0,0,"SfM"
"MHI","HAW_KONA",2019,"HAW_KONA_Mid_Forereef","Forereef","Mid_Forereef","SSSS",13,9451,12.2692307692308,1.96885159791267,12.2692307692308,1.96885159791267,24.6547139453852,1.51923171871405,0.302462474677924,0.0516409738480379,15.8564932020202,0.91796645641932,3.26018808777429,1.11813730127644,2.44514106583072,1.22693936817612,0.815047021943573,0.487995125757424,"SfM"
"MHI","HAW_KONA",2019,"HAW_KONA_Mid_Forereef","Forereef","Mid_Forereef","UNKN",13,9451,0,0,0,0,NA,NA,NA,NA,NA,NA,NA,NA,NA,NA,NA,NA,"SfM"
"MHI","HAW_KONA",2019,"HAW_KONA_Shallow_Forereef","Forereef","Shallow_Forereef","CYSP",13,7271,0,0,0,0,NA,NA,NA,NA,NA,NA,NA,NA,NA,NA,NA,NA,"SfM"
"MHI","HAW_KONA",2019,"HAW_KONA_Shallow_Forereef","Forereef","Shallow_Forereef","LEPT",13,7271,0.0153846153846154,0.0104061186811596,0.0153846153846154,0.0104061186811596,92,0,0,0,22.9697583,0,0,0,0,0,0,0,"SfM"
"MHI","HAW_KONA",2019,"HAW_KONA_Shallow_Forereef","Forereef","Shallow_Forereef","MOSP",13,7271,0.184615384615385,0.0477899333194765,0.184615384615385,0.0477899333194765,27.3727272727273,8.83725383340448,0,0,9.75334387409091,1.77249211943447,29.5454545454545,7.83855714554478,0,0,0,0,"SfM"
"MHI","HAW_KONA",2019,"HAW_KONA_Shallow_Forereef","Forereef","Shallow_Forereef","PAVS",13,7271,0.146153846153846,0.0432483190857929,0.146153846153846,0.0432483190857929,20.5714285714286,5.36690974708652,0,0,11.236206897619,1.08591135795009,0,0,0,0,0,0,"SfM"
"MHI","HAW_KONA",2019,"HAW_KONA_Shallow_Forereef","Forereef","Shallow_Forereef","POCS",13,7271,0.0307692307692308,0.0208122373623193,0.0307692307692308,0.0208122373623193,32.5,0,0,0,14.49068985,0,0,0,0,0,0,0,"SfM"
"MHI","HAW_KONA",2019,"HAW_KONA_Shallow_Forereef","Forereef","Shallow_Forereef","POSP",13,7271,4.82307692307692,1.23940086392731,4.82307692307692,1.23940086392731,24.7653332692266,3.83010686862843,0.264274115866245,0.0755726596556233,17.8380225260314,2.39207565030734,0,0,1.27591706539075,0.643993199728009,3.50877192982456,1.72972853714283,"SfM"
"MHI","HAW_KONA",2019,"HAW_KONA_Shallow_Forereef","Forereef","Shallow_Forereef","PSSP",13,7271,0,0,0,0,NA,NA,NA,NA,NA,NA,NA,NA,NA,NA,NA,NA,"SfM"
"MHI","HAW_KONA",2019,"HAW_KONA_Shallow_Forereef","Forereef","Shallow_Forereef","SSSS",13,7271,5.2,1.267722935559,5.2,1.267722935559,24.1853625292904,2.95474901666726,0.229988744781995,0.0634555180896437,16.8424668956574,2.05549399639211,0.887573964497041,0.276502292132022,1.18343195266272,0.597313219274352,3.25443786982249,1.60434880590023,"SfM"
"MHI","HAW_KONA",2019,"HAW_KONA_Shallow_Forereef","Forereef","Shallow_Forereef","UNKN",13,7271,0,0,0,0,NA,NA,NA,NA,NA,NA,NA,NA,NA,NA,NA,NA,"SfM"
"MHI","HAW_PUNA",2019,"HAW_PUNA_Deep_Forereef","Forereef","Deep_Forereef","CYSP",2,5787,0,0,0,0,NA,NA,NA,NA,NA,NA,NA,NA,NA,NA,NA,NA,"SfM"
"MHI","HAW_PUNA",2019,"HAW_PUNA_Deep_Forereef","Forereef","Deep_Forereef","LEPT",2,5787,0,0,0,0,NA,NA,NA,NA,NA,NA,NA,NA,NA,NA,NA,NA,"SfM"
"MHI","HAW_PUNA",2019,"HAW_PUNA_Deep_Forereef","Forereef","Deep_Forereef","MOSP",2,5787,0.533333333333333,0.266620582389702,0.533333333333333,0.266620582389702,5,4.99913591980691,0,0,6.6616135625,0.489943302804388,100,49.9913591980691,0,0,0,0,"SfM"
"MHI","HAW_PUNA",2019,"HAW_PUNA_Deep_Forereef","Forereef","Deep_Forereef","PAVS",2,5787,0,0,0,0,NA,NA,NA,NA,NA,NA,NA,NA,NA,NA,NA,NA,"SfM"
"MHI","HAW_PUNA",2019,"HAW_PUNA_Deep_Forereef","Forereef","Deep_Forereef","POCS",2,5787,1.1,0.0999827183961381,1.1,0.0999827183961381,12.8888888888889,5.11022782913595,0.111111111111111,0.111091909329042,10.4178848566667,0.369257552009373,12.1212121212121,12.1191173813501,0,0,0,0,"SfM"
"MHI","HAW_PUNA",2019,"HAW_PUNA_Deep_Forereef","Forereef","Deep_Forereef","POSP",2,5787,1.8,0.199965436792276,1.8,0.199965436792276,25.1791666666667,0.445756286182782,0.125,0.124978397995173,12.0095946575,3.46716329750762,9.25925925925926,1.85153182215071,5.55555555555556,5.55459546645212,0,0,"SfM"
"MHI","HAW_PUNA",2019,"HAW_PUNA_Deep_Forereef","Forereef","Deep_Forereef","PSSP",2,5787,0,0,0,0,NA,NA,NA,NA,NA,NA,NA,NA,NA,NA,NA,NA,"SfM"
"MHI","HAW_PUNA",2019,"HAW_PUNA_Deep_Forereef","Forereef","Deep_Forereef","SSSS",2,5787,3.43333333333333,0.0333275727987128,3.43333333333333,0.0333275727987128,18.3337104072398,1.3719348123814,0.0972850678733032,0.0203584720716118,10.8203435366516,2.39264666569864,24.2718446601942,4.85353001923001,2.9126213592233,2.912118011538,0,0,"SfM"
"MHI","HAW_PUNA",2019,"HAW_PUNA_Deep_Forereef","Forereef","Deep_Forereef","UNKN",2,5787,0,0,0,0,NA,NA,NA,NA,NA,NA,NA,NA,NA,NA,NA,NA,"SfM"
"MHI","HAW_PUNA",2019,"HAW_PUNA_Mid_Forereef","Forereef","Mid_Forereef","CYSP",5,6416,0,0,0,0,NA,NA,NA,NA,NA,NA,NA,NA,NA,NA,NA,NA,"SfM"
"MHI","HAW_PUNA",2019,"HAW_PUNA_Mid_Forereef","Forereef","Mid_Forereef","LEPT",5,6416,0,0,0,0,NA,NA,NA,NA,NA,NA,NA,NA,NA,NA,NA,NA,"SfM"
"MHI","HAW_PUNA",2019,"HAW_PUNA_Mid_Forereef","Forereef","Mid_Forereef","MOSP",5,6416,1.57333333333333,0.615155249413618,1.57333333333333,0.615155249413618,11.8298850574713,6.16802063633232,0,0,11.9809132988046,1.67827128263945,44.0677966101695,20.4936547107922,0,0,0,0,"SfM"
"MHI","HAW_PUNA",2019,"HAW_PUNA_Mid_Forereef","Forereef","Mid_Forereef","PAVS",5,6416,0,0,0,0,NA,NA,NA,NA,NA,NA,NA,NA,NA,NA,NA,NA,"SfM"
"MHI","HAW_PUNA",2019,"HAW_PUNA_Mid_Forereef","Forereef","Mid_Forereef","POCS",5,6416,1.82666666666667,0.440711128559562,1.82666666666667,0.440711128559562,5.97569786535304,1.28002038664341,0.284729064039409,0.096344992260122,15.4601558753202,0.882093703282239,10.9489051094891,6.70219464674488,4.37956204379562,1.09446380275586,0,0,"SfM"
"MHI","HAW_PUNA",2019,"HAW_PUNA_Mid_Forereef","Forereef","Mid_Forereef","POSP",5,6416,4.04,0.809992784210955,4.04,0.809992784210955,28.1886666666667,2.70784720285752,0.0333333333333333,0.0204044592578678,17.2871972506,2.22406407540947,0.66006600660066,0.659808761177351,0.99009900990099,0.606073047263399,4.95049504950495,3.03036523631699,"SfM"
"MHI","HAW_PUNA",2019,"HAW_PUNA_Mid_Forereef","Forereef","Mid_Forereef","PSSP",5,6416,0,0,0,0,NA,NA,NA,NA,NA,NA,NA,NA,NA,NA,NA,NA,"SfM"
"MHI","HAW_PUNA",2019,"HAW_PUNA_Mid_Forereef","Forereef","Mid_Forereef","SSSS",5,6416,7.48,0.203390601817613,7.48,0.203390601817613,19.7189177489178,3.11515052001132,0.0752380952380952,0.0276082837355494,17.122872611316,1.40650541859437,12.2994652406417,3.62057162033364,1.60427807486631,0.50002662600974,2.67379679144385,1.63672133084501,"SfM"
"MHI","HAW_PUNA",2019,"HAW_PUNA_Mid_Forereef","Forereef","Mid_Forereef","UNKN",5,6416,0.04,0.0244853511094413,0.04,0.0244853511094413,10,0,0,0,6.443617,0,0,0,0,0,0,0,"SfM"
"MHI","KAH_SOUTH",2019,"KAH_SOUTH_Mid_Forereef","Forereef","Mid_Forereef","CYSP",2,944,0,0,0,0,NA,NA,NA,NA,NA,NA,NA,NA,NA,NA,NA,NA,"SfM"
"MHI","KAH_SOUTH",2019,"KAH_SOUTH_Mid_Forereef","Forereef","Mid_Forereef","LEPT",2,944,0.05,0.0499470058144681,0.05,0.0499470058144681,60,NA,0,NA,11.2819901,NA,0,NA,0,NA,0,NA,"SfM"
"MHI","KAH_SOUTH",2019,"KAH_SOUTH_Mid_Forereef","Forereef","Mid_Forereef","MOSP",2,944,0.133333333333333,0.133192015505248,0.133333333333333,0.133192015505248,12.5,NA,0,NA,20.54516715,NA,0,NA,0,NA,0,NA,"SfM"
"MHI","KAH_SOUTH",2019,"KAH_SOUTH_Mid_Forereef","Forereef","Mid_Forereef","PAVS",2,944,0.0666666666666667,0.0665960077526241,0.0666666666666667,0.0665960077526241,30,NA,0,NA,7.2139378,NA,0,NA,0,NA,0,NA,"SfM"
"MHI","KAH_SOUTH",2019,"KAH_SOUTH_Mid_Forereef","Forereef","Mid_Forereef","POCS",2,944,0.133333333333333,0.133192015505248,0.133333333333333,0.133192015505248,48.5,NA,0,NA,25.494245,NA,100,NA,0,NA,0,NA,"SfM"
"MHI","KAH_SOUTH",2019,"KAH_SOUTH_Mid_Forereef","Forereef","Mid_Forereef","POSP",2,944,7.86666666666667,5.32768062020993,7.86666666666667,5.32768062020993,21.5155502392345,12.3660661046395,0.196969696969697,0.196760931996389,13.8047709333333,5.1082001241616,1.27118644067797,1.26983913087631,0,0,2.11864406779661,0.423279710292102,"SfM"
"MHI","KAH_SOUTH",2019,"KAH_SOUTH_Mid_Forereef","Forereef","Mid_Forereef","PSSP",2,944,0,0,0,0,NA,NA,NA,NA,NA,NA,NA,NA,NA,NA,NA,NA,"SfM"
"MHI","KAH_SOUTH",2019,"KAH_SOUTH_Mid_Forereef","Forereef","Mid_Forereef","SSSS",2,944,8.25,5.04464758726128,8.25,5.04464758726128,21.3427318295739,11.8114028411632,0.195488721804511,0.195281526492657,13.9124444217419,5.19630014423776,2.02020202020202,0.403612168197722,0,0,2.02020202020202,0.403612168197722,"SfM"
"MHI","KAH_SOUTH",2019,"KAH_SOUTH_Mid_Forereef","Forereef","Mid_Forereef","UNKN",2,944,0,0,0,0,NA,NA,NA,NA,NA,NA,NA,NA,NA,NA,NA,NA,"SfM"
"MHI","KAU_EAST",2019,"KAU_EAST_Mid_Forereef","Forereef","Mid_Forereef","CYSP",4,22411,0,0,0,0,NA,NA,NA,NA,NA,NA,NA,NA,NA,NA,NA,NA,"SfM"
"MHI","KAU_EAST",2019,"KAU_EAST_Mid_Forereef","Forereef","Mid_Forereef","LEPT",4,22411,0,0,0,0,NA,NA,NA,NA,NA,NA,NA,NA,NA,NA,NA,NA,"SfM"
"MHI","KAU_EAST",2019,"KAU_EAST_Mid_Forereef","Forereef","Mid_Forereef","MOSP",4,22411,1.3,0.692758491673298,1.3,0.692758491673298,11.7,5.02249906463141,0,0,7.778886386,1.52447053125412,11.5384615384615,6.66113934301248,0,0,0,0,"SfM"
"MHI","KAU_EAST",2019,"KAU_EAST_Mid_Forereef","Forereef","Mid_Forereef","PAVS",4,22411,0.05,0.0288649371530541,0.05,0.0288649371530541,0,0,0,0,5.4612269,0,0,0,0,0,0,0,"SfM"
"MHI","KAU_EAST",2019,"KAU_EAST_Mid_Forereef","Forereef","Mid_Forereef","POCS",4,22411,0.35,0.0288649371530541,0.35,0.0288649371530541,2.625,1.37108451477007,0,0,15.7809420458333,5.35857163484562,28.5714285714286,16.4942498017452,0,0,0,0,"SfM"
"MHI","KAU_EAST",2019,"KAU_EAST_Mid_Forereef","Forereef","Mid_Forereef","POSP",4,22411,2.25,0.894813051744676,2.25,0.894813051744676,21.1616541353383,2.1551039543596,0.0263157894736842,0.0151920721858179,8.66107442706767,1.00525199933187,0,0,0,0,2.22222222222222,1.28288609569129,"SfM"
"MHI","KAU_EAST",2019,"KAU_EAST_Mid_Forereef","Forereef","Mid_Forereef","PSSP",4,22411,0.05,0.0288649371530541,0.05,0.0288649371530541,70,0,0,0,5.4580033,0,0,0,0,0,0,0,"SfM"
"MHI","KAU_EAST",2019,"KAU_EAST_Mid_Forereef","Forereef","Mid_Forereef","SSSS",4,22411,4.05,1.64530141772408,4.05,1.64530141772408,19.3804347826087,1.08557263640834,0.0144927536231884,0.0083666484501606,10.6224568335145,0.324941175124504,6.17283950617284,0.712714497606273,0,0,1.23456790123457,0.712714497606273,"SfM"
"MHI","KAU_EAST",2019,"KAU_EAST_Mid_Forereef","Forereef","Mid_Forereef","UNKN",4,22411,0.05,0.0288649371530541,0.05,0.0288649371530541,10,0,0,0,6.8755363,0,0,0,0,0,0,0,"SfM"
"MHI","KAU_NAPALI",2019,"KAU_NAPALI_Mid_Forereef","Forereef","Mid_Forereef","CYSP",2,7504,0,0,0,0,NA,NA,NA,NA,NA,NA,NA,NA,NA,NA,NA,NA,"SfM"
"MHI","KAU_NAPALI",2019,"KAU_NAPALI_Mid_Forereef","Forereef","Mid_Forereef","LEPT",2,7504,0,0,0,0,NA,NA,NA,NA,NA,NA,NA,NA,NA,NA,NA,NA,"SfM"
"MHI","KAU_NAPALI",2019,"KAU_NAPALI_Mid_Forereef","Forereef","Mid_Forereef","MOSP",2,7504,5.7,0,5.7,0,18.2982456140351,0,0.105263157894737,0,13.3296515438596,0,10.5263157894737,0,0,0,0,0,"SfM"
"MHI","KAU_NAPALI",2019,"KAU_NAPALI_Mid_Forereef","Forereef","Mid_Forereef","PAVS",2,7504,2.1,0,2.1,0,34.0476190476191,0,0,0,12.5379547904762,0,0,0,0,0,9.52380952380952,0,"SfM"
"MHI","KAU_NAPALI",2019,"KAU_NAPALI_Mid_Forereef","Forereef","Mid_Forereef","POCS",2,7504,3.7,0,3.7,0,2.02702702702703,0,0.0810810810810811,0,18.3330655459459,0,5.40540540540541,0,2.7027027027027,0,0,0,"SfM"
"MHI","KAU_NAPALI",2019,"KAU_NAPALI_Mid_Forereef","Forereef","Mid_Forereef","POSP",2,7504,2.6,0,2.6,0,40.7307692307692,0,0.0769230769230769,0,22.1584772384615,0,3.84615384615385,0,0,0,0,0,"SfM"
"MHI","KAU_NAPALI",2019,"KAU_NAPALI_Mid_Forereef","Forereef","Mid_Forereef","PSSP",2,7504,0,0,0,0,NA,NA,NA,NA,NA,NA,NA,NA,NA,NA,NA,NA,"SfM"
"MHI","KAU_NAPALI",2019,"KAU_NAPALI_Mid_Forereef","Forereef","Mid_Forereef","SSSS",2,7504,14.1,0,14.1,0,20.5106382978723,0,0.0780141843971631,0,16.1527022836879,0,6.38297872340426,0,0.709219858156028,0,1.41843971631206,0,"SfM"
"MHI","KAU_NAPALI",2019,"KAU_NAPALI_Mid_Forereef","Forereef","Mid_Forereef","UNKN",2,7504,0,0,0,0,NA,NA,NA,NA,NA,NA,NA,NA,NA,NA,NA,NA,"SfM"
"MHI","LAN_SOUTH",2019,"LAN_SOUTH_Mid_Forereef","Forereef","Mid_Forereef","CYSP",6,1952,0.0166666666666667,0.01664103219879,0.0166666666666667,0.01664103219879,50,NA,0,NA,10.9916695,NA,0,NA,0,NA,0,NA,"SfM"
"MHI","LAN_SOUTH",2019,"LAN_SOUTH_Mid_Forereef","Forereef","Mid_Forereef","LEPT",6,1952,0.0666666666666667,0.0210494257457505,0.0666666666666667,0.0210494257457505,7.5,3.53009601411243,0,0,11.3326256,2.6858315206609,0,0,0,0,75,35.3009601411243,"SfM"
"MHI","LAN_SOUTH",2019,"LAN_SOUTH_Mid_Forereef","Forereef","Mid_Forereef","MOSP",6,1952,1.39444444444444,0.981582694100306,1.39444444444444,0.981582694100306,16.5515873015873,4.35398375606294,0.0899470899470899,0.0898087451998191,17.7688777088624,4.12375386700939,30.6772908366534,13.0933930591876,2.39043824701195,2.3867615902647,1.19521912350598,1.19338079513235,"SfM"
"MHI","LAN_SOUTH",2019,"LAN_SOUTH_Mid_Forereef","Forereef","Mid_Forereef","PAVS",6,1952,0.25,0.0845259603798861,0.25,0.0845259603798861,19.4,11.7658687968667,0,0,20.205845,9.11190213782368,16,8.93051501094174,0,0,32,17.8610300218835,"SfM"
"MHI","LAN_SOUTH",2019,"LAN_SOUTH_Mid_Forereef","Forereef","Mid_Forereef","POCS",6,1952,1.90555555555556,0.614978145184727,1.90555555555556,0.614978145184727,11.437187666135,4.58816732629028,0.176501860712387,0.0992145977245251,14.9422512014567,2.01514144706937,10.4956268221574,3.82656645779703,1.74927113702624,1.10463458724055,0,0,"SfM"
"MHI","LAN_SOUTH",2019,"LAN_SOUTH_Mid_Forereef","Forereef","Mid_Forereef","POSP",6,1952,13.9333333333333,4.62613511891228,13.9333333333333,4.62613511891228,29.0861781805357,5.5425520518364,0.189646714538242,0.0926683001559095,14.1415505363364,2.80495098878738,2.15311004784689,1.86866280233236,0.87719298245614,0.606384332408422,1.43540669856459,0.90643460149165,"SfM"
"MHI","LAN_SOUTH",2019,"LAN_SOUTH_Mid_Forereef","Forereef","Mid_Forereef","PSSP",6,1952,0,0,0,0,NA,NA,NA,NA,NA,NA,NA,NA,NA,NA,NA,NA,"SfM"
"MHI","LAN_SOUTH",2019,"LAN_SOUTH_Mid_Forereef","Forereef","Mid_Forereef","SSSS",6,1952,17.5666666666667,4.30958398416548,17.5666666666667,4.30958398416548,23.1332784214128,3.45575998132945,0.227812419752718,0.0746813498360803,15.4026489588416,3.53326051779865,5.47122074636306,1.30110669122291,1.0752688172043,0.452773708926231,1.80265654648956,0.768429178259223,"SfM"
"MHI","LAN_SOUTH",2019,"LAN_SOUTH_Mid_Forereef","Forereef","Mid_Forereef","UNKN",6,1952,0,0,0,0,NA,NA,NA,NA,NA,NA,NA,NA,NA,NA,NA,NA,"SfM"
"MHI","MAI_KIHEI",2019,"MAI_KIHEI_Shallow_Forereef","Forereef","Shallow_Forereef","CYSP",2,2600,0,0,0,0,NA,NA,NA,NA,NA,NA,NA,NA,NA,NA,NA,NA,"SfM"
"MHI","MAI_KIHEI",2019,"MAI_KIHEI_Shallow_Forereef","Forereef","Shallow_Forereef","LEPT",2,2600,0,0,0,0,NA,NA,NA,NA,NA,NA,NA,NA,NA,NA,NA,NA,"SfM"
"MHI","MAI_KIHEI",2019,"MAI_KIHEI_Shallow_Forereef","Forereef","Shallow_Forereef","MOSP",2,2600,0,0,0,0,NA,NA,NA,NA,NA,NA,NA,NA,NA,NA,NA,NA,"SfM"
"MHI","MAI_KIHEI",2019,"MAI_KIHEI_Shallow_Forereef","Forereef","Shallow_Forereef","PAVS",2,2600,0,0,0,0,NA,NA,NA,NA,NA,NA,NA,NA,NA,NA,NA,NA,"SfM"
"MHI","MAI_KIHEI",2019,"MAI_KIHEI_Shallow_Forereef","Forereef","Shallow_Forereef","POCS",2,2600,0,0,0,0,NA,NA,NA,NA,NA,NA,NA,NA,NA,NA,NA,NA,"SfM"
"MHI","MAI_KIHEI",2019,"MAI_KIHEI_Shallow_Forereef","Forereef","Shallow_Forereef","POSP",2,2600,0.2,0.199923062124485,0.2,0.199923062124485,5,NA,0,NA,6.338612,NA,0,NA,0,NA,0,NA,"SfM"
"MHI","MAI_KIHEI",2019,"MAI_KIHEI_Shallow_Forereef","Forereef","Shallow_Forereef","PSSP",2,2600,0,0,0,0,NA,NA,NA,NA,NA,NA,NA,NA,NA,NA,NA,NA,"SfM"
"MHI","MAI_KIHEI",2019,"MAI_KIHEI_Shallow_Forereef","Forereef","Shallow_Forereef","SSSS",2,2600,0.2,0.199923062124485,0.2,0.199923062124485,5,NA,0,NA,6.338612,NA,0,NA,0,NA,0,NA,"SfM"
"MHI","MAI_KIHEI",2019,"MAI_KIHEI_Shallow_Forereef","Forereef","Shallow_Forereef","UNKN",2,2600,0,0,0,0,NA,NA,NA,NA,NA,NA,NA,NA,NA,NA,NA,NA,"SfM"
"MHI","MAI_LAHAINA",2019,"MAI_LAHAINA_Deep_Forereef","Forereef","Deep_Forereef","CYSP",2,1149,0,0,0,0,NA,NA,NA,NA,NA,NA,NA,NA,NA,NA,NA,NA,"SfM"
"MHI","MAI_LAHAINA",2019,"MAI_LAHAINA_Deep_Forereef","Forereef","Deep_Forereef","LEPT",2,1149,0,0,0,0,NA,NA,NA,NA,NA,NA,NA,NA,NA,NA,NA,NA,"SfM"
"MHI","MAI_LAHAINA",2019,"MAI_LAHAINA_Deep_Forereef","Forereef","Deep_Forereef","MOSP",2,1149,0,0,0,0,NA,NA,NA,NA,NA,NA,NA,NA,NA,NA,NA,NA,"SfM"
"MHI","MAI_LAHAINA",2019,"MAI_LAHAINA_Deep_Forereef","Forereef","Deep_Forereef","PAVS",2,1149,0,0,0,0,NA,NA,NA,NA,NA,NA,NA,NA,NA,NA,NA,NA,"SfM"
"MHI","MAI_LAHAINA",2019,"MAI_LAHAINA_Deep_Forereef","Forereef","Deep_Forereef","POCS",2,1149,0,0,0,0,NA,NA,NA,NA,NA,NA,NA,NA,NA,NA,NA,NA,"SfM"
"MHI","MAI_LAHAINA",2019,"MAI_LAHAINA_Deep_Forereef","Forereef","Deep_Forereef","POSP",2,1149,3.33333333333333,2.79756203697787,3.33333333333333,2.79756203697787,21.5163043478261,0.733056822577663,0.576086956521739,0.575585356986907,11.9063846923913,1.23609854734122,0,0,0,0,0,0,"SfM"
"MHI","MAI_LAHAINA",2019,"MAI_LAHAINA_Deep_Forereef","Forereef","Deep_Forereef","PSSP",2,1149,0,0,0,0,NA,NA,NA,NA,NA,NA,NA,NA,NA,NA,NA,NA,"SfM"
"MHI","MAI_LAHAINA",2019,"MAI_LAHAINA_Deep_Forereef","Forereef","Deep_Forereef","SSSS",2,1149,3.33333333333333,2.79756203697787,3.33333333333333,2.79756203697787,21.5163043478261,0.733056822577663,0.576086956521739,0.575585356986907,11.9063846923913,1.23609854734122,0,0,0,0,0,0,"SfM"
"MHI","MAI_LAHAINA",2019,"MAI_LAHAINA_Deep_Forereef","Forereef","Deep_Forereef","UNKN",2,1149,0,0,0,0,NA,NA,NA,NA,NA,NA,NA,NA,NA,NA,NA,NA,"SfM"
"MHI","MAI_LAHAINA",2019,"MAI_LAHAINA_Mid_Forereef","Forereef","Mid_Forereef","CYSP",4,1936,0,0,0,0,NA,NA,NA,NA,NA,NA,NA,NA,NA,NA,NA,NA,"SfM"
"MHI","MAI_LAHAINA",2019,"MAI_LAHAINA_Mid_Forereef","Forereef","Mid_Forereef","LEPT",4,1936,0,0,0,0,NA,NA,NA,NA,NA,NA,NA,NA,NA,NA,NA,NA,"SfM"
"MHI","MAI_LAHAINA",2019,"MAI_LAHAINA_Mid_Forereef","Forereef","Mid_Forereef","MOSP",4,1936,1.825,1.78996968613235,1.825,1.78996968613235,15.1180555555556,3.44848800452898,0.0208333333333333,0.0147161650264394,14.2871872979167,5.43869450097859,5.47945205479452,3.87055299325531,0,0,0,0,"SfM"
"MHI","MAI_LAHAINA",2019,"MAI_LAHAINA_Mid_Forereef","Forereef","Mid_Forereef","PAVS",4,1936,0.2,0.199793281598508,0.2,0.199793281598508,26.25,NA,0,NA,12.083356625,NA,0,NA,0,NA,0,NA,"SfM"
"MHI","MAI_LAHAINA",2019,"MAI_LAHAINA_Mid_Forereef","Forereef","Mid_Forereef","POCS",4,1936,0.025,0.0249741601998135,0.025,0.0249741601998135,0,NA,0,NA,17.196959,NA,0,NA,0,NA,0,NA,"SfM"
"MHI","MAI_LAHAINA",2019,"MAI_LAHAINA_Mid_Forereef","Forereef","Mid_Forereef","POSP",4,1936,4.04166666666667,1.62332041298788,4.04166666666667,1.62332041298788,24.7956090301786,2.27510134371046,0.291099139611656,0.180828540780001,15.6634930621973,4.02058040488862,4.12371134020619,4.11944910512388,0,0,3.09278350515464,2.33939739031875,"SfM"
"MHI","MAI_LAHAINA",2019,"MAI_LAHAINA_Mid_Forereef","Forereef","Mid_Forereef","PSSP",4,1936,0,0,0,0,NA,NA,NA,NA,NA,NA,NA,NA,NA,NA,NA,NA,"SfM"
"MHI","MAI_LAHAINA",2019,"MAI_LAHAINA_Mid_Forereef","Forereef","Mid_Forereef","SSSS",4,1936,6.09166666666667,3.10744081954423,6.09166666666667,3.10744081954423,23.556520784462,3.21045582153874,0.292764072175837,0.179138500469242,15.2595683508914,3.7783523220726,3.55677154582763,2.57844876732148,0,0,2.05198358413133,1.55213096348098,"SfM"
"MHI","MAI_LAHAINA",2019,"MAI_LAHAINA_Mid_Forereef","Forereef","Mid_Forereef","UNKN",4,1936,0,0,0,0,NA,NA,NA,NA,NA,NA,NA,NA,NA,NA,NA,NA,"SfM"
"MHI","MAI_LAHAINA",2019,"MAI_LAHAINA_Shallow_Forereef","Forereef","Shallow_Forereef","CYSP",3,1757,0,0,0,0,NA,NA,NA,NA,NA,NA,NA,NA,NA,NA,NA,NA,"SfM"
"MHI","MAI_LAHAINA",2019,"MAI_LAHAINA_Shallow_Forereef","Forereef","Shallow_Forereef","LEPT",3,1757,0,0,0,0,NA,NA,NA,NA,NA,NA,NA,NA,NA,NA,NA,NA,"SfM"
"MHI","MAI_LAHAINA",2019,"MAI_LAHAINA_Shallow_Forereef","Forereef","Shallow_Forereef","MOSP",3,1757,8.2,4.0822579784964,8.2,4.0822579784964,14.4478132743956,0.79044583991114,0.21332127787824,0.118901655709968,23.8548363986333,7.16446694411881,7.31707317073171,3.06641714509161,0.813008130081301,0.812313745786572,0,0,"SfM"
"MHI","MAI_LAHAINA",2019,"MAI_LAHAINA_Shallow_Forereef","Forereef","Shallow_Forereef","PAVS",3,1757,0.133333333333333,0.088116386474335,0.133333333333333,0.088116386474335,15,0,0.5,0.407899608586328,28.2410887333333,12.1288539625804,0,0,0,0,0,0,"SfM"
"MHI","MAI_LAHAINA",2019,"MAI_LAHAINA_Shallow_Forereef","Forereef","Shallow_Forereef","POCS",3,1757,0.0666666666666667,0.0666097271544989,0.0666666666666667,0.0666097271544989,5.5,NA,0,NA,21.203366,NA,0,NA,0,NA,0,NA,"SfM"
"MHI","MAI_LAHAINA",2019,"MAI_LAHAINA_Shallow_Forereef","Forereef","Shallow_Forereef","POSP",3,1757,4.93333333333333,1.47559715373002,4.93333333333333,1.47559715373002,20.4567979773265,3.31431334927949,0.220573362694723,0.0648358900380653,22.6141953892313,3.55639999693287,0.675675675675675,0.675098586025326,3.37837837837838,1.78614296907436,2.7027027027027,1.78614296907436,"SfM"
"MHI","MAI_LAHAINA",2019,"MAI_LAHAINA_Shallow_Forereef","Forereef","Shallow_Forereef","PSSP",3,1757,0,0,0,0,NA,NA,NA,NA,NA,NA,NA,NA,NA,NA,NA,NA,"SfM"
"MHI","MAI_LAHAINA",2019,"MAI_LAHAINA_Shallow_Forereef","Forereef","Shallow_Forereef","SSSS",3,1757,13.3666666666667,4.8748127559479,13.3666666666667,4.8748127559479,15.9433772978077,1.08848498085784,0.236220881790502,0.0662972098362835,25.6346521194117,4.62086839723549,4.73815461346633,2.03949170123845,1.74563591022444,0.898372020075605,0.997506234413965,0.659224836466347,"SfM"
"MHI","MAI_LAHAINA",2019,"MAI_LAHAINA_Shallow_Forereef","Forereef","Shallow_Forereef","UNKN",3,1757,0.0333333333333333,0.0333048635772494,0.0333333333333333,0.0333048635772494,0,NA,0,NA,10.7996343,NA,0,NA,0,NA,0,NA,"SfM"
"MHI","MAI_NE",2019,"MAI_NE_Mid_Forereef","Forereef","Mid_Forereef","CYSP",2,3707,0,0,0,0,NA,NA,NA,NA,NA,NA,NA,NA,NA,NA,NA,NA,"SfM"
"MHI","MAI_NE",2019,"MAI_NE_Mid_Forereef","Forereef","Mid_Forereef","LEPT",2,3707,0,0,0,0,NA,NA,NA,NA,NA,NA,NA,NA,NA,NA,NA,NA,"SfM"
"MHI","MAI_NE",2019,"MAI_NE_Mid_Forereef","Forereef","Mid_Forereef","MOSP",2,3707,0.15,0.149959530553695,0.15,0.149959530553695,21.6666666666667,NA,0,NA,14.3447687666667,NA,200,NA,0,NA,0,NA,"SfM"
"MHI","MAI_NE",2019,"MAI_NE_Mid_Forereef","Forereef","Mid_Forereef","PAVS",2,3707,0,0,0,0,NA,NA,NA,NA,NA,NA,NA,NA,NA,NA,NA,NA,"SfM"
"MHI","MAI_NE",2019,"MAI_NE_Mid_Forereef","Forereef","Mid_Forereef","POCS",2,3707,0.6,0.599838122214779,0.6,0.599838122214779,10.5,NA,0.0833333333333333,NA,15.0566001583333,NA,100,NA,0,NA,0,NA,"SfM"
"MHI","MAI_NE",2019,"MAI_NE_Mid_Forereef","Forereef","Mid_Forereef","POSP",2,3707,1.25,0.349905571291955,1.25,0.349905571291955,28.5486111111111,1.32603103406277,1.18055555555556,1.06915591228097,17.1068446371528,3.1489661728723,4,3.9989208147652,8,7.99784162953039,0,0,"SfM"
"MHI","MAI_NE",2019,"MAI_NE_Mid_Forereef","Forereef","Mid_Forereef","PSSP",2,3707,0,0,0,0,NA,NA,NA,NA,NA,NA,NA,NA,NA,NA,NA,NA,"SfM"
"MHI","MAI_NE",2019,"MAI_NE_Mid_Forereef","Forereef","Mid_Forereef","SSSS",2,3707,2,0.09997302036913,2,0.09997302036913,23.1228070175439,5.45466830435077,0.994987468671679,0.899506624373876,16.9542796195489,2.36828526392117,25,4.99865101845649,5,4.9986510184565,0,0,"SfM"
"MHI","MAI_NE",2019,"MAI_NE_Mid_Forereef","Forereef","Mid_Forereef","UNKN",2,3707,0,0,0,0,NA,NA,NA,NA,NA,NA,NA,NA,NA,NA,NA,NA,"SfM"
"MHI","MOL_PALI",2019,"MOL_PALI_Mid_Forereef","Forereef","Mid_Forereef","CYSP",2,1872,0,0,0,0,NA,NA,NA,NA,NA,NA,NA,NA,NA,NA,NA,NA,"SfM"
"MHI","MOL_PALI",2019,"MOL_PALI_Mid_Forereef","Forereef","Mid_Forereef","LEPT",2,1872,0,0,0,0,NA,NA,NA,NA,NA,NA,NA,NA,NA,NA,NA,NA,"SfM"
"MHI","MOL_PALI",2019,"MOL_PALI_Mid_Forereef","Forereef","Mid_Forereef","MOSP",2,1872,0,0,0,0,NA,NA,NA,NA,NA,NA,NA,NA,NA,NA,NA,NA,"SfM"
"MHI","MOL_PALI",2019,"MOL_PALI_Mid_Forereef","Forereef","Mid_Forereef","PAVS",2,1872,0,0,0,0,NA,NA,NA,NA,NA,NA,NA,NA,NA,NA,NA,NA,"SfM"
"MHI","MOL_PALI",2019,"MOL_PALI_Mid_Forereef","Forereef","Mid_Forereef","POCS",2,1872,0.95,0.749599251908337,0.95,0.749599251908337,0,0,0.117647058823529,0.117584196377778,17.3430026058824,4.1984582292798,15.7894736842105,5.26034562742693,0,0,0,0,"SfM"
"MHI","MOL_PALI",2019,"MOL_PALI_Mid_Forereef","Forereef","Mid_Forereef","POSP",2,1872,1.15,0.0499732834605557,1.15,0.0499732834605557,27.9280303030303,6.65174689698459,1.89393939393939,1.43862482689479,12.326341225,0.16916373728315,0,0,8.69565217391304,0,0,0,"SfM"
"MHI","MOL_PALI",2019,"MOL_PALI_Mid_Forereef","Forereef","Mid_Forereef","PSSP",2,1872,0,0,0,0,NA,NA,NA,NA,NA,NA,NA,NA,NA,NA,NA,NA,"SfM"
"MHI","MOL_PALI",2019,"MOL_PALI_Mid_Forereef","Forereef","Mid_Forereef","SSSS",2,1872,2.1,0.699625968447781,2.1,0.699625968447781,19,10.637170336604,1.58928571428571,1.26717968774981,13.1931349464286,0.304734665977262,7.14285714285715,2.37968016478837,4.76190476190476,0,0,0,"SfM"
"MHI","MOL_PALI",2019,"MOL_PALI_Mid_Forereef","Forereef","Mid_Forereef","UNKN",2,1872,0,0,0,0,NA,NA,NA,NA,NA,NA,NA,NA,NA,NA,NA,NA,"SfM"
"MHI","MOL_SOUTH",2019,"MOL_SOUTH_Deep_Forereef","Forereef","Deep_Forereef","CYSP",2,2416,0,0,0,0,NA,NA,NA,NA,NA,NA,NA,NA,NA,NA,NA,NA,"SfM"
"MHI","MOL_SOUTH",2019,"MOL_SOUTH_Deep_Forereef","Forereef","Deep_Forereef","LEPT",2,2416,0,0,0,0,NA,NA,NA,NA,NA,NA,NA,NA,NA,NA,NA,NA,"SfM"
"MHI","MOL_SOUTH",2019,"MOL_SOUTH_Deep_Forereef","Forereef","Deep_Forereef","MOSP",2,2416,11,4.73137376656199,11,4.73137376656199,15.9522178146412,4.49272996700162,0.112423368193292,0.0485734635578664,17.7935922204842,1.03969922534003,7.87878787878788,0.605809701224326,0.606060606060606,0.605809701224326,1.21212121212121,0,"SfM"
"MHI","MOL_SOUTH",2019,"MOL_SOUTH_Deep_Forereef","Forereef","Deep_Forereef","PAVS",2,2416,1.73333333333333,1.33278134269352,1.73333333333333,1.33278134269352,30.1666666666667,3.16535568889711,0,0,19.6459852108696,1.4163177007016,0,0,0,0,0,0,"SfM"
"MHI","MOL_SOUTH",2019,"MOL_SOUTH_Deep_Forereef","Forereef","Deep_Forereef","POCS",2,2416,0.133333333333333,0,0.133333333333333,0,2.5,2.49896501755035,0,0,7.75557325,2.18961458949746,0,0,0,0,0,0,"SfM"
"MHI","MOL_SOUTH",2019,"MOL_SOUTH_Deep_Forereef","Forereef","Deep_Forereef","POSP",2,2416,3,0.0666390671346761,3,0.0666390671346761,44.3498023715415,14.7350040046704,0.175889328063241,0.0849450559325414,34.137930977619,1.96822961166401,0,0,0,0,0,0,"SfM"
"MHI","MOL_SOUTH",2019,"MOL_SOUTH_Deep_Forereef","Forereef","Deep_Forereef","PSSP",2,2416,0,0,0,0,NA,NA,NA,NA,NA,NA,NA,NA,NA,NA,NA,NA,"SfM"
"MHI","MOL_SOUTH",2019,"MOL_SOUTH_Deep_Forereef","Forereef","Deep_Forereef","SSSS",2,2416,15.8666666666667,5.99751604212083,15.8666666666667,5.99751604212083,21.7827125906394,1.82463981653899,0.124835201054713,0.0032122490337661,21.4003326857721,2.4803760409655,5.46218487394958,0.419994120596697,0.420168067226891,0.419994120596697,0.840336134453782,0,"SfM"
"MHI","MOL_SOUTH",2019,"MOL_SOUTH_Deep_Forereef","Forereef","Deep_Forereef","UNKN",2,2416,0,0,0,0,NA,NA,NA,NA,NA,NA,NA,NA,NA,NA,NA,NA,"SfM"
"MHI","MOL_SOUTH",2019,"MOL_SOUTH_Mid_Forereef","Forereef","Mid_Forereef","CYSP",3,5173,0,0,0,0,NA,NA,NA,NA,NA,NA,NA,NA,NA,NA,NA,NA,"SfM"
"MHI","MOL_SOUTH",2019,"MOL_SOUTH_Mid_Forereef","Forereef","Mid_Forereef","LEPT",3,5173,0,0,0,0,NA,NA,NA,NA,NA,NA,NA,NA,NA,NA,NA,NA,"SfM"
"MHI","MOL_SOUTH",2019,"MOL_SOUTH_Mid_Forereef","Forereef","Mid_Forereef","MOSP",3,5173,5.53333333333333,3.23291091031184,5.53333333333333,3.23291091031184,15.0067791005291,0.916537736429107,0.0940806878306878,0.0616783604105584,16.9436767554054,4.91363575290684,22.5903614457831,2.21275244118762,0,0,0.903614457831325,0.737584147062542,"SfM"
"MHI","MOL_SOUTH",2019,"MOL_SOUTH_Mid_Forereef","Forereef","Mid_Forereef","PAVS",3,5173,0.166666666666667,0.12015018774867,0.166666666666667,0.12015018774867,29.375,7.65243552577387,0,0,10.7608693,2.29514409344749,0,0,0,0,0,0,"SfM"
"MHI","MOL_SOUTH",2019,"MOL_SOUTH_Mid_Forereef","Forereef","Mid_Forereef","POCS",3,5173,0.2,0.115436566461174,0.2,0.115436566461174,36.875,14.7947086831628,0.25,0.20406494735397,19.31837695,2.38631643469124,0,0,0,0,0,0,"SfM"
"MHI","MOL_SOUTH",2019,"MOL_SOUTH_Mid_Forereef","Forereef","Mid_Forereef","POSP",3,5173,4.27777777777778,1.96283026794897,4.27777777777778,1.96283026794897,29.2875,12.4548742420767,1.25119047619048,0.874662038166155,22.6569243934812,7.51537302169456,0,0,1.55844155844156,0.778994798033982,6.23376623376623,4.12205301642181,"SfM"
"MHI","MOL_SOUTH",2019,"MOL_SOUTH_Mid_Forereef","Forereef","Mid_Forereef","PSSP",3,5173,0,0,0,0,NA,NA,NA,NA,NA,NA,NA,NA,NA,NA,NA,NA,"SfM"
"MHI","MOL_SOUTH",2019,"MOL_SOUTH_Mid_Forereef","Forereef","Mid_Forereef","SSSS",3,5173,10.1777777777778,5.4091654807621,10.1777777777778,5.4091654807621,28.0094202898551,11.237070101801,1.13630434782609,0.931744373914147,17.4744522526915,3.59953288009486,8.18777292576419,4.1801668379902,0.655021834061135,0.327415935854894,2.94759825327511,2.04471186405755,"SfM"
"MHI","MOL_SOUTH",2019,"MOL_SOUTH_Mid_Forereef","Forereef","Mid_Forereef","UNKN",3,5173,0,0,0,0,NA,NA,NA,NA,NA,NA,NA,NA,NA,NA,NA,NA,"SfM"
"MHI","MOL_SOUTH",2019,"MOL_SOUTH_Shallow_Forereef","Forereef","Shallow_Forereef","CYSP",2,16928,0,0,0,0,NA,NA,NA,NA,NA,NA,NA,NA,NA,NA,NA,NA,"SfM"
"MHI","MOL_SOUTH",2019,"MOL_SOUTH_Shallow_Forereef","Forereef","Shallow_Forereef","LEPT",2,16928,0,0,0,0,NA,NA,NA,NA,NA,NA,NA,NA,NA,NA,NA,NA,"SfM"
"MHI","MOL_SOUTH",2019,"MOL_SOUTH_Shallow_Forereef","Forereef","Shallow_Forereef","MOSP",2,16928,0.4,0.399976369812415,0.4,0.399976369812415,25.8333333333333,NA,0.166666666666667,NA,20.0298117666667,NA,0,NA,33.3333333333333,NA,0,NA,"SfM"
"MHI","MOL_SOUTH",2019,"MOL_SOUTH_Shallow_Forereef","Forereef","Shallow_Forereef","PAVS",2,16928,0.1,0.0999940924531037,0.1,0.0999940924531037,27.5,NA,7.5,NA,27.37982085,NA,0,NA,0,NA,0,NA,"SfM"
"MHI","MOL_SOUTH",2019,"MOL_SOUTH_Shallow_Forereef","Forereef","Shallow_Forereef","POCS",2,16928,0.6,0.599964554718622,0.6,0.599964554718622,5.91666666666667,NA,0.5,NA,9.15678714166667,NA,0,NA,0,NA,0,NA,"SfM"
"MHI","MOL_SOUTH",2019,"MOL_SOUTH_Shallow_Forereef","Forereef","Shallow_Forereef","POSP",2,16928,0.716666666666667,0.583298872643105,0.716666666666667,0.583298872643105,50.9615384615385,39.0361553230386,0,0,35.3472692653846,1.37445636393334,6.97674418604651,6.97633203161189,0,0,0,0,"SfM"
"MHI","MOL_SOUTH",2019,"MOL_SOUTH_Shallow_Forereef","Forereef","Shallow_Forereef","PSSP",2,16928,0,0,0,0,NA,NA,NA,NA,NA,NA,NA,NA,NA,NA,NA,NA,"SfM"
"MHI","MOL_SOUTH",2019,"MOL_SOUTH_Shallow_Forereef","Forereef","Shallow_Forereef","SSSS",2,16928,1.81666666666667,0.883281150002416,1.81666666666667,0.883281150002416,22.7037037037037,12.2955698868261,0.46031746031746,0.317441563343186,22.900172739418,0.87846336928797,2.75229357798165,2.75213098494781,3.6697247706422,3.66950797993041,0,0,"SfM"
"MHI","MOL_SOUTH",2019,"MOL_SOUTH_Shallow_Forereef","Forereef","Shallow_Forereef","UNKN",2,16928,0,0,0,0,NA,NA,NA,NA,NA,NA,NA,NA,NA,NA,NA,NA,"SfM"
"MHI","MOL_WEST",2019,"MOL_WEST_Deep_Forereef","Forereef","Deep_Forereef","CYSP",2,5537,0,0,0,0,NA,NA,NA,NA,NA,NA,NA,NA,NA,NA,NA,NA,"SfM"
"MHI","MOL_WEST",2019,"MOL_WEST_Deep_Forereef","Forereef","Deep_Forereef","LEPT",2,5537,0,0,0,0,NA,NA,NA,NA,NA,NA,NA,NA,NA,NA,NA,NA,"SfM"
"MHI","MOL_WEST",2019,"MOL_WEST_Deep_Forereef","Forereef","Deep_Forereef","MOSP",2,5537,0,0,0,0,NA,NA,NA,NA,NA,NA,NA,NA,NA,NA,NA,NA,"SfM"
"MHI","MOL_WEST",2019,"MOL_WEST_Deep_Forereef","Forereef","Deep_Forereef","PAVS",2,5537,0,0,0,0,NA,NA,NA,NA,NA,NA,NA,NA,NA,NA,NA,NA,"SfM"
"MHI","MOL_WEST",2019,"MOL_WEST_Deep_Forereef","Forereef","Deep_Forereef","POCS",2,5537,0.333333333333333,0.0666546253649038,0.333333333333333,0.0666546253649038,8.75,3.74932267677584,0.375,0.374932267677584,22.596067325,0.997151087506433,45,44.99187212131,0,0,0,0,"SfM"
"MHI","MOL_WEST",2019,"MOL_WEST_Deep_Forereef","Forereef","Deep_Forereef","POSP",2,5537,1.3,0.0999819380473556,1.3,0.0999819380473556,19.6507936507937,4.79278496671451,0,0,8.82250889880952,3.73293860207044,0,0,0,0,0,0,"SfM"
"MHI","MOL_WEST",2019,"MOL_WEST_Deep_Forereef","Forereef","Deep_Forereef","PSSP",2,5537,0,0,0,0,NA,NA,NA,NA,NA,NA,NA,NA,NA,NA,NA,NA,"SfM"
"MHI","MOL_WEST",2019,"MOL_WEST_Deep_Forereef","Forereef","Deep_Forereef","SSSS",2,5537,1.63333333333333,0.166636563412259,1.63333333333333,0.166636563412259,17.469696969697,4.80216278197147,0.0833333333333333,0.0833182817061297,11.5094713244949,3.05556837493552,9.18367346938776,9.1820147186347,0,0,0,0,"SfM"
"MHI","MOL_WEST",2019,"MOL_WEST_Deep_Forereef","Forereef","Deep_Forereef","UNKN",2,5537,0,0,0,0,NA,NA,NA,NA,NA,NA,NA,NA,NA,NA,NA,NA,"SfM"
"MHI","NII_WEST",2019,"NII_WEST_Mid_Forereef","Forereef","Mid_Forereef","CYSP",2,11972,0.1,0,0.1,0,25,0,0,0,5.1705416,0,0,0,0,0,0,0,"SfM"
"MHI","NII_WEST",2019,"NII_WEST_Mid_Forereef","Forereef","Mid_Forereef","LEPT",2,11972,0,0,0,0,NA,NA,NA,NA,NA,NA,NA,NA,NA,NA,NA,NA,"SfM"
"MHI","NII_WEST",2019,"NII_WEST_Mid_Forereef","Forereef","Mid_Forereef","MOSP",2,11972,0.3,0,0.3,0,29,0,0,0,16.3725847,0,33.3333333333333,0,0,0,0,0,"SfM"
"MHI","NII_WEST",2019,"NII_WEST_Mid_Forereef","Forereef","Mid_Forereef","PAVS",2,11972,0,0,0,0,NA,NA,NA,NA,NA,NA,NA,NA,NA,NA,NA,NA,"SfM"
"MHI","NII_WEST",2019,"NII_WEST_Mid_Forereef","Forereef","Mid_Forereef","POCS",2,11972,0.2,0,0.2,0,2.5,0,0,0,27.85818285,0,50,0,0,0,0,0,"SfM"
"MHI","NII_WEST",2019,"NII_WEST_Mid_Forereef","Forereef","Mid_Forereef","POSP",2,11972,2,0,2,0,19.75,0,0,0,24.035175885,0,0,0,0,0,0,0,"SfM"
"MHI","NII_WEST",2019,"NII_WEST_Mid_Forereef","Forereef","Mid_Forereef","PSSP",2,11972,0,0,0,0,NA,NA,NA,NA,NA,NA,NA,NA,NA,NA,NA,NA,"SfM"
"MHI","NII_WEST",2019,"NII_WEST_Mid_Forereef","Forereef","Mid_Forereef","SSSS",2,11972,2.6,0,2.6,0,19.6923076923077,0,0,0,22.71954535,0,7.69230769230769,0,0,0,0,0,"SfM"
"MHI","NII_WEST",2019,"NII_WEST_Mid_Forereef","Forereef","Mid_Forereef","UNKN",2,11972,0,0,0,0,NA,NA,NA,NA,NA,NA,NA,NA,NA,NA,NA,NA,"SfM"
"MHI","OAH_NORTH",2019,"OAH_NORTH_Mid_Forereef","Forereef","Mid_Forereef","CYSP",6,4587,0,0,0,0,NA,NA,NA,NA,NA,NA,NA,NA,NA,NA,NA,NA,"SfM"
"MHI","OAH_NORTH",2019,"OAH_NORTH_Mid_Forereef","Forereef","Mid_Forereef","LEPT",6,4587,0,0,0,0,NA,NA,NA,NA,NA,NA,NA,NA,NA,NA,NA,NA,"SfM"
"MHI","OAH_NORTH",2019,"OAH_NORTH_Mid_Forereef","Forereef","Mid_Forereef","MOSP",6,4587,1.06666666666667,0.327064221543981,1.06666666666667,0.327064221543981,24.3253968253968,5.10086824474062,0,0,8.5838232784127,0.821689827876888,50,23.2864450427126,0,0,0,0,"SfM"
"MHI","OAH_NORTH",2019,"OAH_NORTH_Mid_Forereef","Forereef","Mid_Forereef","PAVS",6,4587,0,0,0,0,NA,NA,NA,NA,NA,NA,NA,NA,NA,NA,NA,NA,"SfM"
"MHI","OAH_NORTH",2019,"OAH_NORTH_Mid_Forereef","Forereef","Mid_Forereef","POCS",6,4587,0.666666666666667,0.128151997174328,0.666666666666667,0.128151997174328,10.0666666666667,3.64933804856697,0.222222222222222,0.14045372371079,9.00323284174603,0.877216468881897,15,5.47364217553492,5,3.16020878349277,0,0,"SfM"
"MHI","OAH_NORTH",2019,"OAH_NORTH_Mid_Forereef","Forereef","Mid_Forereef","POSP",6,4587,4.26666666666667,1.68583966434614,4.26666666666667,1.68583966434614,27.6979166666667,2.31177784202667,0.0694444444444444,0.0438917886596219,11.91978928404,0.437377838273204,0,0,0,0,2.34375,1.48134786726224,"SfM"
"MHI","OAH_NORTH",2019,"OAH_NORTH_Mid_Forereef","Forereef","Mid_Forereef","PSSP",6,4587,0,0,0,0,NA,NA,NA,NA,NA,NA,NA,NA,NA,NA,NA,NA,"SfM"
"MHI","OAH_NORTH",2019,"OAH_NORTH_Mid_Forereef","Forereef","Mid_Forereef","SSSS",6,4587,6.03333333333333,1.88567951273954,6.03333333333333,1.88567951273954,22.4232974910394,1.79422296675703,0.0611111111111111,0.0386247740204672,10.9291082698029,0.373455194444045,10.4972375690608,4.29097189759518,0.552486187845304,0.349194340717434,1.65745856353591,1.0475830221523,"SfM"
"MHI","OAH_NORTH",2019,"OAH_NORTH_Mid_Forereef","Forereef","Mid_Forereef","UNKN",6,4587,0.0333333333333333,0.0210680585566185,0.0333333333333333,0.0210680585566185,0,0,0,0,6.7201934,0,0,0,0,0,0,0,"SfM"
