"","X.1","X","SITEVISITID","REGION","ISLAND","SITE","OLD_SITE","OCC_SITEID","REEF_ZONE","DEPTH_BIN","ROUNDID","MISSIONID","OBS_YEAR","DATE_","HABITAT_CODE","LATITUDE_SV","LONGITUDE_SV","LATITUDE_LOV","LONGITUDE_LOV","EXCLUDE_FLAG","CLIMATE_STATION_YN","PERM_SITE","TRANSECT_PHOTOS","PHOTOMOSAIC_YN","new_MIN_DEPTH_M","new_MAX_DEPTH_M","benth","fish","arms_d","arms_r","cau_d","cau_r","microb","ARMS","Benthic","CAU","Fish","Oceanography","HUMANS20","HUMANS200","TYPE","ANALYSIS_SCHEME","bANALYSIS_SCHEME","ANALYSIS_YEAR","TUT2012","OTHER_AREA_GROUPING","SPECIAL_PROJ_YN","SPECIAL_PROJ_DESCRIPTION","depth_bin","SEC_NAME"
"1",12468,NA,51280,"SAMOA","Tutuila","TUT-05961","TUT-5961",NA,"Forereef","Deep",188,"RA2301_LEG3",2023,"04/08/2023 09.52.23","AGR",-14.340092,-170.791304,-14.340092,-170.791304,0,0,0,-1,-1,22.55409936,23.46845474,1,0,0,0,0,0,0,0,1,0,0,0,NA,NA,"RANDOM","RAMP_BASIC","RAMP_BASIC","2023",NA,NA,NA,NA,"DEEP","TUT_SW_OPEN"
"2",12469,NA,51281,"SAMOA","Tutuila","TUT-05876","TUT-5876",NA,"Forereef","Mid",188,"RA2301_LEG3",2023,"04/08/2023 11.06.28","AGR",-14.330245,-170.8126,-14.330245,-170.8126,0,0,0,-1,-1,8.229198415,10.66747943,1,0,0,0,0,0,0,0,1,0,0,0,NA,NA,"RANDOM","RAMP_BASIC","RAMP_BASIC","2023",NA,NA,NA,NA,"MID","TUT_SW_OPEN"
"3",12470,NA,51282,"SAMOA","Tutuila","TUT-05763","TUT-5763",NA,"Forereef","Shallow",188,"RA2301_LEG3",2023,"04/08/2023 13.02.44","PAV",-14.326576,-170.834455,-14.326576,-170.834455,0,0,0,-1,-1,2.438281012,4.266991771,1,0,0,0,0,0,0,0,1,0,0,0,NA,NA,"RANDOM","RAMP_BASIC","RAMP_BASIC","2023",NA,NA,NA,NA,"SHAL","TUT_SW_OPEN"
"4",12471,NA,51283,"SAMOA","Tutuila","TUT-05765","TUT-5765",NA,"Forereef","Shallow",188,"RA2301_LEG3",2023,"04/08/2023 14.43.31","SAG",-14.326243,-170.837539,-14.326243,-170.837539,0,0,0,-1,0,3.962206644,5.486132277,1,0,0,0,0,0,0,0,1,0,0,0,NA,NA,"RANDOM","RAMP_BASIC","RAMP_BASIC","2023",NA,NA,NA,NA,"SHAL","TUT_SW_OPEN"
"5",12472,NA,51284,"SAMOA","Tutuila","TUT-05948","TUT-5948",NA,"Forereef","Deep",188,"RA2301_LEG3",2023,"04/08/2023 10.11.13","AGR",-14.350096,-170.789554,-14.350096,-170.789554,0,0,0,-1,-1,21.33495885,22.24931423,1,0,0,0,0,0,0,0,1,0,0,0,NA,NA,"RANDOM","RAMP_BASIC","RAMP_BASIC","2023",NA,NA,NA,NA,"DEEP","TUT_SW_OPEN"
"6",12473,NA,51285,"SAMOA","Tutuila","TUT-05884","TUT-5884",NA,"Forereef","Mid",188,"RA2301_LEG3",2023,"04/08/2023 11.47.58","AGR",-14.335902,-170.803115,-14.335902,-170.803115,0,0,0,-1,-1,11.88661993,13.41054557,1,0,0,0,0,0,0,0,1,0,0,0,NA,NA,"RANDOM","RAMP_BASIC","RAMP_BASIC","2023",NA,NA,NA,NA,"MID","TUT_SW_OPEN"
"7",12474,NA,51286,"SAMOA","Tutuila","TUT-05878","TUT-5878",NA,"Forereef","Mid",188,"RA2301_LEG3",2023,"04/08/2023 13.34.34","AGR",-14.334391,-170.818574,-14.334391,-170.818574,0,0,0,-1,-1,12.49619019,13.41054557,1,0,0,0,0,0,0,0,1,0,0,0,NA,NA,"RANDOM","RAMP_BASIC","RAMP_BASIC","2023",NA,NA,NA,NA,"MID","TUT_SW_OPEN"
"8",12475,NA,51287,"SAMOA","Tutuila","TUT-05760","TUT-5760",NA,"Forereef","Shallow",188,"RA2301_LEG3",2023,"04/08/2023 15.14.27","AGR",-14.330949,-170.830461,-14.330949,-170.830461,0,0,0,-1,-1,4.266991771,4.571776897,1,0,0,0,0,0,0,0,1,0,0,0,NA,NA,"RANDOM","RAMP_BASIC","RAMP_BASIC","2023",NA,NA,NA,NA,"SHAL","TUT_SW_OPEN"
"9",12476,NA,51320,"SAMOA","Tutuila","TUT-05920","TUT-5920",NA,"Forereef","Deep",188,"RA2301_LEG3",2023,"04/11/2023 09.47.31","AGR",-14.255297,-170.622993,-14.255297,-170.622993,0,0,0,-1,-1,18.89667784,19.81103322,1,0,0,0,0,0,0,0,1,0,0,0,NA,NA,"RANDOM","RAMP_BASIC","RAMP_BASIC","2023",NA,NA,NA,NA,"DEEP","TUT_NE_OPEN"
"10",12477,NA,51321,"SAMOA","Tutuila","TUT-05930","TUT-5930",NA,"Forereef","Mid",188,"RA2301_LEG3",2023,"04/11/2023 12.12.19","AGR",-14.252287,-170.652265,-14.252287,-170.652265,0,0,0,-1,-1,7.010057909,7.924413289,1,0,0,0,0,0,0,0,1,0,0,0,NA,NA,"RANDOM","RAMP_BASIC","RAMP_BASIC","2023",NA,NA,NA,NA,"DEEP","TUT_NE_OPEN"
"11",12478,NA,51322,"SAMOA","Tutuila","TUT-05833","TUT-5833",NA,"Forereef","Mid",188,"RA2301_LEG3",2023,"04/11/2023 13.36.54","AGR",-14.250439,-170.657301,-14.250439,-170.657301,0,0,0,-1,-1,11.58183481,12.80097531,1,0,0,0,0,0,0,0,1,0,0,0,NA,NA,"RANDOM","RAMP_BASIC","RAMP_BASIC","2023",NA,NA,NA,NA,"MID","TUT_NE_OPEN"
"12",12479,NA,51323,"SAMOA","Tutuila","TUT-05725","TUT-5725",NA,"Forereef","Shallow",188,"RA2301_LEG3",2023,"04/11/2023 14.45.46","AGR",-14.247567,-170.673476,-14.247567,-170.673476,0,0,0,-1,0,4.571776897,5.486132277,1,0,0,0,0,0,0,0,1,0,0,0,NA,NA,"RANDOM","RAMP_BASIC","RAMP_BASIC","2023",NA,NA,NA,NA,"SHAL","TUT_NE_OPEN"
"13",12480,NA,51423,"SAMOA","Tutuila","TUT-05942","TUT-5942",NA,"Forereef","Deep",188,"RA2301_LEG3",2023,"04/17/2023 09.17.44","AGR",-14.28863,-170.63386,-14.28863,-170.63386,0,0,0,-1,0,20.11581835,20.7253886,1,0,0,0,0,0,0,0,1,0,0,0,NA,NA,"RANDOM","RAMP_BASIC","RAMP_BASIC","2023",NA,NA,NA,NA,"DEEP","TUT_SE_OPEN"
"14",12481,NA,51424,"SAMOA","Tutuila","TUT-05743","TUT-5743",NA,"Forereef","Mid",188,"RA2301_LEG3",2023,"04/17/2023 11.28.01","AGR",-14.279754,-170.6196,-14.279754,-170.6196,0,0,0,-1,0,14.62968607,14.9344712,1,0,0,0,0,0,0,0,1,0,0,0,NA,NA,"RANDOM","RAMP_BASIC","RAMP_BASIC","2023",NA,NA,NA,NA,"SHAL","TUT_SE_OPEN"
"15",12482,NA,51425,"SAMOA","Tutuila","TUT-05745","TUT-5745",NA,"Forereef","Shallow",188,"RA2301_LEG3",2023,"04/17/2023 13.10.53","AGR",-14.272025,-170.608855,-14.272025,-170.608855,0,0,0,-1,0,3.047851265,4.571776897,1,0,0,0,0,0,0,0,1,0,0,0,NA,NA,"RANDOM","RAMP_BASIC","RAMP_BASIC","2023",NA,NA,NA,NA,"SHAL","TUT_SE_OPEN"
"16",12483,NA,51426,"SAMOA","Tutuila","TUT-05738","TUT-5738",NA,"Forereef","Shallow",188,"RA2301_LEG3",2023,"04/17/2023 14.49.33","AGR",-14.277459,-170.60733,-14.277459,-170.60733,0,0,0,-1,0,2.133495885,3.352636391,1,0,0,0,0,0,0,0,1,0,0,0,NA,NA,"RANDOM","RAMP_BASIC","RAMP_BASIC","2023",NA,NA,NA,NA,"SHAL","TUT_SE_OPEN"
"17",12484,NA,51484,"SAMOA","Tutuila","TUT-05913","TUT-5913",NA,"Forereef","Deep",188,"RA2301_LEG3",2023,"04/20/2023 10.19.30","PAV",-14.294678,-170.565554,-14.294678,-170.565554,0,0,0,-1,-1,19.20146297,20.11581835,1,0,0,0,0,0,0,0,1,0,0,0,NA,NA,"RANDOM","RAMP_BASIC","RAMP_BASIC","2023",NA,NA,NA,NA,"DEEP","TUT_AUNUU_A"
"18",12485,NA,51485,"SAMOA","Tutuila","TUT-05804","TUT-5804",NA,"Forereef","Mid",188,"RA2301_LEG3",2023,"04/20/2023 11.33.12","RRB",-14.30062,-170.573322,-14.30062,-170.573322,0,0,0,-1,-1,17.06796708,17.67753734,1,0,0,0,0,0,0,0,1,0,0,0,NA,NA,"RANDOM","RAMP_BASIC","RAMP_BASIC","2023",NA,NA,NA,NA,"MID","TUT_AUNUU_A"
"19",12486,NA,51486,"SAMOA","Tutuila","TUT-05713","TUT-5713",NA,"Forereef","Mid",188,"RA2301_LEG3",2023,"04/20/2023 13.07.19","AGR",-14.290293,-170.550115,-14.290293,-170.550115,0,0,0,-1,0,12.19140506,13.71533069,1,0,0,0,0,0,0,0,1,0,0,0,NA,NA,"RANDOM","RAMP_BASIC","RAMP_BASIC","2023",NA,NA,NA,NA,"SHAL","TUT_AUNUU_A"
"20",12487,NA,51487,"SAMOA","Tutuila","TUT-05909","TUT-5909",NA,"Forereef","Mid",188,"RA2301_LEG3",2023,"04/20/2023 13.59.30","PAV",-14.280773,-170.545029,-14.280773,-170.545029,0,0,0,-1,0,12.49619019,14.02011582,1,0,0,0,0,0,0,0,1,0,0,0,NA,NA,"RANDOM","RAMP_BASIC","RAMP_BASIC","2023",NA,NA,NA,NA,"DEEP","TUT_FAGATELE"
"21",12488,NA,51488,"SAMOA","Tutuila","TUT-05807","TUT-5807",NA,"Forereef","Mid",188,"RA2301_LEG3",2023,"04/20/2023 15.09.33","AGR",-14.293184,-170.555268,-14.293184,-170.555268,0,0,0,-1,0,10.3626943,10.97226455,1,0,0,0,0,0,0,0,1,0,0,0,NA,NA,"RANDOM","RAMP_BASIC","RAMP_BASIC","2023",NA,NA,NA,NA,"MID","TUT_AUNUU_A"
"22",12489,NA,51404,"SAMOA","Tutuila","TUT-05893","TUT-5893",NA,"Forereef","Deep",188,"RA2301_LEG3",2023,"04/16/2023 09.34.51","AGR",-14.284088,-170.736017,-14.284088,-170.736017,0,0,0,-1,0,22.24931423,22.85888449,1,0,0,0,0,0,0,0,1,0,0,0,NA,NA,"RANDOM","RAMP_BASIC","RAMP_BASIC","2023",NA,NA,NA,NA,"DEEP","TUT_NW_OPEN"
"23",12490,NA,51405,"SAMOA","Tutuila","TUT-05816","TUT-5816",NA,"Forereef","Mid",188,"RA2301_LEG3",2023,"04/16/2023 11.04.44","ROB",-14.236681,-170.672114,-14.236681,-170.672114,0,0,0,-1,0,17.37275221,18.28710759,1,0,0,0,0,0,0,0,1,0,0,0,NA,NA,"RANDOM","RAMP_BASIC","RAMP_BASIC","2023",NA,NA,NA,NA,"MID","TUT_NE_OPEN"
"24",12491,NA,51406,"SAMOA","Tutuila","TUT-05831","TUT-5831",NA,"Forereef","Mid",188,"RA2301_LEG3",2023,"04/16/2023 12.43.01","AGR",-14.243888,-170.681417,-14.243888,-170.681417,0,0,0,-1,0,13.41054557,13.71533069,1,0,0,0,0,0,0,0,1,0,0,0,NA,NA,"RANDOM","RAMP_BASIC","RAMP_BASIC","2023",NA,NA,NA,NA,"MID","TUT_NE_OPEN"
"25",12492,NA,51407,"SAMOA","Tutuila","TUT-05727","TUT-5727",NA,"Forereef","Shallow",188,"RA2301_LEG3",2023,"04/16/2023 14.07.36","SAG",-14.252155,-170.688808,-14.252155,-170.688808,0,0,0,-1,0,4.876562024,5.486132277,1,0,0,0,0,0,0,0,1,0,0,0,NA,NA,"RANDOM","RAMP_BASIC","RAMP_BASIC","2023",NA,NA,NA,NA,"SHAL","TUT_NE_OPEN"
"26",12493,NA,51480,"SAMOA","Tutuila","TUT-05917","TUT-5917",NA,"Forereef","Deep",188,"RA2301_LEG3",2023,"04/20/2023 10.10.57","PAV",-14.281004,-170.541732,-14.281004,-170.541732,0,0,0,-1,-1,21.33495885,21.94452911,1,0,0,0,0,0,0,0,1,0,0,0,NA,NA,"RANDOM","RAMP_BASIC","RAMP_BASIC","2023",NA,NA,NA,NA,"DEEP","TUT_AUNUU_B"
"27",12494,NA,51481,"SAMOA","Tutuila","TUT-05810","TUT-5810",NA,"Forereef","Mid",188,"RA2301_LEG3",2023,"04/20/2023 12.02.01","PAV",-14.27945,-170.5477,-14.27945,-170.5477,0,0,0,-1,-1,10.3626943,11.58183481,1,0,0,0,0,0,0,0,1,0,0,0,NA,NA,"RANDOM","RAMP_BASIC","RAMP_BASIC","2023",NA,NA,NA,NA,"MID","TUT_AUNUU_B"
"28",12495,NA,51482,"SAMOA","Tutuila","TUT-05811","TUT-5811",NA,"Forereef","Mid",188,"RA2301_LEG3",2023,"04/20/2023 13.42.01","PAV",-14.277155,-170.54864,-14.277155,-170.54864,0,0,0,-1,-1,10.05790917,10.3626943,1,0,0,0,0,0,0,0,1,0,0,0,NA,NA,"RANDOM","RAMP_BASIC","RAMP_BASIC","2023",NA,NA,NA,NA,"MID","TUT_AUNUU_B"
"29",12496,NA,51483,"SAMOA","Tutuila","TUT-05968","TUT-5968",NA,"Forereef","Mid",188,"RA2301_LEG3",2023,"04/20/2023 14.49.15","PAV",-14.282696,-170.545021,-14.282696,-170.545021,0,0,0,-1,-1,12.19140506,13.10576044,1,0,0,0,0,0,0,0,1,0,0,0,NA,NA,"RANDOM","RAMP_BASIC","RAMP_BASIC","2023",NA,NA,NA,NA,"SHAL","TUT_AUNUU_B"
"30",12497,NA,51302,"SAMOA","Tutuila","TUT-05771","TUT-5771",NA,"Forereef","Mid",188,"RA2301_LEG3",2023,"04/10/2023 12.41.07","AGR",-14.287967,-170.752932,-14.287967,-170.752932,0,0,0,-1,0,13.10576044,14.32490094,1,0,0,0,0,0,0,0,1,0,0,0,NA,NA,"RANDOM","RAMP_BASIC","RAMP_BASIC","2023",NA,NA,NA,NA,"MID","TUT_NE_OPEN"
"31",12498,NA,51303,"SAMOA","Tutuila","TUT-05687","TUT-5687",NA,"Forereef","Shallow",188,"RA2301_LEG3",2023,"04/10/2023 14.03.10","SAG",-14.289917,-170.741763,-14.289917,-170.741763,0,0,0,-1,0,3.047851265,3.962206644,1,0,0,0,0,0,0,0,1,0,0,0,NA,NA,"RANDOM","RAMP_BASIC","RAMP_BASIC","2023",NA,NA,NA,NA,"SHAL","TUT_NW_OPEN"
"32",12499,NA,51304,"SAMOA","Tutuila","TUT-05997","TUT-5997",NA,"Forereef","Deep",188,"RA2301_LEG3",2023,"04/10/2023 09.46.06","AGR",-14.300914,-170.823822,-14.300914,-170.823822,0,0,0,-1,-1,18.28710759,20.11581835,1,0,0,0,0,0,0,0,1,0,0,0,NA,NA,"RANDOM","RAMP_BASIC","RAMP_BASIC","2023",NA,NA,NA,NA,"DEEP","TUT_NW_OPEN"
"33",12500,NA,51305,"SAMOA","Tutuila","TUT-05767","TUT-5767",NA,"Forereef","Mid",188,"RA2301_LEG3",2023,"04/10/2023 11.27.12","AGR",-14.299424,-170.81431,-14.299424,-170.81431,0,0,0,-1,-1,7.619628162,8.838768668,1,0,0,0,0,0,0,0,1,0,0,0,NA,NA,"RANDOM","RAMP_BASIC","RAMP_BASIC","2023",NA,NA,NA,NA,"MID","TUT_NE_OPEN"
"34",12501,NA,51306,"SAMOA","Tutuila","TUT-05770","TUT-5770",NA,"Forereef","Mid",188,"RA2301_LEG3",2023,"04/10/2023 12.41.21","AGR",-14.29198,-170.802564,-14.29198,-170.802564,0,0,0,-1,0,9.448338921,10.66747943,1,0,0,0,0,0,0,0,1,0,0,0,NA,NA,"RANDOM","RAMP_BASIC","RAMP_BASIC","2023",NA,NA,NA,NA,"MID","TUT_NE_OPEN"
"35",12502,NA,51307,"SAMOA","Tutuila","TUT-05690","TUT-5690",NA,"Forereef","Shallow",188,"RA2301_LEG3",2023,"04/10/2023 14.35.40","AGR",-14.291769,-170.780676,-14.291769,-170.780676,0,0,0,-1,-1,3.962206644,5.790917403,1,0,0,0,0,0,0,0,1,0,0,0,NA,NA,"RANDOM","RAMP_BASIC","RAMP_BASIC","2023",NA,NA,NA,NA,"SHAL","TUT_NW_OPEN"
"36",12503,NA,51324,"SAMOA","Tutuila","TUT-05926","TUT-5926",NA,"Forereef","Deep",188,"RA2301_LEG3",2023,"04/11/2023 09.52.12","AGR",-14.255223,-170.605367,-14.255223,-170.605367,0,0,0,-1,-1,21.03017373,21.94452911,1,0,0,0,0,0,0,0,1,0,0,0,NA,NA,"RANDOM","RAMP_BASIC","RAMP_BASIC","2023",NA,NA,NA,NA,"DEEP","TUT_NE_OPEN"
"37",12504,NA,51325,"SAMOA","Tutuila","TUT-05820","TUT-5820",NA,"Forereef","Mid",188,"RA2301_LEG3",2023,"04/11/2023 11.08.36","AGR",-14.25195,-170.614679,-14.25195,-170.614679,0,0,0,-1,0,11.27704968,12.80097531,1,0,0,0,0,0,0,0,1,0,0,0,NA,NA,"RANDOM","RAMP_BASIC","RAMP_BASIC","2023",NA,NA,NA,NA,"MID","TUT_NE_OPEN"
"38",12505,NA,51326,"SAMOA","Tutuila","TUT-05822","TUT-5822",NA,"Forereef","Mid",188,"RA2301_LEG3",2023,"04/11/2023 13.22.28","ROB",-14.25291,-170.645889,-14.25291,-170.645889,0,0,0,-1,-1,10.05790917,10.3626943,1,0,0,0,0,0,0,0,1,0,0,0,NA,NA,"RANDOM","RAMP_BASIC","RAMP_BASIC","2023",NA,NA,NA,NA,"MID","TUT_NE_OPEN"
"39",12506,NA,51327,"SAMOA","Tutuila","TUT-05719","TUT-5719",NA,"Forereef","Shallow",188,"RA2301_LEG3",2023,"04/11/2023 14.09.24","AGR",-14.246694,-170.668482,-14.246694,-170.668482,0,0,0,-1,-1,5.18134715,5.790917403,1,0,0,0,0,0,0,0,1,0,0,0,NA,NA,"RANDOM","RAMP_BASIC","RAMP_BASIC","2023",NA,NA,NA,NA,"SHAL","TUT_NE_OPEN"
"40",12507,NA,51340,"SAMOA","Tutuila","TUT-05984","TUT-5984",NA,"Forereef","Deep",188,"RA2301_LEG3",2023,"04/12/2023 09.48.39","AGR",-14.34741,-170.720946,-14.34741,-170.720946,0,0,0,-1,0,23.46845474,24.07802499,1,0,0,0,0,0,0,0,1,0,0,0,NA,NA,"RANDOM","RAMP_BASIC","RAMP_BASIC","2023",NA,NA,NA,NA,"DEEP","TUT_SE_OPEN"
"41",12508,NA,51341,"SAMOA","Tutuila","TUT-05839","TUT-5839",NA,"Forereef","Mid",188,"RA2301_LEG3",2023,"04/12/2023 11.15.02","PAV",-14.337132,-170.706878,-14.337132,-170.706878,0,0,0,-1,0,13.71533069,14.02011582,1,0,0,0,0,0,0,0,1,0,0,0,NA,NA,"RANDOM","RAMP_BASIC","RAMP_BASIC","2023",NA,NA,NA,NA,"MID","TUT_SE_OPEN"
"42",12509,NA,51342,"SAMOA","Tutuila","TUT-05861","TUT-5861",NA,"Forereef","Mid",188,"RA2301_LEG3",2023,"04/12/2023 12.38.39","AGR",-14.308106,-170.691336,-14.308106,-170.691336,0,0,0,-1,0,10.3626943,12.19140506,1,0,0,0,0,0,0,0,1,0,0,0,NA,NA,"RANDOM","RAMP_BASIC","RAMP_BASIC","2023",NA,NA,NA,NA,"MID","TUT_SE_OPEN"
"43",12510,NA,51343,"SAMOA","Tutuila","TUT-05865","TUT-5865",NA,"Forereef","Mid",188,"RA2301_LEG3",2023,"04/12/2023 14.15.22","AGR",-14.300534,-170.674962,-14.300534,-170.674962,0,0,0,-1,0,9.448338921,10.3626943,1,0,0,0,0,0,0,0,1,0,0,0,NA,NA,"RANDOM","RAMP_BASIC","RAMP_BASIC","2023",NA,NA,NA,NA,"MID","TUT_SE_OPEN"
"44",12511,NA,51344,"SAMOA","Tutuila","TUT-05937","TUT-5937",NA,"Forereef","Deep",188,"RA2301_LEG3",2023,"04/12/2023 09.47.15","AGR",-14.360202,-170.7354,-14.360202,-170.7354,0,0,0,-1,0,19.5062481,20.7253886,1,0,0,0,0,0,0,0,1,0,0,0,NA,NA,"RANDOM","RAMP_BASIC","RAMP_BASIC","2023",NA,NA,NA,NA,"DEEP","TUT_SE_OPEN"
"45",12512,NA,51345,"SAMOA","Tutuila","TUT-05862","TUT-5862",NA,"Forereef","Mid",188,"RA2301_LEG3",2023,"04/12/2023 11.14.16","AGR",-14.342123,-170.719567,-14.342123,-170.719567,0,0,0,-1,0,12.19140506,12.80097531,1,0,0,0,0,0,0,0,1,0,0,0,NA,NA,"RANDOM","RAMP_BASIC","RAMP_BASIC","2023",NA,NA,NA,NA,"MID","TUT_SE_OPEN"
"46",12513,NA,51346,"SAMOA","Tutuila","TUT-05864","TUT-5864",NA,"Forereef","Mid",188,"RA2301_LEG3",2023,"04/12/2023 13.03.58","AGR",-14.337464,-170.712544,-14.337464,-170.712544,0,0,0,-1,0,9.143553795,9.448338921,1,0,0,0,0,0,0,0,1,0,0,0,NA,NA,"RANDOM","RAMP_BASIC","RAMP_BASIC","2023",NA,NA,NA,NA,"MID","TUT_SE_OPEN"
"47",12514,NA,51347,"SAMOA","Tutuila","TUT-05860","TUT-5860",NA,"Forereef","Mid",188,"RA2301_LEG3",2023,"04/12/2023 14.03.10","AGR",-14.32705,-170.694368,-14.32705,-170.694368,0,0,0,-1,0,9.143553795,10.3626943,1,0,0,0,0,0,0,0,1,0,0,0,NA,NA,"RANDOM","RAMP_BASIC","RAMP_BASIC","2023",NA,NA,NA,NA,"MID","TUT_SE_OPEN"
"48",12515,NA,51400,"SAMOA","Tutuila","TUT-05888","TUT-5888",NA,"Forereef","Deep",188,"RA2301_LEG3",2023,"04/16/2023 09.22.04","AGR",-14.264252,-170.714077,-14.264252,-170.714077,0,0,0,-1,0,20.11581835,20.7253886,1,0,0,0,0,0,0,0,1,0,0,0,NA,NA,"RANDOM","RAMP_BASIC","RAMP_BASIC","2023",NA,NA,NA,NA,"DEEP","TUT_NW_OPEN"
"49",12516,NA,51401,"SAMOA","Tutuila","TUT-05825","TUT-5825",NA,"Forereef","Mid",188,"RA2301_LEG3",2023,"04/16/2023 10.39.49","AGR",-14.249282,-170.690557,-14.249282,-170.690557,0,0,0,-1,0,13.71533069,14.32490094,1,0,0,0,0,0,0,0,1,0,0,0,NA,NA,"RANDOM","RAMP_BASIC","RAMP_BASIC","2023",NA,NA,NA,NA,"MID","TUT_NE_OPEN"
"50",12517,NA,51402,"SAMOA","Tutuila","TUT-05922","TUT-5922",NA,"Forereef","Mid",188,"RA2301_LEG3",2023,"04/16/2023 12.25.05","PAV",-14.24664,-170.687113,-14.24664,-170.687113,0,0,0,-1,0,10.05790917,11.27704968,1,0,0,0,0,0,0,0,1,0,0,0,NA,NA,"RANDOM","RAMP_BASIC","RAMP_BASIC","2023",NA,NA,NA,NA,"DEEP","TUT_NE_OPEN"
"51",12518,NA,51403,"SAMOA","Tutuila","TUT-05728","TUT-5728",NA,"Forereef","Shallow",188,"RA2301_LEG3",2023,"04/16/2023 13.41.42","PAV",-14.240018,-170.675025,-14.240018,-170.675025,0,0,0,-1,0,5.18134715,5.790917403,1,0,0,0,0,0,0,0,1,0,0,0,NA,NA,"RANDOM","RAMP_BASIC","RAMP_BASIC","2023",NA,NA,NA,NA,"SHAL","TUT_NE_OPEN"
"52",12519,NA,51420,"SAMOA","Tutuila","TUT-05938","TUT-5938",NA,"Forereef","Deep",188,"RA2301_LEG3",2023,"04/17/2023 09.31.40","AGR",-14.295733,-170.651475,-14.295733,-170.651475,0,0,0,-1,0,20.42060347,21.63974398,1,0,0,0,0,0,0,0,1,0,0,0,NA,NA,"RANDOM","RAMP_BASIC","RAMP_BASIC","2023",NA,NA,NA,NA,"DEEP","TUT_SE_OPEN"
"53",12520,NA,51421,"SAMOA","Tutuila","TUT-05863","TUT-5863",NA,"Forereef","Mid",188,"RA2301_LEG3",2023,"04/17/2023 12.07.33","AGR",-14.283092,-170.606971,-14.283092,-170.606971,0,0,0,-1,0,11.88661993,12.80097531,1,0,0,0,0,0,0,0,1,0,0,0,NA,NA,"RANDOM","RAMP_BASIC","RAMP_BASIC","2023",NA,NA,NA,NA,"MID","TUT_SE_OPEN"
"54",12521,NA,51422,"SAMOA","Tutuila","TUT-05853","TUT-5853",NA,"Forereef","Mid",188,"RA2301_LEG3",2023,"04/17/2023 13.48.23","AGR",-14.28321,-170.62463,-14.28321,-170.62463,0,0,0,-1,0,11.27704968,12.19140506,1,0,0,0,0,0,0,0,1,0,0,0,NA,NA,"RANDOM","RAMP_BASIC","RAMP_BASIC","2023",NA,NA,NA,NA,"MID","TUT_SE_OPEN"
"55",12522,NA,51440,"SAMOA","Tutuila","TUT-05906","TUT-5906",NA,"Forereef","Deep",188,"RA2301_LEG3",2023,"04/18/2023 10.09.50","AGR",-14.366136,-170.764082,-14.366136,-170.764082,0,0,0,-1,-1,23.77323987,24.38281012,1,0,0,0,0,0,0,0,1,0,0,0,NA,NA,"RANDOM","RAMP_BASIC","RAMP_BASIC","2023",NA,NA,NA,NA,"DEEP","TUT_FAGATELE"
"56",12523,NA,51441,"SAMOA","Tutuila","TUT-05797","TUT-5797",NA,"Forereef","Mid",188,"RA2301_LEG3",2023,"04/18/2023 11.22.17","AGR",-14.365622,-170.762868,-14.365622,-170.762868,0,0,0,-1,-1,10.97226455,11.88661993,1,0,0,0,0,0,0,0,1,0,0,0,NA,NA,"RANDOM","RAMP_BASIC","RAMP_BASIC","2023",NA,NA,NA,NA,"MID","TUT_FAGATELE"
"57",12524,NA,51442,"SAMOA","Tutuila","TUT-05795","TUT-5795",NA,"Forereef","Mid",188,"RA2301_LEG3",2023,"04/18/2023 12.44.32","AGR",-14.364058,-170.761836,-14.364058,-170.761836,0,0,0,-1,-1,6.400487656,7.924413289,1,0,0,0,0,0,0,0,1,0,0,0,NA,NA,"RANDOM","RAMP_BASIC","RAMP_BASIC","2023",NA,NA,NA,NA,"MID","TUT_FAGATELE"
"58",12525,NA,51443,"SAMOA","Tutuila","TUT-05709","TUT-5709",NA,"Forereef","Shallow",188,"RA2301_LEG3",2023,"04/18/2023 14.07.07","AGR",-14.365412,-170.761482,-14.365412,-170.761482,0,0,0,-1,-1,3.962206644,4.876562024,1,0,0,0,0,0,0,0,1,0,0,0,NA,NA,"RANDOM","RAMP_BASIC","RAMP_BASIC","2023",NA,NA,NA,NA,"SHAL","TUT_FAGATELE"
"59",12526,NA,51444,"SAMOA","Tutuila","TUT-05902","TUT-5902",NA,"Forereef","Deep",188,"RA2301_LEG3",2023,"04/18/2023 09.32.57","AGR",-14.361659,-170.750929,-14.361659,-170.750929,0,0,0,-1,0,20.11581835,21.33495885,1,0,0,0,0,0,0,0,1,0,0,0,NA,NA,"RANDOM","RAMP_BASIC","RAMP_BASIC","2023",NA,NA,NA,NA,"DEEP","TUT_FAGALUA"
"60",12527,NA,51445,"SAMOA","Tutuila","TUT-05788","TUT-5788",NA,"Forereef","Mid",188,"RA2301_LEG3",2023,"04/18/2023 10.40.38","AGR",-14.361147,-170.748325,-14.361147,-170.748325,0,0,0,-1,0,11.58183481,13.10576044,1,0,0,0,0,0,0,0,1,0,0,0,NA,NA,"RANDOM","RAMP_BASIC","RAMP_BASIC","2023",NA,NA,NA,NA,"MID","TUT_FAGALUA"
"61",12528,NA,51446,"SAMOA","Tutuila","TUT-05789","TUT-5789",NA,"Forereef","Shallow",188,"RA2301_LEG3",2023,"04/18/2023 12.38.50","AGR",-14.359775,-170.749356,-14.359775,-170.749356,0,0,0,-1,0,4.266991771,5.790917403,1,0,0,0,0,0,0,0,1,0,0,0,NA,NA,"RANDOM","RAMP_BASIC","RAMP_BASIC","2023",NA,NA,NA,NA,"MID","TUT_FAGALUA"
"62",12529,NA,51447,"SAMOA","Tutuila","TUT-05903","TUT-5903",NA,"Forereef","Shallow",188,"RA2301_LEG3",2023,"04/18/2023 14.26.00","AGR",-14.361773,-170.752602,-14.361773,-170.752602,0,0,0,-1,0,3.352636391,5.486132277,1,0,0,0,0,0,0,0,1,0,0,0,NA,NA,"RANDOM","RAMP_BASIC","RAMP_BASIC","2023",NA,NA,NA,NA,"DEEP","TUT_FAGALUA"
"63",12530,NA,51460,"SAMOA","Tutuila","TUT-05858","TUT-5858",NA,"Forereef","Mid",188,"RA2301_LEG3",2023,"04/19/2023 09.11.41","AGR",-14.34884,-170.723,-14.34884,-170.723,0,0,0,-1,0,15.84882658,16.76318196,1,0,0,0,0,0,0,0,1,0,0,0,NA,NA,"RANDOM","RAMP_BASIC","RAMP_BASIC","2023",NA,NA,NA,NA,"MID","TUT_SE_OPEN"
"64",12531,NA,51461,"SAMOA","Tutuila","TUT-05982","TUT-5982",NA,"Forereef","Mid",188,"RA2301_LEG3",2023,"04/19/2023 10.36.17","AGR",-14.344802,-170.719239,-14.344802,-170.719239,0,0,0,-1,0,11.88661993,12.80097531,1,0,0,0,0,0,0,0,1,0,0,0,NA,NA,"RANDOM","RAMP_BASIC","RAMP_BASIC","2023",NA,NA,NA,NA,"DEEP","TUT_SE_OPEN"
"65",12532,NA,51462,"SAMOA","Tutuila","TUT-05990","TUT-5990",NA,"Forereef","Mid",188,"RA2301_LEG3",2023,"04/19/2023 12.36.07","AGR",-14.338761,-170.717171,-14.338761,-170.717171,0,0,0,-1,0,10.97226455,13.71533069,1,0,0,0,0,0,0,0,1,0,0,0,NA,NA,"RANDOM","RAMP_BASIC","RAMP_BASIC","2023",NA,NA,NA,NA,"DEEP","TUT_SE_OPEN"
"66",12533,NA,51463,"SAMOA","Tutuila","TUT-05975","TUT-5975",NA,"Forereef","Mid",188,"RA2301_LEG3",2023,"04/19/2023 14.04.47","AGR",-14.337026,-170.710782,-14.337026,-170.710782,0,0,0,-1,0,8.838768668,9.753124048,1,0,0,0,0,0,0,0,1,0,0,0,NA,NA,"RANDOM","RAMP_BASIC","RAMP_BASIC","2023",NA,NA,NA,NA,"DEEP","TUT_SE_OPEN"
"67",12534,NA,51464,"SAMOA","Tutuila","TUT-05935","TUT-5935",NA,"Forereef","Mid",188,"RA2301_LEG3",2023,"04/19/2023 09.34.39","AGR",-14.364271,-170.738319,-14.364271,-170.738319,0,0,0,-1,0,14.02011582,15.23925632,1,0,0,0,0,0,0,0,1,0,0,0,NA,NA,"RANDOM","RAMP_BASIC","RAMP_BASIC","2023",NA,NA,NA,NA,"DEEP","TUT_SE_OPEN"
"68",12535,NA,51465,"SAMOA","Tutuila","TUT-05847","TUT-5847",NA,"Forereef","Mid",188,"RA2301_LEG3",2023,"04/19/2023 10.59.13","AGR",-14.358896,-170.734191,-14.358896,-170.734191,0,0,0,-1,0,13.10576044,14.62968607,1,0,0,0,0,0,0,0,1,0,0,0,NA,NA,"RANDOM","RAMP_BASIC","RAMP_BASIC","2023",NA,NA,NA,NA,"MID","TUT_SE_OPEN"
"69",12536,NA,51466,"SAMOA","Tutuila","TUT-05840","TUT-5840",NA,"Forereef","Mid",188,"RA2301_LEG3",2023,"04/19/2023 12.36.15","RRB",-14.353795,-170.730062,-14.353795,-170.730062,0,0,0,-1,0,13.41054557,15.23925632,1,0,0,0,0,0,0,0,1,0,0,0,NA,NA,"RANDOM","RAMP_BASIC","RAMP_BASIC","2023",NA,NA,NA,NA,"MID","TUT_SE_OPEN"
"70",12537,NA,51467,"SAMOA","Tutuila","TUT-05842","TUT-5842",NA,"Forereef","Mid",188,"RA2301_LEG3",2023,"04/19/2023 13.49.37","AGR",-14.348387,-170.72576,-14.348387,-170.72576,0,0,0,-1,0,9.753124048,11.27704968,1,0,0,0,0,0,0,0,1,0,0,0,NA,NA,"RANDOM","RAMP_BASIC","RAMP_BASIC","2023",NA,NA,NA,NA,"MID","TUT_SE_OPEN"
"71",12538,NA,51300,"SAMOA","Tutuila","TUT-05891","TUT-5891",NA,"Forereef","Deep",188,"RA2301_LEG3",2023,"04/10/2023 09.38.20","AGR",-14.272205,-170.723301,-14.272205,-170.723301,0,0,0,-1,-1,18.89667784,19.81103322,1,0,0,0,0,0,0,0,1,0,0,0,NA,NA,"RANDOM","RAMP_BASIC","RAMP_BASIC","2023",NA,NA,NA,NA,"DEEP","TUT_NW_OPEN"
"72",12539,NA,51301,"SAMOA","Tutuila","TUT-05775","TUT-5775",NA,"Forereef","Mid",188,"RA2301_LEG3",2023,"04/10/2023 10.59.41","AGR",-14.288163,-170.759358,-14.288163,-170.759358,0,0,0,-1,-1,12.49619019,13.71533069,1,0,0,0,0,0,0,0,1,0,0,0,NA,NA,"RANDOM","RAMP_BASIC","RAMP_BASIC","2023",NA,NA,NA,NA,"MID","TUT_NE_OPEN"
