"FID","ANALYST","OBS_YEAR","MISSION_ID","SITE","TRANSECT","SEGMENT","SEGLENGTH","SEGWIDTH","NO_COLONY","SPCODE","EX_BOUND","JUVENILE","FRAGMENT","REMNANT","OLDDEAD","MORPH_CODE","RDCAUSE1","RD_1","RDCAUSE2","RD_2","RDCAUSE3","RD_3","CON_1","EXTENT_1","SEV_1","CON_2","EXTENT_2","SEV_2","CON_3","EXTENT_3","SEV_3","Shape_Leng","site_seg","SEGAREA","REVIEW_ANALYST"
958,"AH",2019,"SE1902","OAH-03234","B",5,2.5,1,0,"MPAT",0,0,0,0,5,"EM",NA,0,NA,0,NA,0,NA,0,0,NA,0,0,NA,0,0,0.085737565,"OAH_3234 5",2.5,"MA"
959,"AH",2019,"SE1902","OAH-03234","B",5,2.5,1,0,"PMEA",0,0,0,0,0,"BR",NA,0,NA,0,NA,0,NA,0,0,NA,0,0,NA,0,0,0.070277521,"OAH_3234 5",2.5,"MA"
960,"AH",2019,"SE1902","OAH-03234","B",5,2.5,1,0,"PLOB",0,0,0,0,5,"EM",NA,0,NA,0,NA,0,NA,0,0,NA,0,0,NA,0,0,0.062379645,"OAH_3234 5",2.5,"MA"
961,"AH",2019,"SE1902","OAH-03234","B",5,2.5,1,0,"PMEA",0,0,0,0,0,"BR",NA,0,NA,0,NA,0,NA,0,0,NA,0,0,NA,0,0,0.050626968,"OAH_3234 5",2.5,"MA"
962,"AH",2019,"SE1902","OAH-03234","B",5,2.5,1,0,"MPAT",0,0,0,0,70,"EM",NA,0,NA,0,NA,0,NA,0,0,NA,0,0,NA,0,0,0.173623605,"OAH_3234 5",2.5,"MA"
963,"AH",2019,"SE1902","OAH-03234","B",5,2.5,1,0,"PLIC",-1,0,0,0,20,"EM",NA,0,NA,0,NA,0,NA,0,0,NA,0,0,NA,0,0,0.119042261,"OAH_3234 5",2.5,"MA"
964,"AH",2019,"SE1902","OAH-03234","B",5,2.5,1,0,"PMEA",0,0,0,0,0,"BR",NA,0,NA,0,NA,0,NA,0,0,NA,0,0,NA,0,0,0.050977054,"OAH_3234 5",2.5,"MA"
965,"AH",2019,"SE1902","OAH-03234","B",5,2.5,1,0,"PMEA",0,0,0,0,0,"BR",NA,0,NA,0,NA,0,NA,0,0,NA,0,0,NA,0,0,0.053500374,"OAH_3234 5",2.5,"MA"
2176,"RS",2019,"SE1902","HAW-04272","A",15,2.5,1,0,"PLOB",0,0,0,0,1,"MD",NA,0,NA,0,NA,0,NA,0,0,NA,0,0,NA,0,0,0.194249376,"HAW-4272 15",2.5,"MA"
2177,"RS",2019,"SE1902","HAW-04272","A",15,2.5,1,0,"PLOB",0,0,0,0,20,"MD","PRED",1,NA,0,NA,0,NA,0,0,NA,0,0,NA,0,0,0.1937215,"HAW-4272 15",2.5,"MA"
2178,"RS",2019,"SE1902","HAW-04272","A",15,2.5,1,0,"MCAP",0,0,0,0,0,"EM",NA,0,NA,0,NA,0,"BLE",100,2,NA,0,0,NA,0,0,0.070254181,"HAW-4272 15",2.5,"MA"
2179,"RS",2019,"SE1902","HAW-04272","A",15,2.5,1,0,"PLOB",0,0,0,0,90,"MD",NA,0,NA,0,NA,0,"ALG",3,0,NA,0,0,NA,0,0,0.075506027,"HAW-4272 15",2.5,"MA"
2180,"RS",2019,"SE1902","HAW-04272","A",15,2.5,1,0,"PLOB",0,0,0,0,10,"MD",NA,0,NA,0,NA,0,NA,0,0,NA,0,0,NA,0,0,0.053439404,"HAW-4272 15",2.5,"MA"
2181,"RS",2019,"SE1902","HAW-04272","A",15,2.5,1,0,"PLOB",0,0,0,0,85,"MD",NA,0,NA,0,NA,0,NA,0,0,NA,0,0,NA,0,0,0.181162054,"HAW-4272 15",2.5,"MA"
2182,"RS",2019,"SE1902","HAW-04272","A",15,2.5,1,0,"PLOB",0,0,0,0,5,"CO",NA,0,NA,0,NA,0,NA,0,0,NA,0,0,NA,0,0,0.239715206,"HAW-4272 15",2.5,"MA"
2183,"RS",2019,"SE1902","HAW-04272","A",15,2.5,1,0,"MCAP",0,0,0,0,0,"EF",NA,0,NA,0,NA,0,NA,0,0,NA,0,0,NA,0,0,0.067178865,"HAW-4272 15",2.5,"MA"
2184,"RS",2019,"SE1902","HAW-04272","A",15,2.5,1,0,"PLOB",0,0,0,0,0,"MD",NA,0,NA,0,NA,0,NA,0,0,NA,0,0,NA,0,0,0.073937406,"HAW-4272 15",2.5,"MA"
2185,"RS",2019,"SE1902","HAW-04272","A",15,2.5,1,0,"PLOB",0,0,0,0,35,"MD",NA,0,NA,0,NA,0,NA,0,0,NA,0,0,NA,0,0,0.294661976,"HAW-4272 15",2.5,"MA"
2186,"RS",2019,"SE1902","HAW-04272","A",15,2.5,1,0,"PLOB",0,0,0,0,75,"MD",NA,0,NA,0,NA,0,NA,0,0,NA,0,0,NA,0,0,0.100050888,"HAW-4272 15",2.5,"MA"
2187,"RS",2019,"SE1902","HAW-04272","A",15,2.5,1,0,"PLOB",0,0,0,0,65,"MD",NA,0,NA,0,NA,0,NA,0,0,NA,0,0,NA,0,0,0.145953999,"HAW-4272 15",2.5,"MA"
2188,"RS",2019,"SE1902","HAW-04272","A",15,2.5,1,0,"PLUT",0,0,0,0,45,"MD",NA,0,NA,0,NA,0,NA,0,0,NA,0,0,NA,0,0,0.26903431,"HAW-4272 15",2.5,"MA"
2189,"RS",2019,"SE1902","HAW-04272","A",15,2.5,1,0,"PLOB",0,0,0,0,60,"MD",NA,0,NA,0,NA,0,NA,0,0,NA,0,0,NA,0,0,0.119958159,"HAW-4272 15",2.5,"MA"
2190,"RS",2019,"SE1902","HAW-04272","A",15,2.5,1,0,"MCAP",0,0,0,0,70,"EF",NA,0,NA,0,NA,0,NA,0,0,NA,0,0,NA,0,0,0.198979899,"HAW-4272 15",2.5,"MA"
2191,"RS",2019,"SE1902","HAW-04272","A",15,2.5,1,0,"PLOB",0,0,0,0,30,"KN",NA,0,NA,0,NA,0,NA,0,0,NA,0,0,NA,0,0,0.149215717,"HAW-4272 15",2.5,"MA"
2192,"RS",2019,"SE1902","HAW-04272","A",15,2.5,1,0,"PLOB",0,0,0,0,50,"MD",NA,0,NA,0,NA,0,NA,0,0,NA,0,0,NA,0,0,0.257639011,"HAW-4272 15",2.5,"MA"
2193,"RS",2019,"SE1902","HAW-04272","A",15,2.5,1,0,"PLOB",0,0,0,0,30,"MD",NA,0,NA,0,NA,0,NA,0,0,NA,0,0,NA,0,0,0.193759464,"HAW-4272 15",2.5,"MA"
2194,"RS",2019,"SE1902","HAW-04272","A",15,2.5,1,0,"PLUT",0,0,0,0,20,"MD",NA,0,NA,0,NA,0,NA,0,0,NA,0,0,NA,0,0,0.212274586,"HAW-4272 15",2.5,"MA"
2195,"RS",2019,"SE1902","HAW-04272","A",15,2.5,1,0,"PLOB",0,0,0,0,30,"MD",NA,0,NA,0,NA,0,NA,0,0,NA,0,0,NA,0,0,0.205400901,"HAW-4272 15",2.5,"MA"
2196,"RS",2019,"SE1902","HAW-04272","A",15,2.5,1,0,"MCAP",0,0,0,0,0,"EF",NA,0,NA,0,NA,0,"BLE",20,2,NA,0,0,NA,0,0,0.118747547,"HAW-4272 15",2.5,"MA"
2197,"RS",2019,"SE1902","HAW-04272","A",15,2.5,1,0,"MCAP",0,0,0,0,0,"EF",NA,0,NA,0,NA,0,"BLP",20,3,NA,0,0,NA,0,0,0.093503422,"HAW-4272 15",2.5,"MA"
2198,"RS",2019,"SE1902","HAW-04272","A",15,2.5,1,0,"PCOM",0,0,0,0,45,"BR",NA,0,NA,0,NA,0,NA,0,0,NA,0,0,NA,0,0,0.500110238,"HAW-4272 15",2.5,"MA"
2199,"RS",2019,"SE1902","HAW-04272","A",15,2.5,1,0,"PCOM",0,0,0,0,15,"BR",NA,0,NA,0,NA,0,NA,0,0,NA,0,0,NA,0,0,0.265511205,"HAW-4272 15",2.5,"MA"
2200,"RS",2019,"SE1902","HAW-04272","A",15,2.5,1,0,"PLOB",0,0,0,0,30,"MD",NA,0,NA,0,NA,0,NA,0,0,NA,0,0,NA,0,0,0.216543784,"HAW-4272 15",2.5,"MA"
2201,"RS",2019,"SE1902","HAW-04272","A",15,2.5,1,0,"PLOB",0,0,0,0,0,"MD",NA,0,NA,0,NA,0,NA,0,0,NA,0,0,NA,0,0,0.072917557,"HAW-4272 15",2.5,"MA"
2202,"RS",2019,"SE1902","HAW-04272","A",15,2.5,1,0,"PLOB",0,0,0,0,0,"MD",NA,0,NA,0,NA,0,NA,0,0,NA,0,0,NA,0,0,0.054219646,"HAW-4272 15",2.5,"MA"
2203,"RS",2019,"SE1902","HAW-04272","A",15,2.5,1,0,"PLOB",0,0,0,0,0,"MD",NA,0,NA,0,NA,0,NA,0,0,NA,0,0,NA,0,0,0.052414121,"HAW-4272 15",2.5,"MA"
2204,"RS",2019,"SE1902","HAW-04272","A",15,2.5,1,0,"MCAP",0,0,0,0,0,"EF",NA,0,NA,0,NA,0,NA,0,0,NA,0,0,NA,0,0,0.064279469,"HAW-4272 15",2.5,"MA"
2205,"RS",2019,"SE1902","HAW-04272","A",15,2.5,1,0,"PLOB",0,0,0,0,10,"MD",NA,0,NA,0,NA,0,NA,0,0,NA,0,0,NA,0,0,0.050701085,"HAW-4272 15",2.5,"MA"
2206,"RS",2019,"SE1902","HAW-04272","A",15,2.5,1,0,"PLOB",0,0,0,0,50,"MD",NA,0,NA,0,NA,0,NA,0,0,NA,0,0,NA,0,0,0.107858611,"HAW-4272 15",2.5,"MA"
2207,"RS",2019,"SE1902","HAW-04272","A",15,2.5,1,0,"PCOM",0,0,0,0,15,"BR",NA,0,NA,0,NA,0,NA,0,0,NA,0,0,NA,0,0,0.125936493,"HAW-4272 15",2.5,"MA"
2208,"RS",2019,"SE1902","HAW-04272","A",15,2.5,1,0,"PLOB",0,0,0,0,5,"EF",NA,0,NA,0,NA,0,NA,0,0,NA,0,0,NA,0,0,0.051369739,"HAW-4272 15",2.5,"MA"
2209,"RS",2019,"SE1902","HAW-04272","A",15,2.5,1,0,"PLOB",0,0,0,0,10,"MD",NA,0,NA,0,NA,0,"ALG",1,0,NA,0,0,NA,0,0,0.097935744,"HAW-4272 15",2.5,"MA"
2210,"RS",2019,"SE1902","HAW-04272","A",15,2.5,1,0,"PLUT",0,0,0,0,20,"MD",NA,0,NA,0,NA,0,NA,0,0,NA,0,0,NA,0,0,0.676992468,"HAW-4272 15",2.5,"MA"
2211,"RS",2019,"SE1902","HAW-04272","A",15,2.5,1,0,"PLOB",0,0,0,0,5,"MD",NA,0,NA,0,NA,0,NA,0,0,NA,0,0,NA,0,0,0.127400353,"HAW-4272 15",2.5,"MA"
2212,"RS",2019,"SE1902","HAW-04272","A",15,2.5,1,0,"PLOB",0,0,0,0,5,"MD",NA,0,NA,0,NA,0,NA,0,0,NA,0,0,NA,0,0,0.395971728,"HAW-4272 15",2.5,"MA"
2213,"RS",2019,"SE1902","HAW-04272","A",15,2.5,1,0,"PLOB",0,0,0,0,5,"MD",NA,0,NA,0,NA,0,NA,0,0,NA,0,0,NA,0,0,0.328423659,"HAW-4272 15",2.5,"MA"
2214,"RS",2019,"SE1902","HAW-04272","A",15,2.5,1,0,"PLUT",0,0,0,0,20,"MD",NA,0,NA,0,NA,0,NA,0,0,NA,0,0,NA,0,0,0.167414844,"HAW-4272 15",2.5,"MA"
2215,"RS",2019,"SE1902","HAW-04272","A",15,2.5,1,0,"PLOB",0,0,0,0,15,"MD",NA,0,NA,0,NA,0,NA,0,0,NA,0,0,NA,0,0,0.175922511,"HAW-4272 15",2.5,"MA"
2216,"RS",2019,"SE1902","HAW-04272","A",15,2.5,1,0,"PLOB",0,0,0,0,5,"MD",NA,0,NA,0,NA,0,NA,0,0,NA,0,0,NA,0,0,0.181240227,"HAW-4272 15",2.5,"MA"
2217,"RS",2019,"SE1902","HAW-04272","A",15,2.5,1,0,"PLOB",0,0,0,0,5,"MD",NA,0,NA,0,NA,0,NA,0,0,NA,0,0,NA,0,0,0.099420571,"HAW-4272 15",2.5,"MA"
2218,"RS",2019,"SE1902","HAW-04272","A",15,2.5,1,0,"PLOB",0,0,0,0,85,"MD",NA,0,NA,0,NA,0,NA,0,0,NA,0,0,NA,0,0,0.158382449,"HAW-4272 15",2.5,"MA"
2219,"RS",2019,"SE1902","HAW-04272","A",15,2.5,1,0,"PLOB",0,0,0,0,85,"MD",NA,0,NA,0,NA,0,NA,0,0,NA,0,0,NA,0,0,0.163145733,"HAW-4272 15",2.5,"MA"
2220,"RS",2019,"SE1902","HAW-04272","A",15,2.5,1,0,"POSP",0,0,0,0,65,"MD",NA,0,NA,0,NA,0,NA,0,0,NA,0,0,NA,0,0,0.080695538,"HAW-4272 15",2.5,"MA"
2221,"RS",2019,"SE1902","HAW-04272","A",15,2.5,1,0,"PLOB",0,0,0,0,40,"MD",NA,0,NA,0,NA,0,NA,0,0,NA,0,0,NA,0,0,0.172326319,"HAW-4272 15",2.5,"MA"
2222,"RS",2019,"SE1902","HAW-04272","A",15,2.5,1,0,"PLOB",0,0,0,0,60,"MD",NA,0,NA,0,NA,0,NA,0,0,NA,0,0,NA,0,0,0.09153431,"HAW-4272 15",2.5,"MA"
2223,"RS",2019,"SE1902","HAW-04272","A",15,2.5,1,0,"MCAP",0,0,0,0,0,"EF",NA,0,NA,0,NA,0,NA,0,0,NA,0,0,NA,0,0,0.052197031,"HAW-4272 15",2.5,"MA"
2224,"RS",2019,"SE1902","HAW-04272","A",15,2.5,1,0,"PLOB",0,0,0,0,0,"MD",NA,0,NA,0,NA,0,NA,0,0,NA,0,0,NA,0,0,0.064295334,"HAW-4272 15",2.5,"MA"
2225,"RS",2019,"SE1902","HAW-04272","A",15,2.5,1,0,"PLOB",0,0,0,0,75,"MD",NA,0,NA,0,NA,0,NA,0,0,NA,0,0,NA,0,0,0.186748307,"HAW-4272 15",2.5,"MA"
2226,"RS",2019,"SE1902","HAW-04272","A",15,2.5,1,0,"MCAP",0,0,0,0,50,"EF",NA,0,NA,0,NA,0,"BLE",100,3,NA,0,0,NA,0,0,0.078214193,"HAW-4272 15",2.5,"MA"
2227,"RS",2019,"SE1902","HAW-04272","A",15,2.5,1,0,"PLOB",0,0,0,0,0,"MD",NA,0,NA,0,NA,0,NA,0,0,NA,0,0,NA,0,0,0.096034681,"HAW-4272 15",2.5,"MA"
2228,"RS",2019,"SE1902","HAW-04272","A",15,2.5,1,0,"PLOB",0,0,0,0,30,"MD",NA,0,NA,0,NA,0,NA,0,0,NA,0,0,NA,0,0,0.121366305,"HAW-4272 15",2.5,"MA"
2229,"RS",2019,"SE1902","HAW-04272","A",15,2.5,1,0,"PLOB",0,0,0,0,5,"MD",NA,0,NA,0,NA,0,NA,0,0,NA,0,0,NA,0,0,0.05248476,"HAW-4272 15",2.5,"MA"
2888,"AH",2019,"SE1902","HAW-04300","A",0,2.5,1,0,"POSP",0,0,0,0,30,"MD",NA,0,NA,0,NA,0,NA,0,0,NA,0,0,NA,0,0,0.214580987,"HAW-4300 0",2.5,"MA"
2889,"AH",2019,"SE1902","HAW-04300","A",0,2.5,1,0,"PCOM",0,0,0,0,40,"BR",NA,0,NA,0,NA,0,NA,0,0,NA,0,0,NA,0,0,0.138059009,"HAW-4300 0",2.5,"MA"
2891,"AH",2019,"SE1902","HAW-04300","A",0,2.5,1,0,"POSP",0,0,0,0,75,"EM",NA,0,NA,0,NA,0,NA,0,0,NA,0,0,NA,0,0,0.131936727,"HAW-4300 0",2.5,"MA"
2892,"AH",2019,"SE1902","HAW-04300","A",0,2.5,1,0,"PCOM",0,0,0,0,40,"BR",NA,0,NA,0,NA,0,"BLE",50,3,NA,0,0,NA,0,0,0.26028809,"HAW-4300 0",2.5,"MA"
2893,"AH",2019,"SE1902","HAW-04300","A",0,2.5,1,0,"POSP",0,0,0,0,50,"MD",NA,0,NA,0,NA,0,NA,0,0,NA,0,0,NA,0,0,0.094269241,"HAW-4300 0",2.5,"MA"
2894,"AH",2019,"SE1902","HAW-04300","A",0,2.5,1,0,"PCOM",0,0,0,0,20,"BR","DAMG",1,NA,0,NA,0,NA,0,0,NA,0,0,NA,0,0,0.162427,"HAW-4300 0",2.5,"MA"
2895,"AH",2019,"SE1902","HAW-04300","A",0,2.5,1,0,"POSP",0,0,0,0,50,"MD","PRED",5,NA,0,NA,0,"ALG",3,0,NA,0,0,NA,0,0,0.215841516,"HAW-4300 0",2.5,"MA"
2896,"AH",2019,"SE1902","HAW-04300","A",0,2.5,1,0,"PLUT",0,0,0,0,0,"MD",NA,0,NA,0,NA,0,NA,0,0,NA,0,0,NA,0,0,0.074029792,"HAW-4300 0",2.5,"MA"
2898,"AH",2019,"SE1902","HAW-04300","A",0,2.5,1,0,"POSP",0,0,0,0,5,"MD",NA,0,NA,0,NA,0,NA,0,0,NA,0,0,NA,0,0,0.069956058,"HAW-4300 0",2.5,"MA"
2900,"AH",2019,"SE1902","HAW-04300","A",0,2.5,1,0,"POSP",0,0,0,-1,0,"MD",NA,0,NA,0,NA,0,NA,0,0,NA,0,0,NA,0,0,0.020889231,"HAW-4300 0",2.5,"MA"
2902,"AH",2019,"SE1902","HAW-04300","A",0,2.5,1,0,"POSP",0,0,0,-1,0,"EM",NA,0,NA,0,NA,0,NA,0,0,NA,0,0,NA,0,0,0.032437633,"HAW-4300 0",2.5,"MA"
2903,"AH",2019,"SE1902","HAW-04300","A",0,2.5,1,0,"POSP",0,0,0,-1,0,"EM",NA,0,NA,0,NA,0,NA,0,0,NA,0,0,NA,0,0,0.011438967,"HAW-4300 0",2.5,"MA"
2904,"AH",2019,"SE1902","HAW-04300","A",0,2.5,1,0,"POSP",0,0,0,0,2,"MD",NA,0,NA,0,NA,0,NA,0,0,NA,0,0,NA,0,0,0.060209799,"HAW-4300 0",2.5,"MA"
2906,"AH",2019,"SE1902","HAW-04300","A",0,2.5,1,0,"POSP",0,0,0,-1,0,"MD",NA,0,NA,0,NA,0,NA,0,0,NA,0,0,NA,0,0,0.038351271,"HAW-4300 0",2.5,"MA"
2907,"AH",2019,"SE1902","HAW-04300","A",0,2.5,1,0,"PLUT",0,0,0,0,15,"MD",NA,0,NA,0,NA,0,"ALG",5,0,NA,0,0,NA,0,0,0.0970285,"HAW-4300 0",2.5,"MA"
2908,"AH",2019,"SE1902","HAW-04300","A",0,2.5,1,0,"PLUT",0,0,0,0,5,"MD",NA,0,NA,0,NA,0,NA,0,0,NA,0,0,NA,0,0,0.075106658,"HAW-4300 0",2.5,"MA"
2909,"AH",2019,"SE1902","HAW-04300","A",0,2.5,1,0,"POSP",0,0,0,0,5,"MD",NA,0,NA,0,NA,0,NA,0,0,NA,0,0,NA,0,0,0.063371445,"HAW-4300 0",2.5,"MA"
2910,"AH",2019,"SE1902","HAW-04300","A",0,2.5,1,0,"POSP",0,0,0,0,65,"MD",NA,0,NA,0,NA,0,NA,0,0,NA,0,0,NA,0,0,0.246553868,"HAW-4300 0",2.5,"MA"
2911,"AH",2019,"SE1902","HAW-04300","A",0,2.5,1,0,"POSP",0,0,0,-1,0,"EM",NA,0,NA,0,NA,0,NA,0,0,NA,0,0,NA,0,0,0.033817895,"HAW-4300 0",2.5,"MA"
2912,"AH",2019,"SE1902","HAW-04300","A",0,2.5,1,0,"POSP",0,0,0,0,70,"EM",NA,0,NA,0,NA,0,NA,0,0,NA,0,0,NA,0,0,0.106567162,"HAW-4300 0",2.5,"MA"
2913,"AH",2019,"SE1902","HAW-04300","A",0,2.5,1,0,"PLUT",0,0,0,0,0,"MD",NA,0,NA,0,NA,0,NA,0,0,NA,0,0,NA,0,0,0.14800223,"HAW-4300 0",2.5,"MA"
2915,"AH",2019,"SE1902","HAW-04300","A",0,2.5,1,0,"PCOM",0,0,0,0,0,"BR",NA,0,NA,0,NA,0,NA,0,0,NA,0,0,NA,0,0,0.091872575,"HAW-4300 0",2.5,"MA"
2916,"AH",2019,"SE1902","HAW-04300","A",0,2.5,1,0,"POSP",0,0,0,-1,0,"EM",NA,0,NA,0,NA,0,NA,0,0,NA,0,0,NA,0,0,0.046456969,"HAW-4300 0",2.5,"MA"
2917,"AH",2019,"SE1902","HAW-04300","A",0,2.5,1,0,"PLUT",0,0,0,0,20,"MD",NA,0,NA,0,NA,0,"ALG",3,0,NA,0,0,NA,0,0,0.199338756,"HAW-4300 0",2.5,"MA"
2918,"AH",2019,"SE1902","HAW-04300","A",0,2.5,1,0,"POSP",0,0,0,0,5,"EM",NA,0,NA,0,NA,0,NA,0,0,NA,0,0,NA,0,0,0.076157731,"HAW-4300 0",2.5,"MA"
2919,"AH",2019,"SE1902","HAW-04300","A",0,2.5,1,0,"PLUT",0,0,0,0,25,"MD",NA,0,NA,0,NA,0,NA,0,0,NA,0,0,NA,0,0,0.069372401,"HAW-4300 0",2.5,"MA"
2920,"AH",2019,"SE1902","HAW-04300","A",0,2.5,1,0,"PLUT",0,0,0,0,0,"MD",NA,0,NA,0,NA,0,NA,0,0,NA,0,0,NA,0,0,0.05091326,"HAW-4300 0",2.5,"MA"
2921,"AH",2019,"SE1902","HAW-04300","A",0,2.5,1,0,"POSP",0,0,0,-1,0,"EM",NA,0,NA,0,NA,0,NA,0,0,NA,0,0,NA,0,0,0.0516,"HAW-4300 0",2.5,"MA"
2922,"AH",2019,"SE1902","HAW-04300","A",0,2.5,1,0,"POSP",0,0,0,0,30,"MD",NA,0,NA,0,NA,0,NA,0,0,NA,0,0,NA,0,0,0.106241706,"HAW-4300 0",2.5,"MA"
2923,"AH",2019,"SE1902","HAW-04300","A",0,2.5,1,0,"POSP",0,0,0,0,5,"MD",NA,0,NA,0,NA,0,NA,0,0,NA,0,0,NA,0,0,0.072261539,"HAW-4300 0",2.5,"MA"
2924,"AH",2019,"SE1902","HAW-04300","A",0,2.5,1,0,"PCOM",0,0,-1,0,0,"BR",NA,0,NA,0,NA,0,NA,0,0,NA,0,0,NA,0,0,0.051293761,"HAW-4300 0",2.5,"MA"
2925,"AH",2019,"SE1902","HAW-04300","A",0,2.5,1,0,"PCOM",0,0,0,0,15,"KN",NA,0,NA,0,NA,0,NA,0,0,NA,0,0,NA,0,0,0.082562098,"HAW-4300 0",2.5,"MA"
2926,"AH",2019,"SE1902","HAW-04300","A",0,2.5,1,0,"PLUT",0,0,0,0,3,"MD",NA,0,NA,0,NA,0,NA,0,0,NA,0,0,NA,0,0,0.115321117,"HAW-4300 0",2.5,"MA"
2927,"AH",2019,"SE1902","HAW-04300","A",0,2.5,1,0,"PLUT",0,0,0,0,40,"MD",NA,0,NA,0,NA,0,NA,0,0,NA,0,0,NA,0,0,0.108588811,"HAW-4300 0",2.5,"MA"
2928,"AH",2019,"SE1902","HAW-04300","A",0,2.5,1,0,"MCAP",0,0,0,0,60,"EM",NA,0,NA,0,NA,0,"BLE",40,2,NA,0,0,NA,0,0,0.101854062,"HAW-4300 0",2.5,"MA"
2929,"AH",2019,"SE1902","HAW-04300","A",0,2.5,1,0,"POSP",0,0,0,0,80,"MD",NA,0,NA,0,NA,0,NA,0,0,NA,0,0,NA,0,0,0.190076248,"HAW-4300 0",2.5,"MA"
2930,"AH",2019,"SE1902","HAW-04300","A",0,2.5,1,0,"MCAP",0,0,0,0,20,"EM",NA,0,NA,0,NA,0,"BLE",80,2,NA,0,0,NA,0,0,0.062089049,"HAW-4300 0",2.5,"MA"
2931,"AH",2019,"SE1902","HAW-04300","A",0,2.5,1,0,"POSP",0,0,0,-1,0,"EM",NA,0,NA,0,NA,0,NA,0,0,NA,0,0,NA,0,0,0.053861396,"HAW-4300 0",2.5,"MA"
2932,"AH",2019,"SE1902","HAW-04300","A",0,2.5,1,0,"POSP",0,0,0,0,15,"MD",NA,0,NA,0,NA,0,"ALG",5,0,NA,0,0,NA,0,0,0.099958492,"HAW-4300 0",2.5,"MA"
2933,"AH",2019,"SE1902","HAW-04300","A",0,2.5,1,0,"POSP",0,0,0,0,35,"MD",NA,0,NA,0,NA,0,NA,0,0,NA,0,0,NA,0,0,0.052972824,"HAW-4300 0",2.5,"MA"
2934,"AH",2019,"SE1902","HAW-04300","A",0,2.5,1,0,"POSP",0,0,0,0,2,"EM",NA,0,NA,0,NA,0,NA,0,0,NA,0,0,NA,0,0,0.178252994,"HAW-4300 0",2.5,"MA"
2935,"AH",2019,"SE1902","HAW-04300","A",0,2.5,1,0,"POSP",0,0,0,0,60,"MD",NA,0,NA,0,NA,0,"ALG",3,0,NA,0,0,NA,0,0,0.226771515,"HAW-4300 0",2.5,"MA"
2936,"AH",2019,"SE1902","HAW-04300","A",0,2.5,1,0,"POSP",0,0,0,0,50,"MD",NA,0,NA,0,NA,0,NA,0,0,NA,0,0,NA,0,0,0.575476569,"HAW-4300 0",2.5,"MA"
2937,"AH",2019,"SE1902","HAW-04300","A",0,2.5,1,0,"PCOM",0,0,0,0,70,"BR","DAMG",3,NA,0,NA,0,NA,0,0,NA,0,0,NA,0,0,0.442346922,"HAW-4300 0",2.5,"MA"
2938,"AH",2019,"SE1902","HAW-04300","A",0,2.5,1,0,"PCOM",0,0,0,0,60,"BR","DAMG",2,NA,0,NA,0,NA,0,0,NA,0,0,NA,0,0,0.208275393,"HAW-4300 0",2.5,"MA"
2939,"AH",2019,"SE1902","HAW-04300","A",0,2.5,1,0,"POSP",0,0,0,0,20,"MD",NA,0,NA,0,NA,0,NA,0,0,NA,0,0,NA,0,0,0.120192596,"HAW-4300 0",2.5,"MA"
2940,"AH",2019,"SE1902","HAW-04300","A",0,2.5,1,0,"POSP",0,0,0,0,45,"MD",NA,0,NA,0,NA,0,NA,0,0,NA,0,0,NA,0,0,0.119276023,"HAW-4300 0",2.5,"MA"
2941,"AH",2019,"SE1902","HAW-04300","A",0,2.5,1,0,"POSP",0,0,0,0,80,"MD",NA,0,NA,0,NA,0,NA,0,0,NA,0,0,NA,0,0,0.094794514,"HAW-4300 0",2.5,"MA"
2942,"AH",2019,"SE1902","HAW-04300","A",0,2.5,1,0,"MCAP",0,0,0,0,5,"EM",NA,0,NA,0,NA,0,"BLE",50,1,NA,0,0,NA,0,0,0.083198559,"HAW-4300 0",2.5,"MA"
2943,"AH",2019,"SE1902","HAW-04300","A",0,2.5,1,0,"POSP",0,0,0,0,3,"EM",NA,0,NA,0,NA,0,NA,0,0,NA,0,0,NA,0,0,0.075416974,"HAW-4300 0",2.5,"MA"
2944,"AH",2019,"SE1902","HAW-04300","A",0,2.5,1,0,"PCOM",0,0,0,0,70,"BR","DAMG",2,NA,0,NA,0,NA,0,0,NA,0,0,NA,0,0,0.407384044,"HAW-4300 0",2.5,"MA"
2945,"AH",2019,"SE1902","HAW-04300","A",0,2.5,1,0,"PLUT",0,0,0,0,1,"MD",NA,0,NA,0,NA,0,NA,0,0,NA,0,0,NA,0,0,0.134874237,"HAW-4300 0",2.5,"MA"
2946,"AH",2019,"SE1902","HAW-04300","A",0,2.5,1,0,"PLUT",0,0,0,0,2,"MD",NA,0,NA,0,NA,0,NA,0,0,NA,0,0,NA,0,0,0.140041207,"HAW-4300 0",2.5,"MA"
2947,"AH",2019,"SE1902","HAW-04300","A",0,2.5,1,0,"POSP",0,0,0,0,50,"MD",NA,0,NA,0,NA,0,NA,0,0,NA,0,0,NA,0,0,0.092599999,"HAW-4300 0",2.5,"MA"
2948,"AH",2019,"SE1902","HAW-04300","A",0,2.5,1,0,"POSP",0,0,0,0,10,"MD",NA,0,NA,0,NA,0,NA,0,0,NA,0,0,NA,0,0,0.153227184,"HAW-4300 0",2.5,"MA"
2949,"AH",2019,"SE1902","HAW-04300","A",0,2.5,1,0,"MCAP",0,0,0,0,5,"EM",NA,0,NA,0,NA,0,"BLE",90,1,NA,0,0,NA,0,0,0.054684733,"HAW-4300 0",2.5,"MA"
2950,"AH",2019,"SE1902","HAW-04300","A",0,2.5,1,0,"PCOM",0,0,0,0,0,"BR",NA,0,NA,0,NA,0,NA,0,0,NA,0,0,NA,0,0,0.098432363,"HAW-4300 0",2.5,"MA"
2951,"AH",2019,"SE1902","HAW-04300","A",0,2.5,1,0,"MCAP",0,0,0,0,10,"EM",NA,0,NA,0,NA,0,NA,0,0,NA,0,0,NA,0,0,0.087986476,"HAW-4300 0",2.5,"MA"
2952,"AH",2019,"SE1902","HAW-04300","A",0,2.5,1,0,"PCOM",0,0,0,0,25,"BR",NA,0,NA,0,NA,0,NA,0,0,NA,0,0,NA,0,0,0.177259696,"HAW-4300 0",2.5,"MA"
2953,"AH",2019,"SE1902","HAW-04300","A",0,2.5,1,0,"POSP",0,0,0,0,5,"EM",NA,0,NA,0,NA,0,NA,0,0,NA,0,0,NA,0,0,0.075028661,"HAW-4300 0",2.5,"MA"
3637,"MSL",2019,"SE1902","KAH-00635","A",15,2.5,1,0,"PLOB",0,0,0,0,80,"EM","FISH",1,NA,0,NA,0,"PRS",1,0,"ALG",1,0,NA,0,0,0.460603397,"KAH-635 15",2.5,"MA"
3638,"MSL",2019,"SE1902","KAH-00635","A",15,2.5,1,0,"PLOB",0,0,0,0,10,"EM",NA,0,NA,0,NA,0,"ALG",1,0,NA,0,0,NA,0,0,0.818366159,"KAH-635 15",2.5,"MA"
3639,"MSL",2019,"SE1902","KAH-00635","A",15,2.5,1,0,"PCOM",0,0,0,0,97,"BR","PRED",1,NA,0,NA,0,NA,0,0,NA,0,0,NA,0,0,0.475256573,"KAH-635 15",2.5,"MA"
3640,"MSL",2019,"SE1902","KAH-00635","A",15,2.5,1,0,"PVAR",0,0,0,0,0,"EF",NA,0,NA,0,NA,0,NA,0,0,NA,0,0,NA,0,0,0.053649325,"KAH-635 15",2.5,"MA"
3641,"MSL",2019,"SE1902","KAH-00635","A",15,2.5,1,0,"MPAT",0,0,0,0,30,"EF",NA,0,NA,0,NA,0,NA,0,0,NA,0,0,NA,0,0,0.159113167,"KAH-635 15",2.5,"MA"
3642,"MSL",2019,"SE1902","KAH-00635","A",15,2.5,1,0,"PVAR",0,0,0,0,0,"EF",NA,0,NA,0,NA,0,NA,0,0,NA,0,0,NA,0,0,0.100329157,"KAH-635 15",2.5,"MA"
3643,"MSL",2019,"SE1902","KAH-00635","A",15,2.5,1,0,"PMEA",0,0,0,0,50,"BR",NA,0,NA,0,NA,0,NA,0,0,NA,0,0,NA,0,0,0.089990444,"KAH-635 15",2.5,"MA"
3644,"MSL",2019,"SE1902","KAH-00635","A",15,2.5,1,0,"PCOM",0,0,0,0,60,"BR","FISH",3,NA,0,NA,0,"PRS",1,0,"ALG",1,0,NA,0,0,0.756122642,"KAH-635 15",2.5,"MA"
3645,"MSL",2019,"SE1902","KAH-00635","A",15,2.5,1,0,"PMEA",0,0,0,0,5,"BR","FISH",1,NA,0,NA,0,NA,0,0,NA,0,0,NA,0,0,0.267962573,"KAH-635 15",2.5,"MA"
3646,"MSL",2019,"SE1902","KAH-00635","A",15,2.5,1,0,"PCOM",0,0,0,0,60,"BR","DAMG",1,NA,0,NA,0,"ALG",1,0,NA,0,0,NA,0,0,0.391951018,"KAH-635 15",2.5,"MA"
3647,"MSL",2019,"SE1902","KAH-00635","A",15,2.5,1,0,"MPAT",0,0,0,0,10,"EF",NA,0,NA,0,NA,0,"BLE",50,2,NA,0,0,NA,0,0,0.138720331,"KAH-635 15",2.5,"MA"
3648,"MSL",2019,"SE1902","KAH-00635","A",15,2.5,1,0,"MPAT",0,0,0,0,10,"EF",NA,0,NA,0,NA,0,NA,0,0,NA,0,0,NA,0,0,0.098642891,"KAH-635 15",2.5,"MA"
3649,"MSL",2019,"SE1902","KAH-00635","A",15,2.5,1,0,"MPAT",0,0,0,0,40,"EF",NA,0,NA,0,NA,0,"BLP",50,1,NA,0,0,NA,0,0,0.181840039,"KAH-635 15",2.5,"MA"
3650,"MSL",2019,"SE1902","KAH-00635","A",15,2.5,1,0,"MCAP",0,0,0,0,60,"EF",NA,0,NA,0,NA,0,"BLP",30,2,NA,0,0,NA,0,0,0.469265575,"KAH-635 15",2.5,"MA"
3651,"MSL",2019,"SE1902","KAH-00635","A",15,2.5,1,0,"PLOB",0,0,0,0,20,"EM","FISH",1,NA,0,NA,0,"ALG",1,0,NA,0,0,NA,0,0,0.474896893,"KAH-635 15",2.5,"MA"
3652,"MSL",2019,"SE1902","KAH-00635","A",15,2.5,1,0,"MPAT",0,0,0,0,3,"EF",NA,0,NA,0,NA,0,NA,0,0,NA,0,0,NA,0,0,0.088291562,"KAH-635 15",2.5,"MA"
3653,"MSL",2019,"SE1902","KAH-00635","A",15,2.5,1,0,"PLUT",0,0,0,0,70,"EM","FISH",1,NA,0,NA,0,"ALG",1,0,NA,0,0,NA,0,0,0.680051424,"KAH-635 15",2.5,"MA"
3654,"MSL",2019,"SE1902","KAH-00635","A",15,2.5,1,0,"PLOB",0,0,0,0,0,"EM",NA,0,NA,0,NA,0,NA,0,0,NA,0,0,NA,0,0,0.228541571,"KAH-635 15",2.5,"MA"
3655,"MSL",2019,"SE1902","KAH-00635","A",15,2.5,1,0,"MPAT",0,0,0,0,1,"EF",NA,0,NA,0,NA,0,NA,0,0,NA,0,0,NA,0,0,0.106094533,"KAH-635 15",2.5,"MA"
3656,"MSL",2019,"SE1902","KAH-00635","A",15,2.5,1,0,"MCAP",0,0,0,0,5,"EF",NA,0,NA,0,NA,0,"BLP",50,1,NA,0,0,NA,0,0,0.111840064,"KAH-635 15",2.5,"MA"
3657,"MSL",2019,"SE1902","KAH-00635","A",15,2.5,1,0,"PLOB",0,0,0,0,1,"EF",NA,0,NA,0,NA,0,NA,0,0,NA,0,0,NA,0,0,0.140064628,"KAH-635 15",2.5,"MA"
3658,"MSL",2019,"SE1902","KAH-00635","A",15,2.5,1,0,"MPAT",0,0,0,0,0,"EF",NA,0,NA,0,NA,0,NA,0,0,NA,0,0,NA,0,0,0.059203462,"KAH-635 15",2.5,"MA"
3659,"MSL",2019,"SE1902","KAH-00635","A",15,2.5,1,0,"MCAP",0,0,0,0,0,"EF",NA,0,NA,0,NA,0,"BLE",100,2,NA,0,0,NA,0,0,0.112504755,"KAH-635 15",2.5,"MA"
3660,"MSL",2019,"SE1902","KAH-00635","A",15,2.5,1,0,"MCAP",0,0,0,0,30,"EF",NA,0,NA,0,NA,0,"BLP",20,2,NA,0,0,NA,0,0,0.121895241,"KAH-635 15",2.5,"MA"
3661,"MSL",2019,"SE1902","KAH-00635","A",15,2.5,1,0,"PGRA",0,0,0,0,30,"BR",NA,0,NA,0,NA,0,NA,0,0,NA,0,0,NA,0,0,0.286669879,"KAH-635 15",2.5,"MA"
3662,"MSL",2019,"SE1902","KAH-00635","A",15,2.5,1,0,"MPAT",0,0,0,0,10,"EF",NA,0,NA,0,NA,0,"BLP",5,2,NA,0,0,NA,0,0,0.413582941,"KAH-635 15",2.5,"MA"
3663,"MSL",2019,"SE1902","KAH-00635","A",15,2.5,1,0,"PCOM",0,0,0,0,60,"BR","FISH",3,NA,0,NA,0,"BLP",3,2,"PRS",3,0,NA,0,0,0.707031046,"KAH-635 15",2.5,"MA"
3664,"MSL",2019,"SE1902","KAH-00635","A",15,2.5,1,0,"MPAT",0,0,0,0,50,"EF",NA,0,NA,0,NA,0,NA,0,0,NA,0,0,NA,0,0,0.109020227,"KAH-635 15",2.5,"MA"
3665,"MSL",2019,"SE1902","KAH-00635","A",15,2.5,1,0,"MPAT",0,0,0,0,40,"EF",NA,0,NA,0,NA,0,"BLE",100,2,NA,0,0,NA,0,0,0.091392833,"KAH-635 15",2.5,"MA"
3666,"MSL",2019,"SE1902","KAH-00635","A",15,2.5,1,0,"MPAT",0,0,0,0,50,"EF",NA,0,NA,0,NA,0,"BLE",10,2,NA,0,0,NA,0,0,0.110139186,"KAH-635 15",2.5,"MA"
3667,"MSL",2019,"SE1902","KAH-00635","A",15,2.5,1,0,"MPAT",0,0,0,0,0,"EF",NA,0,NA,0,NA,0,"BLE",90,2,NA,0,0,NA,0,0,0.213805566,"KAH-635 15",2.5,"MA"
3668,"MSL",2019,"SE1902","KAH-00635","A",15,2.5,1,0,"MPAT",0,0,0,0,60,"EF",NA,0,NA,0,NA,0,NA,0,0,NA,0,0,NA,0,0,0.094867329,"KAH-635 15",2.5,"MA"
3669,"MSL",2019,"SE1902","KAH-00635","A",15,2.5,1,0,"MPAT",0,0,0,0,40,"EF",NA,0,NA,0,NA,0,"BLP",30,2,NA,0,0,NA,0,0,0.1671907,"KAH-635 15",2.5,"MA"
3670,"MSL",2019,"SE1902","KAH-00635","A",15,2.5,1,0,"MPAT",0,0,0,0,50,"EF",NA,0,NA,0,NA,0,"BLP",3,1,NA,0,0,NA,0,0,0.318004418,"KAH-635 15",2.5,"MA"
3671,"MSL",2019,"SE1902","KAH-00635","A",15,2.5,1,0,"PVAR",0,0,0,0,15,"EF",NA,0,NA,0,NA,0,NA,0,0,NA,0,0,NA,0,0,0.101593798,"KAH-635 15",2.5,"MA"
5922,"CA",2019,"SE1902","MAI-02505","A",15,2.5,1,-1," ",0,0,0,0,0," ",NA,0,NA,0,NA,0,NA,0,0,NA,0,0,NA,0,0,0.190474146,"MAI-2505 15",2.5,"MA"
6351,"CA",2019,"SE1902","MAI-02541","A",0,2.5,1,0,"MPAT",0,0,0,0,4,"EF",NA,0,NA,0,NA,0,NA,0,0,NA,0,0,NA,0,0,0.244089492,"MAI-2541 0",2.5,"MA"
6352,"CA",2019,"SE1902","MAI-02541","A",0,2.5,1,0,"MPAT",0,0,0,0,5,"EM",NA,0,NA,0,NA,0,NA,0,0,NA,0,0,NA,0,0,0.192390488,"MAI-2541 0",2.5,"MA"
6354,"CA",2019,"SE1902","MAI-02541","A",0,2.5,1,0,"MCAP",0,0,0,0,25,"EM",NA,0,NA,0,NA,0,NA,0,0,NA,0,0,NA,0,0,0.585286426,"MAI-2541 0",2.5,"MA"
6355,"CA",2019,"SE1902","MAI-02541","A",0,2.5,1,0,"MPAT",0,0,0,0,5,"EF",NA,0,NA,0,NA,0,NA,0,0,NA,0,0,NA,0,0,0.126963067,"MAI-2541 0",2.5,"MA"
6356,"CA",2019,"SE1902","MAI-02541","A",0,2.5,1,0,"MCAP",0,0,0,0,10,"EM",NA,0,NA,0,NA,0,NA,0,0,NA,0,0,NA,0,0,0.224515923,"MAI-2541 0",2.5,"MA"
6357,"CA",2019,"SE1902","MAI-02541","A",0,2.5,1,0,"MPAT",0,0,0,0,20,"EM",NA,0,NA,0,NA,0,NA,0,0,NA,0,0,NA,0,0,0.081254293,"MAI-2541 0",2.5,"MA"
6358,"CA",2019,"SE1902","MAI-02541","A",0,2.5,1,0,"MPAT",0,0,0,0,1,"EM",NA,0,NA,0,NA,0,NA,0,0,NA,0,0,NA,0,0,0.148789046,"MAI-2541 0",2.5,"MA"
6360,"CA",2019,"SE1902","MAI-02541","A",0,2.5,1,0,"MPAT",0,0,0,0,15,"EM",NA,0,NA,0,NA,0,"ALG",5,0,NA,0,0,NA,0,0,0.14680831,"MAI-2541 0",2.5,"MA"
6361,"CA",2019,"SE1902","MAI-02541","A",0,2.5,1,0,"MPAT",0,0,0,0,5,"EM",NA,0,NA,0,NA,0,NA,0,0,NA,0,0,NA,0,0,0.087960275,"MAI-2541 0",2.5,"MA"
6362,"CA",2019,"SE1902","MAI-02541","A",0,2.5,1,0,"PCOM",0,0,0,0,1,"BR",NA,0,NA,0,NA,0,NA,0,0,NA,0,0,NA,0,0,0.072843462,"MAI-2541 0",2.5,"MA"
6363,"CA",2019,"SE1902","MAI-02541","A",0,2.5,1,0,"MPAT",0,0,0,0,10,"EM",NA,0,NA,0,NA,0,NA,0,0,NA,0,0,NA,0,0,0.195200537,"MAI-2541 0",2.5,"MA"
6364,"CA",2019,"SE1902","MAI-02541","A",0,2.5,1,0,"MPAT",0,0,0,0,4,"EF",NA,0,NA,0,NA,0,NA,0,0,NA,0,0,NA,0,0,0.161968053,"MAI-2541 0",2.5,"MA"
6365,"CA",2019,"SE1902","MAI-02541","A",0,2.5,1,0,"MCAP",0,0,0,0,15,"EM",NA,0,NA,0,NA,0,"BLE",20,1,NA,0,0,NA,0,0,0.115439551,"MAI-2541 0",2.5,"MA"
6366,"CA",2019,"SE1902","MAI-02541","A",0,2.5,1,0,"MPAT",0,0,0,0,2,"EF",NA,0,NA,0,NA,0,NA,0,0,NA,0,0,NA,0,0,0.12871756,"MAI-2541 0",2.5,"MA"
6367,"CA",2019,"SE1902","MAI-02541","A",0,2.5,1,0,"MPAT",0,0,0,0,10,"EM",NA,0,NA,0,NA,0,NA,0,0,NA,0,0,NA,0,0,0.416245757,"MAI-2541 0",2.5,"MA"
6369,"CA",2019,"SE1902","MAI-02541","A",0,2.5,1,0,"MCAP",0,0,0,0,10,"KN",NA,0,NA,0,NA,0,NA,0,0,NA,0,0,NA,0,0,0.106420158,"MAI-2541 0",2.5,"MA"
6370,"CA",2019,"SE1902","MAI-02541","A",0,2.5,1,0,"PCOM",0,0,0,0,30,"BR",NA,0,NA,0,NA,0,"ALG",3,0,NA,0,0,NA,0,0,0.145129253,"MAI-2541 0",2.5,"MA"
6371,"CA",2019,"SE1902","MAI-02541","A",0,2.5,1,0,"MCAP",0,0,0,0,10,"EC",NA,0,NA,0,NA,0,NA,0,0,NA,0,0,NA,0,0,0.213874846,"MAI-2541 0",2.5,"MA"
6372,"CA",2019,"SE1902","MAI-02541","A",0,2.5,1,0,"MCAP",0,0,0,0,5,"EC",NA,0,NA,0,NA,0,NA,0,0,NA,0,0,NA,0,0,0.099080623,"MAI-2541 0",2.5,"MA"
6373,"CA",2019,"SE1902","MAI-02541","A",0,2.5,1,0,"MCAP",0,0,0,0,15,"KN","MACA",3,NA,0,NA,0,NA,0,0,NA,0,0,NA,0,0,0.164692956,"MAI-2541 0",2.5,"MA"
6374,"CA",2019,"SE1902","MAI-02541","A",0,2.5,1,0,"PCOM",0,0,0,0,85,"KN",NA,0,NA,0,NA,0,"ALG",2,0,NA,0,0,NA,0,0,0.071391947,"MAI-2541 0",2.5,"MA"
6375,"CA",2019,"SE1902","MAI-02541","A",0,2.5,1,0,"MCAP",0,0,0,0,5,"BR","MACA",3,NA,0,NA,0,NA,0,0,NA,0,0,NA,0,0,0.069388327,"MAI-2541 0",2.5,"MA"
6376,"CA",2019,"SE1902","MAI-02541","A",0,2.5,1,0,"MCAP",0,0,0,0,5,"KN",NA,0,NA,0,NA,0,"ALG",3,0,NA,0,0,NA,0,0,0.510845261,"MAI-2541 0",2.5,"MA"
6378,"CA",2019,"SE1902","MAI-02541","A",0,2.5,1,0,"PVAR",0,0,0,0,45,"EC",NA,0,NA,0,NA,0,NA,0,0,NA,0,0,NA,0,0,0.180889359,"MAI-2541 0",2.5,"MA"
6379,"CA",2019,"SE1902","MAI-02541","A",0,2.5,1,0,"PCOM",0,0,0,0,3,"BR",NA,0,NA,0,NA,0,NA,0,0,NA,0,0,NA,0,0,0.092956872,"MAI-2541 0",2.5,"MA"
6381,"CA",2019,"SE1902","MAI-02541","A",0,2.5,1,0,"MPAT",0,0,0,0,5,"EM",NA,0,NA,0,NA,0,NA,0,0,NA,0,0,NA,0,0,0.478094102,"MAI-2541 0",2.5,"MA"
6382,"CA",2019,"SE1902","MAI-02541","A",0,2.5,1,0,"MCAP",0,0,0,0,40,"EM",NA,0,NA,0,NA,0,NA,0,0,NA,0,0,NA,0,0,0.083648072,"MAI-2541 0",2.5,"MA"
6383,"CA",2019,"SE1902","MAI-02541","A",0,2.5,1,0,"MPAT",0,0,0,0,20,"EM",NA,0,NA,0,NA,0,NA,0,0,NA,0,0,NA,0,0,0.279495706,"MAI-2541 0",2.5,"MA"
6384,"CA",2019,"SE1902","MAI-02541","A",0,2.5,1,0,"MCAP",0,0,0,0,4,"KN","MACA",1,NA,0,NA,0,NA,0,0,NA,0,0,NA,0,0,0.079709034,"MAI-2541 0",2.5,"MA"
6385,"CA",2019,"SE1902","MAI-02541","A",0,2.5,1,0,"MPAT",0,0,0,0,5,"EM",NA,0,NA,0,NA,0,NA,0,0,NA,0,0,NA,0,0,0.316859622,"MAI-2541 0",2.5,"MA"
6386,"CA",2019,"SE1902","MAI-02541","A",0,2.5,1,0,"MPAT",0,0,0,0,10,"EM",NA,0,NA,0,NA,0,NA,0,0,NA,0,0,NA,0,0,0.18758177,"MAI-2541 0",2.5,"MA"
6387,"CA",2019,"SE1902","MAI-02541","A",0,2.5,1,0,"MPAT",0,0,0,0,15,"EM",NA,0,NA,0,NA,0,"ALG",2,0,NA,0,0,NA,0,0,0.178866124,"MAI-2541 0",2.5,"MA"
6388,"CA",2019,"SE1902","MAI-02541","A",0,2.5,1,0,"MPAT",0,0,0,0,5,"EM",NA,0,NA,0,NA,0,NA,0,0,NA,0,0,NA,0,0,0.257407868,"MAI-2541 0",2.5,"MA"
6389,"CA",2019,"SE1902","MAI-02541","A",0,2.5,1,0,"MPAT",0,0,0,0,5,"EM",NA,0,NA,0,NA,0,NA,0,0,NA,0,0,NA,0,0,0.123447357,"MAI-2541 0",2.5,"MA"
6390,"CA",2019,"SE1902","MAI-02541","A",0,2.5,1,0,"MCAP",0,0,0,0,2,"KN",NA,0,NA,0,NA,0,NA,0,0,NA,0,0,NA,0,0,0.090339415,"MAI-2541 0",2.5,"MA"
6391,"CA",2019,"SE1902","MAI-02541","A",0,2.5,1,0,"MPAT",0,0,0,0,5,"EM",NA,0,NA,0,NA,0,NA,0,0,NA,0,0,NA,0,0,0.135215679,"MAI-2541 0",2.5,"MA"
6392,"CA",2019,"SE1902","MAI-02541","A",0,2.5,1,0,"MPAT",0,0,0,0,5,"EM",NA,0,NA,0,NA,0,NA,0,0,NA,0,0,NA,0,0,0.100719662,"MAI-2541 0",2.5,"MA"
6393,"CA",2019,"SE1902","MAI-02541","A",0,2.5,1,0,"MPAT",0,0,0,0,15,"EM",NA,0,NA,0,NA,0,"ALG",1,0,NA,0,0,NA,0,0,0.133758626,"MAI-2541 0",2.5,"MA"
6394,"CA",2019,"SE1902","MAI-02541","A",0,2.5,1,0,"MPAT",0,0,0,0,5,"EM",NA,0,NA,0,NA,0,NA,0,0,NA,0,0,NA,0,0,0.417959436,"MAI-2541 0",2.5,"MA"
6395,"CA",2019,"SE1902","MAI-02541","A",0,2.5,1,0,"MPAT",0,0,0,0,1,"EF",NA,0,NA,0,NA,0,NA,0,0,NA,0,0,NA,0,0,0.082391323,"MAI-2541 0",2.5,"MA"
6396,"CA",2019,"SE1902","MAI-02541","A",0,2.5,1,0,"PCOM",0,0,0,0,50,"BR",NA,0,NA,0,NA,0,NA,0,0,NA,0,0,NA,0,0,0.343934209,"MAI-2541 0",2.5,"MA"
6397,"CA",2019,"SE1902","MAI-02541","A",0,2.5,1,0,"PCOM",0,0,0,0,1,"BR",NA,0,NA,0,NA,0,NA,0,0,NA,0,0,NA,0,0,0.05305403,"MAI-2541 0",2.5,"MA"
6398,"CA",2019,"SE1902","MAI-02541","A",0,2.5,1,0,"MPAT",0,0,0,0,5,"EM",NA,0,NA,0,NA,0,NA,0,0,NA,0,0,NA,0,0,0.17203238,"MAI-2541 0",2.5,"MA"
6399,"CA",2019,"SE1902","MAI-02541","A",0,2.5,1,0,"MPAT",0,0,0,0,1,"EM",NA,0,NA,0,NA,0,"ALG",10,0,NA,0,0,NA,0,0,0.056380494,"MAI-2541 0",2.5,"MA"
6400,"CA",2019,"SE1902","MAI-02541","A",0,2.5,1,0,"MPAT",0,0,0,0,3,"EM",NA,0,NA,0,NA,0,NA,0,0,NA,0,0,NA,0,0,0.174507565,"MAI-2541 0",2.5,"MA"
6401,"CA",2019,"SE1902","MAI-02541","A",0,2.5,1,0,"MPAT",0,0,0,0,1,"EM",NA,0,NA,0,NA,0,"ALG",2,0,NA,0,0,NA,0,0,0.096935854,"MAI-2541 0",2.5,"MA"
6402,"CA",2019,"SE1902","MAI-02541","A",0,2.5,1,0,"MCAP",0,0,0,0,5,"KN","MACA",3,NA,0,NA,0,NA,0,0,NA,0,0,NA,0,0,0.1647,"MAI-2541 0",2.5,"MA"
6403,"CA",2019,"SE1902","MAI-02541","A",0,2.5,1,0,"PLOB",0,0,0,0,3,"KN",NA,0,NA,0,NA,0,"ALG",1,0,NA,0,0,NA,0,0,0.054715628,"MAI-2541 0",2.5,"MA"
6404,"CA",2019,"SE1902","MAI-02541","A",0,2.5,1,0,"MPAT",0,0,0,0,1,"EM",NA,0,NA,0,NA,0,NA,0,0,NA,0,0,NA,0,0,0.118756263,"MAI-2541 0",2.5,"MA"
6405,"CA",2019,"SE1902","MAI-02541","A",0,2.5,1,0,"MPAT",0,0,0,0,5,"EM",NA,0,NA,0,NA,0,NA,0,0,NA,0,0,NA,0,0,0.266019924,"MAI-2541 0",2.5,"MA"
6406,"CA",2019,"SE1902","MAI-02541","A",0,2.5,1,0,"PCOM",0,0,0,0,1,"BR",NA,0,NA,0,NA,0,NA,0,0,NA,0,0,NA,0,0,0.05082519,"MAI-2541 0",2.5,"MA"
6407,"CA",2019,"SE1902","MAI-02541","A",0,2.5,1,0,"PCOM",0,0,0,0,1,"BR",NA,0,NA,0,NA,0,NA,0,0,NA,0,0,NA,0,0,0.053411329,"MAI-2541 0",2.5,"MA"
6408,"CA",2019,"SE1902","MAI-02541","A",0,2.5,1,0,"MPAT",0,0,0,0,2,"EM",NA,0,NA,0,NA,0,NA,0,0,NA,0,0,NA,0,0,0.206605541,"MAI-2541 0",2.5,"MA"
6409,"CA",2019,"SE1902","MAI-02541","A",0,2.5,1,0,"MCAP",0,0,0,0,1,"EM",NA,0,NA,0,NA,0,NA,0,0,NA,0,0,NA,0,0,0.142456239,"MAI-2541 0",2.5,"MA"
6410,"CA",2019,"SE1902","MAI-02541","A",0,2.5,1,0,"MCAP",0,0,0,0,1,"KN",NA,0,NA,0,NA,0,NA,0,0,NA,0,0,NA,0,0,0.106303763,"MAI-2541 0",2.5,"MA"
6411,"CA",2019,"SE1902","MAI-02541","A",0,2.5,1,0,"MPAT",0,0,0,0,0,"EM","MACA",1,NA,0,NA,0,NA,0,0,NA,0,0,NA,0,0,0.065275493,"MAI-2541 0",2.5,"MA"
6412,"CA",2019,"SE1902","MAI-02541","A",0,2.5,1,0,"POSP",0,0,0,0,80,"KN",NA,0,NA,0,NA,0,NA,0,0,NA,0,0,NA,0,0,0.086452299,"MAI-2541 0",2.5,"MA"
6413,"CA",2019,"SE1902","MAI-02541","A",0,2.5,1,0,"POSP",0,0,0,0,55,"KN","MACA",3,NA,0,NA,0,NA,0,0,NA,0,0,NA,0,0,0.069649193,"MAI-2541 0",2.5,"MA"
6414,"CA",2019,"SE1902","MAI-02541","A",0,2.5,1,0,"MPAT",0,0,0,0,20,"MD",NA,0,NA,0,NA,0,NA,0,0,NA,0,0,NA,0,0,0.141830673,"MAI-2541 0",2.5,"MA"
6415,"CA",2019,"SE1902","MAI-02541","A",0,2.5,1,0,"MPAT",0,0,0,0,10,"MD",NA,0,NA,0,NA,0,"BLE",80,3,NA,0,0,NA,0,0,0.097382186,"MAI-2541 0",2.5,"MA"
6416,"CA",2019,"SE1902","MAI-02541","A",0,2.5,1,0,"MPAT",0,0,0,0,4,"MD","MACA",2,NA,0,NA,0,NA,0,0,NA,0,0,NA,0,0,0.201262267,"MAI-2541 0",2.5,"MA"
6417,"CA",2019,"SE1902","MAI-02541","A",0,2.5,1,0,"POSP",0,0,0,0,50,"KN",NA,0,NA,0,NA,0,NA,0,0,NA,0,0,NA,0,0,0.190560278,"MAI-2541 0",2.5,"MA"
6418,"CA",2019,"SE1902","MAI-02541","A",0,2.5,1,0,"PCOM",0,0,0,0,5,"BR",NA,0,NA,0,NA,0,NA,0,0,NA,0,0,NA,0,0,0.230794152,"MAI-2541 0",2.5,"MA"
6419,"CA",2019,"SE1902","MAI-02541","A",0,2.5,1,0,"MPAT",0,0,0,0,5,"EM",NA,0,NA,0,NA,0,NA,0,0,NA,0,0,NA,0,0,0.205383641,"MAI-2541 0",2.5,"MA"
6420,"CA",2019,"SE1902","MAI-02541","A",0,2.5,1,0,"MCAP",0,0,0,0,10,"KN",NA,0,NA,0,NA,0,NA,0,0,NA,0,0,NA,0,0,0.146143285,"MAI-2541 0",2.5,"MA"
6421,"CA",2019,"SE1902","MAI-02541","A",0,2.5,1,0,"MPAT",0,0,0,0,5,"EM",NA,0,NA,0,NA,0,NA,0,0,NA,0,0,NA,0,0,0.271056175,"MAI-2541 0",2.5,"MA"
6422,"CA",2019,"SE1902","MAI-02541","A",0,2.5,1,0,"PDUE",0,0,0,0,0,"BR","FISH",3,NA,0,NA,0,NA,0,0,NA,0,0,NA,0,0,0.120340558,"MAI-2541 0",2.5,"MA"
6423,"CA",2019,"SE1902","MAI-02541","A",0,2.5,1,0,"MCAP",0,0,0,0,2,"KN",NA,0,NA,0,NA,0,NA,0,0,NA,0,0,NA,0,0,0.074875429,"MAI-2541 0",2.5,"MA"
6424,"CA",2019,"SE1902","MAI-02541","A",0,2.5,1,0,"MPAT",0,0,0,0,25,"EM",NA,0,NA,0,NA,0,NA,0,0,NA,0,0,NA,0,0,0.098626822,"MAI-2541 0",2.5,"MA"
6425,"CA",2019,"SE1902","MAI-02541","A",0,2.5,1,0,"MCAP",0,0,0,0,2,"KN",NA,0,NA,0,NA,0,NA,0,0,NA,0,0,NA,0,0,0.113554613,"MAI-2541 0",2.5,"MA"
6426,"CA",2019,"SE1902","MAI-02541","A",0,2.5,1,0,"MCAP",0,0,0,0,2,"EM",NA,0,NA,0,NA,0,NA,0,0,NA,0,0,NA,0,0,0.067057736,"MAI-2541 0",2.5,"MA"
6427,"CA",2019,"SE1902","MAI-02541","A",0,2.5,1,0,"MCAP",0,0,0,0,20,"KN","MACA",1,NA,0,NA,0,"ALG",1,0,NA,0,0,NA,0,0,0.912823861,"MAI-2541 0",2.5,"MA"
6428,"CA",2019,"SE1902","MAI-02541","A",0,2.5,1,0,"MPAT",0,0,0,0,2,"EM",NA,0,NA,0,NA,0,"ALG",1,0,NA,0,0,NA,0,0,0.065925488,"MAI-2541 0",2.5,"MA"
6429,"CA",2019,"SE1902","MAI-02541","A",0,2.5,1,0,"MPAT",0,0,0,0,3,"EM","MACA",2,NA,0,NA,0,NA,0,0,NA,0,0,NA,0,0,0.116839036,"MAI-2541 0",2.5,"MA"
6430,"CA",2019,"SE1902","MAI-02541","A",0,2.5,1,0,"PCOM",0,0,0,0,2,"EM",NA,0,NA,0,NA,0,NA,0,0,NA,0,0,NA,0,0,0.052656717,"MAI-2541 0",2.5,"MA"
6431,"CA",2019,"SE1902","MAI-02541","A",0,2.5,1,0,"MPAT",0,0,0,0,10,"EM",NA,0,NA,0,NA,0,NA,0,0,NA,0,0,NA,0,0,0.707073477,"MAI-2541 0",2.5,"MA"
6432,"CA",2019,"SE1902","MAI-02541","A",0,2.5,1,0,"PVAR",0,0,0,-1,0,"EF",NA,0,NA,0,NA,0,NA,0,0,NA,0,0,NA,0,0,0.099979249,"MAI-2541 0",2.5,"MA"
6433,"CA",2019,"SE1902","MAI-02541","A",0,2.5,1,0,"MCAP",0,0,0,0,35,"KN",NA,0,NA,0,NA,0,NA,0,0,NA,0,0,NA,0,0,0.13934694,"MAI-2541 0",2.5,"MA"
6434,"CA",2019,"SE1902","MAI-02541","A",0,2.5,1,0,"MCAP",0,0,0,0,1,"EM",NA,0,NA,0,NA,0,NA,0,0,NA,0,0,NA,0,0,0.051510193,"MAI-2541 0",2.5,"MA"
6435,"CA",2019,"SE1902","MAI-02541","A",0,2.5,1,0,"MPAT",0,0,0,0,5,"EM",NA,0,NA,0,NA,0,NA,0,0,NA,0,0,NA,0,0,0.254647088,"MAI-2541 0",2.5,"MA"
6436,"CA",2019,"SE1902","MAI-02541","A",0,2.5,1,0,"PCOM",0,0,0,0,5,"BR",NA,0,NA,0,NA,0,NA,0,0,NA,0,0,NA,0,0,0.051524848,"MAI-2541 0",2.5,"MA"
6437,"CA",2019,"SE1902","MAI-02541","A",0,2.5,1,0,"MCAP",0,0,0,0,35,"KN","MACA",1,NA,0,NA,0,NA,0,0,NA,0,0,NA,0,0,0.156912332,"MAI-2541 0",2.5,"MA"
6438,"CA",2019,"SE1902","MAI-02541","A",0,2.5,1,0,"MCAP",0,0,0,0,15,"EM",NA,0,NA,0,NA,0,NA,0,0,NA,0,0,NA,0,0,0.119162745,"MAI-2541 0",2.5,"MA"
953,"AH",2019,"SE1902","OAH-03234","B",5,1,1,0,"MOSP",0,-1,0,0,0,"EF",NA,0,NA,0,NA,0,"BLE",100,3,NA,0,0,NA,0,0,0.024315268,"OAH_3234 5",1,"MA"
954,"AH",2019,"SE1902","OAH-03234","B",5,1,1,0,"MOSP",0,-1,-1,0,0,"EF",NA,0,NA,0,NA,0,"BLE",100,3,NA,0,0,NA,0,0,0.019904019,"OAH_3234 5",1,"MA"
955,"AH",2019,"SE1902","OAH-03234","B",5,1,1,0,"MOSP",0,-1,0,0,30,"EF",NA,0,NA,0,NA,0,"BLE",100,2,NA,0,0,NA,0,0,0.04517278,"OAH_3234 5",1,"MA"
957,"AH",2019,"SE1902","OAH-03234","B",5,1,1,0,"PMEA",0,-1,0,0,0,"BR",NA,0,NA,0,NA,0,NA,0,0,NA,0,0,NA,0,0,0.047160682,"OAH_3234 5",1,"MA"
966,"AH",2019,"SE1902","OAH-03234","B",5,1,1,0,"POSP",0,-1,0,0,0,"EF",NA,0,NA,0,NA,0,NA,0,0,NA,0,0,NA,0,0,0.017826599,"OAH_3234 5",1,"MA"
967,"AH",2019,"SE1902","OAH-03234","B",5,1,1,0,"POSP",0,-1,0,0,0,"EF",NA,0,NA,0,NA,0,NA,0,0,NA,0,0,NA,0,0,0.013917615,"OAH_3234 5",1,"MA"
2890,"AH",2019,"SE1902","HAW-04300","A",0,1,1,0,"POSP",0,-1,0,0,0,"EM",NA,0,NA,0,NA,0,NA,0,0,NA,0,0,NA,0,0,0.041034253,"HAW-4300 0",1,"MA"
2897,"AH",2019,"SE1902","HAW-04300","A",0,1,1,0,"PCOM",0,-1,0,0,0,"KN",NA,0,NA,0,NA,0,NA,0,0,NA,0,0,NA,0,0,0.044925828,"HAW-4300 0",1,"MA"
2899,"AH",2019,"SE1902","HAW-04300","A",0,1,1,0,"POSP",0,-1,0,0,0,"MD",NA,0,NA,0,NA,0,NA,0,0,NA,0,0,NA,0,0,0.030866325,"HAW-4300 0",1,"MA"
2901,"AH",2019,"SE1902","HAW-04300","A",0,1,1,0,"POSP",0,-1,0,0,0,"MD",NA,0,NA,0,NA,0,NA,0,0,NA,0,0,NA,0,0,0.031952464,"HAW-4300 0",1,"MA"
2905,"AH",2019,"SE1902","HAW-04300","A",0,1,1,0,"MCAP",0,-1,0,0,0,"EM",NA,0,NA,0,NA,0,NA,0,0,NA,0,0,NA,0,0,0.044413624,"HAW-4300 0",1,"MA"
2914,"AH",2019,"SE1902","HAW-04300","A",0,1,1,0,"POSP",0,-1,0,0,0,"MD",NA,0,NA,0,NA,0,NA,0,0,NA,0,0,NA,0,0,0.027033683,"HAW-4300 0",1,"MA"
3782,"AH",2019,"SE1902","KAH-00662","A",10,1,1,0,"POCS",0,-1,0,0,0,"KN",NA,0,NA,0,NA,0,NA,0,0,NA,0,0,NA,0,0,0.038629134,"KAH-662 10",1,"MA"
3783,"AH",2019,"SE1902","KAH-00662","A",10,1,1,0,"POCS",0,-1,0,0,0,"KN",NA,0,NA,0,NA,0,NA,0,0,NA,0,0,NA,0,0,0.025800001,"KAH-662 10",1,"MA"
3784,"AH",2019,"SE1902","KAH-00662","A",10,1,1,0,"POCS",0,-1,0,0,0,"KN",NA,0,NA,0,NA,0,NA,0,0,NA,0,0,NA,0,0,0.026512638,"KAH-662 10",1,"MA"
3785,"AH",2019,"SE1902","KAH-00662","A",10,1,1,0,"POCS",0,-1,0,0,0,"KN",NA,0,NA,0,NA,0,NA,0,0,NA,0,0,NA,0,0,0.047812656,"KAH-662 10",1,"MA"
3788,"AH",2019,"SE1902","KAH-00662","A",10,1,1,0,"POCS",0,-1,0,0,0,"KN",NA,0,NA,0,NA,0,NA,0,0,NA,0,0,NA,0,0,0.021444812,"KAH-662 10",1,"MA"
3789,"AH",2019,"SE1902","KAH-00662","A",10,1,1,0,"POCS",0,-1,0,0,0,"KN",NA,0,NA,0,NA,0,NA,0,0,NA,0,0,NA,0,0,0.02755449,"KAH-662 10",1,"MA"
3793,"AH",2019,"SE1902","KAH-00662","A",10,1,1,0,"PMEA",0,-1,0,0,0,"KN",NA,0,NA,0,NA,0,NA,0,0,NA,0,0,NA,0,0,0.031862831,"KAH-662 10",1,"MA"
6353,"CA",2019,"SE1902","MAI-02541","A",0,1,1,0,"POSP",0,-1,0,0,0,"EM",NA,0,NA,0,NA,0,NA,0,0,NA,0,0,NA,0,0,0.024204339,"MAI-2541 0",1,"MA"
6359,"CA",2019,"SE1902","MAI-02541","A",0,1,1,0,"POSP",0,-1,0,0,0,"EM",NA,0,NA,0,NA,0,NA,0,0,NA,0,0,NA,0,0,0.022145202,"MAI-2541 0",1,"MA"
6368,"CA",2019,"SE1902","MAI-02541","A",0,1,1,0,"MCAP",0,-1,0,0,0,"KN",NA,0,NA,0,NA,0,NA,0,0,NA,0,0,NA,0,0,0.038633794,"MAI-2541 0",1,"MA"
6377,"CA",2019,"SE1902","MAI-02541","A",0,1,1,0,"MCAP",0,-1,0,0,0,"EM",NA,0,NA,0,NA,0,NA,0,0,NA,0,0,NA,0,0,0.023558649,"MAI-2541 0",1,"MA"
6380,"CA",2019,"SE1902","MAI-02541","A",0,1,1,0,"UNKN",0,-1,0,0,0,"EM",NA,0,NA,0,NA,0,NA,0,0,NA,0,0,NA,0,0,0.008829496,"MAI-2541 0",1,"MA"
6799,"MSL",2019,"SE1902","MAI-02546","A",10,1,1,0,"MCAP",0,-1,0,0,0,"EF",NA,0,NA,0,NA,0,NA,0,0,NA,0,0,NA,0,0,0.037569269,"MAI-2546 10",1,"MA"
6800,"MSL",2019,"SE1902","MAI-02546","A",10,1,1,0,"PLOB",0,-1,0,0,0,"EM",NA,0,NA,0,NA,0,NA,0,0,NA,0,0,NA,0,0,0.049884366,"MAI-2546 10",1,"MA"
6801,"MSL",2019,"SE1902","MAI-02546","A",10,1,1,0,"MCAP",0,-1,0,0,0,"EF",NA,0,NA,0,NA,0,NA,0,0,NA,0,0,NA,0,0,0.022005681,"MAI-2546 10",1,"MA"
6802,"MSL",2019,"SE1902","MAI-02546","A",10,1,1,0,"PLOB",0,-1,0,0,0,"EM",NA,0,NA,0,NA,0,NA,0,0,NA,0,0,NA,0,0,0.036204972,"MAI-2546 10",1,"MA"
6803,"MSL",2019,"SE1902","MAI-02546","A",10,1,1,0,"PLOB",0,-1,0,0,0,"EM",NA,0,NA,0,NA,0,NA,0,0,NA,0,0,NA,0,0,0.022895414,"MAI-2546 10",1,"MA"
6804,"MSL",2019,"SE1902","MAI-02546","A",10,1,1,0,"MOSP",0,-1,0,0,0,"EF",NA,0,NA,0,NA,0,NA,0,0,NA,0,0,NA,0,0,0.048135331,"MAI-2546 10",1,"MA"
7152,"MSL",2019,"SE1902","MOL-02240","A",10,1,1,-1," ",0,-1,0,0,0," ",NA,0,NA,0,NA,0,NA,0,0,NA,0,0,NA,0,0,0.006010824,"MOL-2240 10",1,"MA"
