"FID","ANALYST","OBS_YEAR","MISSION_ID","SITE","TRANSECT","SEGMENT","SEGLENGTH","SEGWIDTH","NO_COLONY","SPCODE","EX_BOUND","JUVENILE","FRAGMENT","REMNANT","OLDDEAD","MORPH_CODE","RDCAUSE1","RD_1","RDCAUSE2","RD_2","RDCAUSE3","RD_3","CON_1","EXTENT_1","SEV_1","CON_2","EXTENT_2","SEV_2","CON_3","EXTENT_3","SEV_3","Shape_Leng","SEGAREA","site_seg","REVIEW_ANALYST","Lump_Split_Error","SPCODE_CORRECT","MORPH_CORRECT","RDCAUSE_CORRECT","CONDITION_CORRECT","SEVERITY_CORRECT","SIZE_CORRECT","DELETE_COLONY"
289,"MA",2019,"SE1902","HAW-04268","B",0,2.5,1,0,"PLOB",0,0,0,0,20,"MD",NA,0,NA,0,NA,0,NA,0,0,NA,0,0,NA,0,0,0.099656059,2.5,"HAW-04268_0","CSC",NA,NA,NA,NA,NA,NA,NA,NA
290,"MA",2019,"SE1902","HAW-04268","B",0,2.5,1,0,"PLOB",0,0,0,0,15,"MD",NA,0,NA,0,NA,0,"PRS",2,0,NA,0,0,NA,0,0,0.758959315,2.5,"HAW-04268_0","CSC",NA,NA,NA,NA,NA,NA,NA,NA
292,"MA",2019,"SE1902","HAW-04268","B",0,2.5,1,0,"PLOB",0,0,0,0,40,"MD","FISH",1,NA,0,NA,0,"PRS",2,0,"ALG",5,0,NA,0,0,0.968814421,2.5,"HAW-04268_0","CSC",NA,NA,NA,NA,NA,NA,NA,NA
293,"MA",2019,"SE1902","HAW-04268","B",0,2.5,1,0,"PLOB",0,0,0,0,60,"MD",NA,0,"FISH",1,NA,0,NA,0,0,NA,0,0,NA,0,0,0.275757955,2.5,"HAW-04268_0","CSC",NA,NA,NA,NA,NA,NA,NA,NA
294,"MA",2019,"SE1902","HAW-04268","B",0,2.5,1,0,"PLOB",0,0,0,0,0,"EM",NA,0,NA,0,NA,0,NA,0,0,NA,0,0,NA,0,0,0.106763288,2.5,"HAW-04268_0","CSC",NA,NA,NA,NA,NA,NA,NA,NA
295,"MA",2019,"SE1902","HAW-04268","B",0,2.5,1,0,"PLOB",0,0,0,0,0,"MD",NA,0,NA,0,NA,0,NA,0,0,NA,0,0,NA,0,0,0.194862849,2.5,"HAW-04268_0","CSC",NA,NA,NA,NA,NA,NA,NA,NA
296,"MA",2019,"SE1902","HAW-04268","B",0,2.5,1,0,"PLOB",0,0,0,0,0,"MD",NA,0,NA,0,NA,0,NA,0,0,NA,0,0,NA,0,0,0.127600627,2.5,"HAW-04268_0","CSC",NA,NA,NA,NA,NA,NA,NA,NA
297,"MA",2019,"SE1902","HAW-04268","B",0,2.5,1,0,"PLOB",0,0,0,0,15,"EM",NA,0,NA,0,NA,0,NA,0,0,NA,0,0,NA,0,0,0.181993682,2.5,"HAW-04268_0","CSC",NA,NA,NA,NA,NA,NA,NA,NA
681,"RS",2019,"SE1902","KAU-02133","B",15,2.5,1,0,"PMEA",0,0,0,0,0,"BR","PRED",10,NA,0,NA,0,NA,0,0,NA,0,0,NA,0,0,0.12552199,2.5,"KAU-02133_15","CSC",NA,NA,NA,NA,NA,NA,NA,NA
682,"RS",2019,"SE1902","KAU-02133","B",15,2.5,1,0,"PSTE",0,0,0,0,50,"BR",NA,0,NA,0,NA,0,NA,0,0,NA,0,0,NA,0,0,0.061718798,2.5,"KAU-02133_15","CSC",NA,NA,NA,NA,NA,NA,NA,NA
683,"RS",2019,"SE1902","KAU-02133","B",15,2.5,1,0,"PLUT",0,0,0,0,1,"MD",NA,0,NA,0,NA,0,NA,0,0,NA,0,0,NA,0,0,0.087358628,2.5,"KAU-02133_15","CSC",NA,NA,NA,NA,NA,NA,NA,NA
684,"RS",2019,"SE1902","KAU-02133","B",15,2.5,1,0,"PLUT",0,0,0,0,0,"MD",NA,0,NA,0,NA,0,NA,0,0,NA,0,0,NA,0,0,0.0508,2.5,"KAU-02133_15","CSC",NA,NA,NA,NA,NA,NA,NA,NA
4424,"AH",2019,"SE1902","LAN-01788","A",5,2.5,1,0,"PMEA",0,0,0,0,25,"BR",NA,0,NA,0,NA,0,"DIS",5,0,"BLE",60,1,NA,0,0,0.319019499,2.5,"LAN-01788_5","CSC",NA,NA,NA,NA,NA,NA,NA,NA
4425,"AH",2019,"SE1902","LAN-01788","A",5,2.5,1,0,"PMEA",0,0,0,0,3,"BR",NA,0,NA,0,NA,0,"BLE",40,1,NA,0,0,NA,0,0,0.393912338,2.5,"LAN-01788_5","CSC",NA,NA,NA,NA,NA,NA,NA,NA
4426,"AH",2019,"SE1902","LAN-01788","A",5,2.5,1,0,"POCS",0,0,0,0,2,"BR",NA,0,NA,0,NA,0,NA,0,0,NA,0,0,NA,0,0,0.132594155,2.5,"LAN-01788_5","CSC",NA,NA,NA,NA,NA,NA,NA,NA
4427,"AH",2019,"SE1902","LAN-01788","A",5,2.5,1,0,"PMEA",0,0,0,0,0,"BR",NA,0,NA,0,NA,0,NA,0,0,NA,0,0,NA,0,0,0.304479393,2.5,"LAN-01788_5","CSC",NA,NA,NA,NA,NA,NA,NA,NA
4428,"AH",2019,"SE1902","LAN-01788","A",5,2.5,1,0,"MOSP",0,0,0,0,5,"EF",NA,0,NA,0,NA,0,"BLE",20,1,NA,0,0,NA,0,0,0.126506996,2.5,"LAN-01788_5","CSC",NA,NA,NA,NA,NA,NA,NA,NA
4429,"AH",2019,"SE1902","LAN-01788","A",5,2.5,1,0,"MPAT",0,0,0,0,20,"EF","GAST",3,NA,0,NA,0,"BLE",10,1,NA,0,0,NA,0,0,0.21482579,2.5,"LAN-01788_5","CSC",NA,NA,NA,NA,NA,NA,NA,NA
4430,"AH",2019,"SE1902","LAN-01788","A",5,2.5,1,0,"POSP",0,0,0,0,30,"MD",NA,0,NA,0,NA,0,"BLE",20,3,"ALG",5,0,NA,0,0,0.812496897,2.5,"LAN-01788_5","CSC",NA,NA,NA,NA,NA,NA,NA,NA
4431,"AH",2019,"SE1902","LAN-01788","A",5,2.5,1,0,"COCE",0,0,0,-1,0,"MD",NA,0,NA,0,NA,0,NA,0,0,NA,0,0,NA,0,0,0.045572799,2.5,"LAN-01788_5","CSC",NA,NA,NA,NA,NA,NA,NA,NA
4433,"AH",2019,"SE1902","LAN-01788","A",5,2.5,1,0,"MCAP",0,0,0,0,0,"EF",NA,0,NA,0,NA,0,"BLE",15,1,NA,0,0,NA,0,0,0.063380203,2.5,"LAN-01788_5","CSC",NA,NA,NA,NA,NA,NA,NA,NA
4435,"AH",2019,"SE1902","LAN-01788","A",5,2.5,1,0,"COCE",0,0,0,-1,0,"EF",NA,0,NA,0,NA,0,NA,0,0,NA,0,0,NA,0,0,0.02372172,2.5,"LAN-01788_5","CSC",NA,NA,NA,NA,NA,NA,NA,NA
4436,"AH",2019,"SE1902","LAN-01788","A",5,2.5,1,0,"COCE",0,0,0,-1,0,"EF",NA,0,NA,0,NA,0,NA,0,0,NA,0,0,NA,0,0,0.010195097,2.5,"LAN-01788_5","CSC",NA,NA,NA,NA,NA,NA,NA,NA
4438,"AH",2019,"SE1902","LAN-01788","A",5,2.5,1,0,"MCAP",0,0,0,0,5,"EF",NA,0,NA,0,NA,0,"BLE",30,1,"ALG",3,0,NA,0,0,0.470482689,2.5,"LAN-01788_5","CSC",NA,NA,NA,NA,NA,NA,NA,NA
4439,"AH",2019,"SE1902","LAN-01788","A",5,2.5,1,0,"MPAT",0,0,0,0,20,"EF",NA,0,NA,0,NA,0,NA,0,0,NA,0,0,NA,0,0,0.154227689,2.5,"LAN-01788_5","CSC",NA,NA,NA,NA,NA,NA,NA,NA
4441,"AH",2019,"SE1902","LAN-01788","A",5,2.5,1,0,"PLIC",0,0,0,-1,0,"EF",NA,0,NA,0,NA,0,NA,0,0,NA,0,0,NA,0,0,0.080606512,2.5,"LAN-01788_5","CSC",NA,NA,NA,NA,NA,NA,NA,NA
4442,"AH",2019,"SE1902","LAN-01788","A",5,2.5,1,0,"PDUE",0,0,0,0,40,"ML",NA,0,NA,0,NA,0,"BLE",30,2,"ALG",3,0,NA,0,0,0.167955768,2.5,"LAN-01788_5","CSC",NA,NA,NA,NA,NA,NA,NA,NA
4445,"AH",2019,"SE1902","LAN-01788","A",5,2.5,1,0,"POSP",0,0,0,0,40,"MD",NA,0,NA,0,NA,0,NA,0,0,NA,0,0,NA,0,0,0.220709515,2.5,"LAN-01788_5","CSC",NA,NA,NA,NA,NA,NA,NA,NA
4448,"AH",2019,"SE1902","LAN-01788","A",5,2.5,1,0,"COCE",0,0,0,-1,0,"EF",NA,0,NA,0,NA,0,NA,0,0,NA,0,0,NA,0,0,0.026959599,2.5,"LAN-01788_5","CSC",NA,NA,NA,NA,NA,NA,NA,NA
4449,"AH",2019,"SE1902","LAN-01788","A",5,2.5,1,0,"COCE",0,0,0,-1,0,"EF",NA,0,NA,0,NA,0,NA,0,0,NA,0,0,NA,0,0,0.033654271,2.5,"LAN-01788_5","CSC",NA,NA,NA,NA,NA,NA,NA,NA
4450,"AH",2019,"SE1902","LAN-01788","A",5,2.5,1,0,"MPAT",0,0,0,0,15,"EF",NA,0,NA,0,NA,0,"BLE",50,1,NA,0,0,NA,0,0,0.091988913,2.5,"LAN-01788_5","CSC",NA,NA,NA,NA,NA,NA,NA,NA
4451,"AH",2019,"SE1902","LAN-01788","A",5,2.5,1,0,"MPAT",0,0,0,-1,0,"EF",NA,0,NA,0,NA,0,NA,0,0,NA,0,0,NA,0,0,0.052517807,2.5,"LAN-01788_5","CSC",NA,NA,NA,NA,NA,NA,NA,NA
4452,"AH",2019,"SE1902","LAN-01788","A",5,2.5,1,0,"COCE",0,0,0,-1,0,"EM",NA,0,NA,0,NA,0,NA,0,0,NA,0,0,NA,0,0,0.02924876,2.5,"LAN-01788_5","CSC",NA,NA,NA,NA,NA,NA,NA,NA
4453,"AH",2019,"SE1902","LAN-01788","A",5,2.5,1,0,"COCE",0,0,0,-1,0,"EM",NA,0,NA,0,NA,0,NA,0,0,NA,0,0,NA,0,0,0.01883534,2.5,"LAN-01788_5","CSC",NA,NA,NA,NA,NA,NA,NA,NA
4454,"AH",2019,"SE1902","LAN-01788","A",5,2.5,1,0,"COCE",0,0,0,-1,0,"EM",NA,0,NA,0,NA,0,NA,0,0,NA,0,0,NA,0,0,0.021345959,2.5,"LAN-01788_5","CSC",NA,NA,NA,NA,NA,NA,NA,NA
4455,"AH",2019,"SE1902","LAN-01788","A",5,2.5,1,0,"COCE",0,0,0,-1,0,"EM",NA,0,NA,0,NA,0,NA,0,0,NA,0,0,NA,0,0,0.026128336,2.5,"LAN-01788_5","CSC",NA,NA,NA,NA,NA,NA,NA,NA
4456,"AH",2019,"SE1902","LAN-01788","A",5,2.5,1,0,"COCE",0,0,0,-1,0,"EM",NA,0,NA,0,NA,0,NA,0,0,NA,0,0,NA,0,0,0.020036966,2.5,"LAN-01788_5","CSC",NA,NA,NA,NA,NA,NA,NA,NA
4457,"AH",2019,"SE1902","LAN-01788","A",5,2.5,1,0,"COCE",0,0,0,-1,0,"EM",NA,0,NA,0,NA,0,NA,0,0,NA,0,0,NA,0,0,0.027309522,2.5,"LAN-01788_5","CSC",NA,NA,NA,NA,NA,NA,NA,NA
4458,"AH",2019,"SE1902","LAN-01788","A",5,2.5,1,0,"MPAT",0,0,0,-1,0,"EM",NA,0,NA,0,NA,0,NA,0,0,NA,0,0,NA,0,0,0.061759938,2.5,"LAN-01788_5","CSC",NA,NA,NA,NA,NA,NA,NA,NA
4459,"AH",2019,"SE1902","LAN-01788","A",5,2.5,1,0,"MPAT",0,0,0,0,10,"EM","PRED",3,NA,0,NA,0,"BLE",30,1,NA,0,0,NA,0,0,0.232029157,2.5,"LAN-01788_5","CSC",NA,NA,NA,NA,NA,NA,NA,NA
4460,"AH",2019,"SE1902","LAN-01788","A",5,2.5,1,0,"MPAT",0,0,0,0,10,"EM",NA,0,NA,0,NA,0,"TIN",5,0,"ALG",3,0,NA,0,0,0.836913216,2.5,"LAN-01788_5","CSC",NA,NA,NA,NA,NA,NA,NA,NA
4461,"AH",2019,"SE1902","LAN-01788","A",5,2.5,1,0,"PMEA",0,0,0,0,80,"BR",NA,0,NA,0,NA,0,"BLE",20,1,NA,0,0,NA,0,0,0.433492331,2.5,"LAN-01788_5","CSC",NA,NA,NA,NA,NA,NA,NA,NA
4462,"AH",2019,"SE1902","LAN-01788","A",5,2.5,1,0,"POSP",0,0,0,0,2,"MD",NA,0,NA,0,NA,0,NA,0,0,NA,0,0,NA,0,0,0.10859733,2.5,"LAN-01788_5","CSC",NA,NA,NA,NA,NA,NA,NA,NA
4463,"AH",2019,"SE1902","LAN-01788","A",5,2.5,1,0,"MCAP",0,0,0,0,10,"BR",NA,0,NA,0,NA,0,"BLE",20,1,NA,0,0,NA,0,0,0.196128553,2.5,"LAN-01788_5","CSC",NA,NA,NA,NA,NA,NA,NA,NA
4464,"AH",2019,"SE1902","LAN-01788","A",5,2.5,1,0,"POSP",-1,0,0,0,0,"MD",NA,0,NA,0,NA,0,NA,0,0,NA,0,0,NA,0,0,2.326031482,2.5,"LAN-01788_5","CSC",NA,NA,NA,NA,NA,NA,NA,NA
4465,"AH",2019,"SE1902","LAN-01788","A",5,2.5,1,0,"MCAP",0,0,0,0,10,"BR",NA,0,NA,0,NA,0,NA,0,0,NA,0,0,NA,0,0,0.072028466,2.5,"LAN-01788_5","CSC",NA,NA,NA,NA,NA,NA,NA,NA
4466,"AH",2019,"SE1902","LAN-01788","A",5,2.5,1,0,"MCAP",0,0,0,0,2,"KN",NA,0,NA,0,NA,0,NA,0,0,NA,0,0,NA,0,0,0.275894635,2.5,"LAN-01788_5","CSC",NA,NA,NA,NA,NA,NA,NA,NA
4467,"AH",2019,"SE1902","LAN-01788","A",5,2.5,1,0,"MCAP",0,0,0,0,10,"KN",NA,0,NA,0,NA,0,"ALG",5,0,NA,0,0,NA,0,0,0.636019654,2.5,"LAN-01788_5","CSC",NA,NA,NA,NA,NA,NA,NA,NA
4468,"AH",2019,"SE1902","LAN-01788","A",5,2.5,1,0,"MPAT",0,0,0,-1,0,"EF",NA,0,NA,0,NA,0,NA,0,0,NA,0,0,NA,0,0,0.132505472,2.5,"LAN-01788_5","CSC",NA,NA,NA,NA,NA,NA,NA,NA
5902,"CA",2019,"SE1902","MAI-02502","A",5,2.5,1,0,"POSP",0,0,0,0,3,"EM",NA,0,NA,0,NA,0,NA,0,0,NA,0,0,NA,0,0,0.104796659,2.5,"MAI-02502_5","CSC",NA,NA,NA,NA,NA,NA,NA,NA
5903,"CA",2019,"SE1902","MAI-02502","A",5,2.5,1,0,"PMEA",0,0,0,0,3,"BR",NA,0,NA,0,NA,0,"BLE",65,1,NA,0,0,NA,0,0,0.190908802,2.5,"MAI-02502_5","CSC",NA,NA,NA,NA,NA,NA,NA,NA
5904,"CA",2019,"SE1902","MAI-02502","A",5,2.5,1,0,"PLOB",0,0,0,0,10,"EM",NA,0,NA,0,NA,0,"SGA",3,0,NA,0,0,NA,0,0,0.581718015,2.5,"MAI-02502_5","CSC",NA,NA,NA,NA,NA,NA,NA,NA
5906,"CA",2019,"SE1902","MAI-02502","A",5,2.5,1,0,"PLOB",0,0,0,0,90,"MD",NA,0,NA,0,NA,0,NA,0,0,NA,0,0,NA,0,0,0.337734955,2.5,"MAI-02502_5","CSC",NA,NA,NA,NA,NA,NA,NA,NA
5909,"CA",2019,"SE1902","MAI-02502","A",5,2.5,1,0,"PLOB",0,0,0,0,5,"MD",NA,0,NA,0,NA,0,NA,0,0,NA,0,0,NA,0,0,0.099016413,2.5,"MAI-02502_5","CSC",NA,NA,NA,NA,NA,NA,NA,NA
5912,"CA",2019,"SE1902","MAI-02502","A",5,2.5,1,0,"PLOB",0,0,0,0,5,"MD",NA,0,NA,0,NA,0,NA,0,0,NA,0,0,NA,0,0,0.076426173,2.5,"MAI-02502_5","CSC",NA,NA,NA,NA,NA,NA,NA,NA
5913,"CA",2019,"SE1902","MAI-02502","A",5,2.5,1,0,"MPAT",0,0,0,0,40,"EM",NA,0,NA,0,NA,0,"BLE",25,1,NA,0,0,NA,0,0,0.075357083,2.5,"MAI-02502_5","CSC",NA,NA,NA,NA,NA,NA,NA,NA
5914,"CA",2019,"SE1902","MAI-02502","A",5,2.5,1,0,"PLOB",0,0,0,0,5,"EM",NA,0,NA,0,NA,0,"SGA",3,0,NA,0,0,NA,0,0,0.177646306,2.5,"MAI-02502_5","CSC",NA,NA,NA,NA,NA,NA,NA,NA
5915,"CA",2019,"SE1902","MAI-02502","A",5,2.5,1,0,"PLOB",0,0,0,0,5,"MD",NA,0,NA,0,NA,0,"SGA",3,0,NA,0,0,NA,0,0,0.290967989,2.5,"MAI-02502_5","CSC",NA,NA,NA,NA,NA,NA,NA,NA
5916,"CA",2019,"SE1902","MAI-02502","A",5,2.5,1,0,"PLOB",0,0,0,0,3,"MD",NA,0,NA,0,NA,0,"SGA",5,0,NA,0,0,NA,0,0,0.214829653,2.5,"MAI-02502_5","CSC",NA,NA,NA,NA,NA,NA,NA,NA
5917,"CA",2019,"SE1902","MAI-02502","A",5,2.5,1,0,"POSP",0,0,0,0,20,"MD",NA,0,NA,0,NA,0,"ALG",2,0,NA,0,0,NA,0,0,0.094364931,2.5,"MAI-02502_5","CSC",NA,NA,NA,NA,NA,NA,NA,NA
5919,"CA",2019,"SE1902","MAI-02502","A",5,2.5,1,0,"MPAT",0,0,0,0,5,"EF",NA,0,NA,0,NA,0,NA,0,0,NA,0,0,NA,0,0,0.0532573,2.5,"MAI-02502_5","CSC",NA,NA,NA,NA,NA,NA,NA,NA
5923,"CA",2019,"SE1902","MAI-02502","A",5,2.5,1,0,"PLOB",0,0,0,0,50,"MD",NA,0,NA,0,NA,0,"ALG",2,0,NA,0,0,NA,0,0,0.372151071,2.5,"MAI-02502_5","CSC",NA,NA,NA,NA,NA,NA,NA,NA
5924,"CA",2019,"SE1902","MAI-02502","A",5,2.5,1,0,"PLOB",0,0,0,0,3,"MD",NA,0,NA,0,NA,0,NA,0,0,NA,0,0,NA,0,0,0.053279357,2.5,"MAI-02502_5","CSC",NA,NA,NA,NA,NA,NA,NA,NA
5925,"CA",2019,"SE1902","MAI-02502","A",5,2.5,1,0,"PLOB",0,0,0,0,20,"MD",NA,0,NA,0,NA,0,NA,0,0,NA,0,0,NA,0,0,0.233906926,2.5,"MAI-02502_5","CSC",NA,NA,NA,NA,NA,NA,NA,NA
5926,"CA",2019,"SE1902","MAI-02502","A",5,2.5,1,0,"PLOB",0,0,0,0,5,"MD",NA,0,NA,0,NA,0,NA,0,0,NA,0,0,NA,0,0,0.245869925,2.5,"MAI-02502_5","CSC",NA,NA,NA,NA,NA,NA,NA,NA
5927,"CA",2019,"SE1902","MAI-02502","A",5,2.5,1,0,"PLOB",0,0,0,0,15,"KN",NA,0,NA,0,NA,0,NA,0,0,NA,0,0,NA,0,0,0.083823863,2.5,"MAI-02502_5","CSC",NA,NA,NA,NA,NA,NA,NA,NA
5928,"CA",2019,"SE1902","MAI-02502","A",5,2.5,1,0,"MPAT",0,0,0,0,90,"EM",NA,0,NA,0,NA,0,"BLE",100,2,NA,0,0,NA,0,0,0.28372328,2.5,"MAI-02502_5","CSC",NA,NA,NA,NA,NA,NA,NA,NA
5929,"CA",2019,"SE1902","MAI-02502","A",5,2.5,1,0,"PLOB",0,0,0,0,4,"EM",NA,0,NA,0,NA,0,"ALG",1,0,NA,0,0,NA,0,0,0.200857362,2.5,"MAI-02502_5","CSC",NA,NA,NA,NA,NA,NA,NA,NA
5930,"CA",2019,"SE1902","MAI-02502","A",5,2.5,1,0,"PLOB",0,0,0,0,5,"MD",NA,0,NA,0,NA,0,"ALG",1,0,NA,0,0,NA,0,0,0.119205074,2.5,"MAI-02502_5","CSC",NA,NA,NA,NA,NA,NA,NA,NA
5931,"CA",2019,"SE1902","MAI-02502","A",5,2.5,1,0,"PLOB",0,0,0,0,10,"MD",NA,0,NA,0,NA,0,NA,0,0,NA,0,0,NA,0,0,0.264214836,2.5,"MAI-02502_5","CSC",NA,NA,NA,NA,NA,NA,NA,NA
5932,"CA",2019,"SE1902","MAI-02502","A",5,2.5,1,0,"PMEA",0,0,0,0,0,"KN",NA,0,NA,0,NA,0,"BLE",100,2,NA,0,0,NA,0,0,0.057271721,2.5,"MAI-02502_5","CSC",NA,NA,NA,NA,NA,NA,NA,NA
5933,"CA",2019,"SE1902","MAI-02502","A",5,2.5,1,0,"MPAT",0,0,0,0,5,"EF",NA,0,NA,0,NA,0,NA,0,0,NA,0,0,NA,0,0,0.11311534,2.5,"MAI-02502_5","CSC",NA,NA,NA,NA,NA,NA,NA,NA
5934,"CA",2019,"SE1902","MAI-02502","A",5,2.5,1,0,"PLUT",0,0,0,0,55,"MD",NA,0,NA,0,NA,0,NA,0,0,NA,0,0,NA,0,0,0.26443519,2.5,"MAI-02502_5","CSC",NA,NA,NA,NA,NA,NA,NA,NA
5935,"CA",2019,"SE1902","MAI-02502","A",5,2.5,1,0,"PLUT",0,0,0,0,75,"MD",NA,0,NA,0,NA,0,NA,0,0,NA,0,0,NA,0,0,0.326155316,2.5,"MAI-02502_5","CSC",NA,NA,NA,NA,NA,NA,NA,NA
5936,"CA",2019,"SE1902","MAI-02502","A",5,2.5,1,0,"MCAP",0,0,0,0,5,"EM",NA,0,NA,0,NA,0,NA,0,0,NA,0,0,NA,0,0,0.060520492,2.5,"MAI-02502_5","CSC",NA,NA,NA,NA,NA,NA,NA,NA
5937,"CA",2019,"SE1902","MAI-02502","A",5,2.5,1,0,"PLOB",0,0,0,0,5,"MD",NA,0,NA,0,NA,0,NA,0,0,NA,0,0,NA,0,0,0.261345078,2.5,"MAI-02502_5","CSC",NA,NA,NA,NA,NA,NA,NA,NA
5938,"CA",2019,"SE1902","MAI-02502","A",5,2.5,1,0,"PLOB",0,0,0,0,2,"MD",NA,0,NA,0,NA,0,"ALG",2,0,NA,0,0,NA,0,0,0.055623195,2.5,"MAI-02502_5","CSC",NA,NA,NA,NA,NA,NA,NA,NA
5939,"CA",2019,"SE1902","MAI-02502","A",5,2.5,1,0,"MPAT",0,0,0,0,2,"EM",NA,0,NA,0,NA,0,NA,0,0,NA,0,0,NA,0,0,0.109524153,2.5,"MAI-02502_5","CSC",NA,NA,NA,NA,NA,NA,NA,NA
5940,"CA",2019,"SE1902","MAI-02502","A",5,2.5,1,0,"PLOB",0,0,0,0,10,"MD",NA,0,NA,0,NA,0,NA,0,0,NA,0,0,NA,0,0,0.284459663,2.5,"MAI-02502_5","CSC",NA,NA,NA,NA,NA,NA,NA,NA
5941,"CA",2019,"SE1902","MAI-02502","A",5,2.5,1,0,"PLOB",0,0,0,0,50,"MD",NA,0,NA,0,NA,0,NA,0,0,NA,0,0,NA,0,0,0.216611379,2.5,"MAI-02502_5","CSC",NA,NA,NA,NA,NA,NA,NA,NA
5942,"CA",2019,"SE1902","MAI-02502","A",5,2.5,1,0,"PLOB",0,0,0,0,3,"MD",NA,0,NA,0,NA,0,NA,0,0,NA,0,0,NA,0,0,0.271137696,2.5,"MAI-02502_5","CSC",NA,NA,NA,NA,NA,NA,NA,NA
5943,"CA",2019,"SE1902","MAI-02502","A",5,2.5,1,0,"PLOB",0,0,0,0,10,"MD",NA,0,NA,0,NA,0,NA,0,0,NA,0,0,NA,0,0,0.359962234,2.5,"MAI-02502_5","CSC",NA,NA,NA,NA,NA,NA,NA,NA
5944,"CA",2019,"SE1902","MAI-02502","A",5,2.5,1,0,"POSP",0,0,0,0,2,"MD",NA,0,NA,0,NA,0,NA,0,0,NA,0,0,NA,0,0,0.09038855,2.5,"MAI-02502_5","CSC",NA,NA,NA,NA,NA,NA,NA,NA
5945,"CA",2019,"SE1902","MAI-02502","A",5,2.5,1,0,"POSP",0,0,0,0,10,"MD",NA,0,NA,0,NA,0,NA,0,0,NA,0,0,NA,0,0,0.073220011,2.5,"MAI-02502_5","CSC",NA,NA,NA,NA,NA,NA,NA,NA
5946,"CA",2019,"SE1902","MAI-02502","A",5,2.5,1,0,"PMEA",0,0,0,0,0,"KN",NA,0,NA,0,NA,0,NA,0,0,NA,0,0,NA,0,0,0.052954414,2.5,"MAI-02502_5","CSC",NA,NA,NA,NA,NA,NA,NA,NA
5947,"CA",2019,"SE1902","MAI-02502","A",5,2.5,1,0,"PLOB",0,0,0,0,10,"MD",NA,0,NA,0,NA,0,NA,0,0,NA,0,0,NA,0,0,0.087397255,2.5,"MAI-02502_5","CSC",NA,NA,NA,NA,NA,NA,NA,NA
5948,"CA",2019,"SE1902","MAI-02502","A",5,2.5,1,0,"MCAP",0,0,0,-1,0,"EM",NA,0,NA,0,NA,0,"BLE",100,3,NA,0,0,NA,0,0,0.059594379,2.5,"MAI-02502_5","CSC",NA,NA,NA,NA,NA,NA,NA,NA
5949,"CA",2019,"SE1902","MAI-02502","A",5,2.5,1,0,"PLOB",0,0,0,0,5,"MD",NA,0,NA,0,NA,0,"SGA",10,0,NA,0,0,NA,0,0,0.248084905,2.5,"MAI-02502_5","CSC",NA,NA,NA,NA,NA,NA,NA,NA
5950,"CA",2019,"SE1902","MAI-02502","A",5,2.5,1,0,"PLOB",0,0,0,0,1,"MD",NA,0,NA,0,NA,0,NA,0,0,NA,0,0,NA,0,0,0.098989141,2.5,"MAI-02502_5","CSC",NA,NA,NA,NA,NA,NA,NA,NA
5951,"CA",2019,"SE1902","MAI-02502","A",5,2.5,1,0,"PLOB",0,0,0,0,15,"EM",NA,0,NA,0,NA,0,"ALG",1,0,NA,0,0,NA,0,0,0.390603278,2.5,"MAI-02502_5","CSC",NA,NA,NA,NA,NA,NA,NA,NA
5952,"CA",2019,"SE1902","MAI-02502","A",5,2.5,1,0,"PLOB",0,0,0,0,4,"MD",NA,0,NA,0,NA,0,NA,0,0,NA,0,0,NA,0,0,0.091439433,2.5,"MAI-02502_5","CSC",NA,NA,NA,NA,NA,NA,NA,NA
5953,"CA",2019,"SE1902","MAI-02502","A",5,2.5,1,0,"PMEA",0,0,0,0,10,"BR",NA,0,NA,0,NA,0,NA,0,0,NA,0,0,NA,0,0,0.29139063,2.5,"MAI-02502_5","CSC",NA,NA,NA,NA,NA,NA,NA,NA
5954,"CA",2019,"SE1902","MAI-02502","A",10,2.5,1,0,"PLOB",0,0,0,0,4,"MD",NA,0,NA,0,NA,0,NA,0,0,NA,0,0,NA,0,0,0.317293049,2.5,"MAI-02502_10","CSC",NA,NA,NA,NA,NA,NA,NA,NA
5955,"CA",2019,"SE1902","MAI-02502","A",10,2.5,1,0,"POCS",0,0,0,0,55,"KN",NA,0,NA,0,NA,0,NA,0,0,NA,0,0,NA,0,0,0.152579553,2.5,"MAI-02502_10","CSC",NA,NA,NA,NA,NA,NA,NA,NA
5956,"CA",2019,"SE1902","MAI-02502","A",10,2.5,1,0,"PLUT",0,0,0,0,70,"MD",NA,0,NA,0,NA,0,NA,0,0,NA,0,0,NA,0,0,0.127515687,2.5,"MAI-02502_10","CSC",NA,NA,NA,NA,NA,NA,NA,NA
5957,"CA",2019,"SE1902","MAI-02502","A",10,2.5,1,0,"PLOB",0,0,0,0,5,"MD",NA,0,NA,0,NA,0,NA,0,0,NA,0,0,NA,0,0,0.234220495,2.5,"MAI-02502_10","CSC",NA,NA,NA,NA,NA,NA,NA,NA
5958,"CA",2019,"SE1902","MAI-02502","A",10,2.5,1,0,"PLOB",0,0,0,0,1,"EM",NA,0,NA,0,NA,0,NA,0,0,NA,0,0,NA,0,0,0.209159509,2.5,"MAI-02502_10","CSC",NA,NA,NA,NA,NA,NA,NA,NA
5959,"CA",2019,"SE1902","MAI-02502","A",10,2.5,1,0,"PLOB",0,0,0,0,5,"EM",NA,0,NA,0,NA,0,NA,0,0,NA,0,0,NA,0,0,0.146886215,2.5,"MAI-02502_10","CSC",NA,NA,NA,NA,NA,NA,NA,NA
5960,"CA",2019,"SE1902","MAI-02502","A",10,2.5,1,0,"PLOB",0,0,0,0,5,"MD",NA,0,NA,0,NA,0,NA,0,0,NA,0,0,NA,0,0,0.181994505,2.5,"MAI-02502_10","CSC",NA,NA,NA,NA,NA,NA,NA,NA
5961,"CA",2019,"SE1902","MAI-02502","A",10,2.5,1,0,"MCAP",0,0,0,-1,0,"EM",NA,0,NA,0,NA,0,"BLE",90,2,NA,0,0,NA,0,0,0.076231359,2.5,"MAI-02502_10","CSC",NA,NA,NA,NA,NA,NA,NA,NA
5962,"CA",2019,"SE1902","MAI-02502","A",10,2.5,1,0,"MPAT",0,0,0,0,60,"MD",NA,0,NA,0,NA,0,"BLE",20,1,NA,0,0,NA,0,0,0.25615349,2.5,"MAI-02502_10","CSC",NA,NA,NA,NA,NA,NA,NA,NA
5965,"CA",2019,"SE1902","MAI-02502","A",10,2.5,1,0,"PLOB",0,0,0,0,3,"MD",NA,0,NA,0,NA,0,NA,0,0,NA,0,0,NA,0,0,0.143640003,2.5,"MAI-02502_10","CSC",NA,NA,NA,NA,NA,NA,NA,NA
5966,"CA",2019,"SE1902","MAI-02502","A",10,2.5,1,0,"MPAT",0,0,0,0,5,"EM",NA,0,NA,0,NA,0,NA,0,0,NA,0,0,NA,0,0,0.155037092,2.5,"MAI-02502_10","CSC",NA,NA,NA,NA,NA,NA,NA,NA
5968,"CA",2019,"SE1902","MAI-02502","A",10,2.5,1,0,"MPAT",0,0,0,0,65,"EM",NA,0,NA,0,NA,0,"BLE",95,2,NA,0,0,NA,0,0,0.074370222,2.5,"MAI-02502_10","CSC",NA,NA,NA,NA,NA,NA,NA,NA
5969,"CA",2019,"SE1902","MAI-02502","A",10,2.5,1,0,"PLOB",0,0,0,0,15,"EM",NA,0,NA,0,NA,0,NA,0,0,NA,0,0,NA,0,0,0.144565591,2.5,"MAI-02502_10","CSC",NA,NA,NA,NA,NA,NA,NA,NA
5971,"CA",2019,"SE1902","MAI-02502","A",10,2.5,1,0,"PLOB",0,0,0,0,5,"MD",NA,0,NA,0,NA,0,NA,0,0,NA,0,0,NA,0,0,0.070527796,2.5,"MAI-02502_10","CSC",NA,NA,NA,NA,NA,NA,NA,NA
5972,"CA",2019,"SE1902","MAI-02502","A",10,2.5,1,0,"PLOB",0,0,0,0,30,"MD",NA,0,NA,0,NA,0,NA,0,0,NA,0,0,NA,0,0,0.100340868,2.5,"MAI-02502_10","CSC",NA,NA,NA,NA,NA,NA,NA,NA
5973,"CA",2019,"SE1902","MAI-02502","A",10,2.5,1,0,"MCAP",0,0,0,0,10,"EM",NA,0,NA,0,NA,0,"BLE",100,2,NA,0,0,NA,0,0,0.054606227,2.5,"MAI-02502_10","CSC",NA,NA,NA,NA,NA,NA,NA,NA
5975,"CA",2019,"SE1902","MAI-02502","A",10,2.5,1,0,"MPAT",0,0,0,-1,0,"EM",NA,0,NA,0,NA,0,NA,0,0,NA,0,0,NA,0,0,0.035781699,2.5,"MAI-02502_10","CSC",NA,NA,NA,NA,NA,NA,NA,NA
5976,"CA",2019,"SE1902","MAI-02502","A",10,2.5,1,0,"MCAP",0,0,0,0,2,"EM",NA,0,NA,0,NA,0,"BLE",100,3,NA,0,0,NA,0,0,0.066525936,2.5,"MAI-02502_10","CSC",NA,NA,NA,NA,NA,NA,NA,NA
5978,"CA",2019,"SE1902","MAI-02502","A",10,2.5,1,0,"PLOB",0,0,0,0,3,"MD",NA,0,NA,0,NA,0,NA,0,0,NA,0,0,NA,0,0,0.074007094,2.5,"MAI-02502_10","CSC",NA,NA,NA,NA,NA,NA,NA,NA
5982,"CA",2019,"SE1902","MAI-02502","A",10,2.5,1,0,"MPAT",0,0,0,-1,0,"EF",NA,0,NA,0,NA,0,NA,0,0,NA,0,0,NA,0,0,0.075565137,2.5,"MAI-02502_10","CSC",NA,NA,NA,NA,NA,NA,NA,NA
5983,"CA",2019,"SE1902","MAI-02502","A",10,2.5,1,0,"PLOB",0,0,0,0,3,"MD",NA,0,NA,0,NA,0,NA,0,0,NA,0,0,NA,0,0,0.160643519,2.5,"MAI-02502_10","CSC",NA,NA,NA,NA,NA,NA,NA,NA
5984,"CA",2019,"SE1902","MAI-02502","A",10,2.5,1,0,"MPAT",0,0,0,0,40,"EM",NA,0,NA,0,NA,0,NA,0,0,NA,0,0,NA,0,0,0.248599295,2.5,"MAI-02502_10","CSC",NA,NA,NA,NA,NA,NA,NA,NA
5985,"CA",2019,"SE1902","MAI-02502","A",10,2.5,1,0,"MPAT",0,0,0,0,10,"EM",NA,0,NA,0,NA,0,NA,0,0,NA,0,0,NA,0,0,0.328977203,2.5,"MAI-02502_10","CSC",NA,NA,NA,NA,NA,NA,NA,NA
5986,"CA",2019,"SE1902","MAI-02502","A",10,2.5,1,0,"MPAT",0,0,0,0,3,"EM",NA,0,NA,0,NA,0,NA,0,0,NA,0,0,NA,0,0,0.060828365,2.5,"MAI-02502_10","CSC",NA,NA,NA,NA,NA,NA,NA,NA
5987,"CA",2019,"SE1902","MAI-02502","A",10,2.5,1,0,"POSP",0,0,0,0,3,"MD",NA,0,NA,0,NA,0,NA,0,0,NA,0,0,NA,0,0,0.15681725,2.5,"MAI-02502_10","CSC",NA,NA,NA,NA,NA,NA,NA,NA
5988,"CA",2019,"SE1902","MAI-02502","A",10,2.5,1,0,"PLOB",0,0,0,0,20,"MD",NA,0,NA,0,NA,0,NA,0,0,NA,0,0,NA,0,0,0.196910386,2.5,"MAI-02502_10","CSC",NA,NA,NA,NA,NA,NA,NA,NA
5989,"CA",2019,"SE1902","MAI-02502","A",10,2.5,1,0,"PLOB",0,0,0,0,2,"MD",NA,0,NA,0,NA,0,NA,0,0,NA,0,0,NA,0,0,0.140788246,2.5,"MAI-02502_10","CSC",NA,NA,NA,NA,NA,NA,NA,NA
5990,"CA",2019,"SE1902","MAI-02502","A",10,2.5,1,0,"PLUT",0,0,0,0,1,"MD",NA,0,NA,0,NA,0,NA,0,0,NA,0,0,NA,0,0,0.185944857,2.5,"MAI-02502_10","CSC",NA,NA,NA,NA,NA,NA,NA,NA
5991,"CA",2019,"SE1902","MAI-02502","A",10,2.5,1,0,"PLUT",0,0,0,0,2,"MD",NA,0,NA,0,NA,0,NA,0,0,NA,0,0,NA,0,0,0.279289331,2.5,"MAI-02502_10","CSC",NA,NA,NA,NA,NA,NA,NA,NA
5992,"CA",2019,"SE1902","MAI-02502","A",10,2.5,1,0,"PLUT",0,0,0,0,5,"MD",NA,0,NA,0,NA,0,NA,0,0,NA,0,0,NA,0,0,0.092681174,2.5,"MAI-02502_10","CSC",NA,NA,NA,NA,NA,NA,NA,NA
5993,"CA",2019,"SE1902","MAI-02502","A",10,2.5,1,0,"PLOB",0,0,0,0,5,"MD",NA,0,NA,0,NA,0,NA,0,0,NA,0,0,NA,0,0,0.345843042,2.5,"MAI-02502_10","CSC",NA,NA,NA,NA,NA,NA,NA,NA
5994,"CA",2019,"SE1902","MAI-02502","A",10,2.5,1,0,"PLOB",0,0,0,0,10,"MD",NA,0,NA,0,NA,0,NA,0,0,NA,0,0,NA,0,0,0.362973193,2.5,"MAI-02502_10","CSC",NA,NA,NA,NA,NA,NA,NA,NA
5995,"CA",2019,"SE1902","MAI-02502","A",10,2.5,1,0,"PLOB",0,0,0,0,10,"EM",NA,0,NA,0,NA,0,NA,0,0,NA,0,0,NA,0,0,0.121954131,2.5,"MAI-02502_10","CSC",NA,NA,NA,NA,NA,NA,NA,NA
5996,"CA",2019,"SE1902","MAI-02502","A",10,2.5,1,0,"LBEW",0,0,0,0,4,"EF",NA,0,NA,0,NA,0,NA,0,0,NA,0,0,NA,0,0,0.08442778,2.5,"MAI-02502_10","CSC",NA,NA,NA,NA,NA,NA,NA,NA
5997,"CA",2019,"SE1902","MAI-02502","A",10,2.5,1,0,"PLOB",0,0,0,0,25,"MD",NA,0,NA,0,NA,0,"ALG",1,0,"DIS",1,0,NA,0,0,0.311538521,2.5,"MAI-02502_10","CSC",NA,NA,NA,NA,NA,NA,NA,NA
5998,"CA",2019,"SE1902","MAI-02502","A",10,2.5,1,0,"PLOB",0,0,0,-1,0,"MD",NA,0,NA,0,NA,0,NA,0,0,NA,0,0,NA,0,0,0.119010336,2.5,"MAI-02502_10","CSC",NA,NA,NA,NA,NA,NA,NA,NA
5999,"CA",2019,"SE1902","MAI-02502","A",10,2.5,1,0,"POSP",0,0,0,0,2,"MD",NA,0,NA,0,NA,0,NA,0,0,NA,0,0,NA,0,0,0.170509268,2.5,"MAI-02502_10","CSC",NA,NA,NA,NA,NA,NA,NA,NA
6000,"CA",2019,"SE1902","MAI-02502","A",10,2.5,1,0,"PLOB",0,0,0,0,85,"EM",NA,0,NA,0,NA,0,NA,0,0,NA,0,0,NA,0,0,0.145809808,2.5,"MAI-02502_10","CSC",NA,NA,NA,NA,NA,NA,NA,NA
6001,"CA",2019,"SE1902","MAI-02502","A",10,2.5,1,0,"PLOB",0,0,0,0,5,"MD",NA,0,NA,0,NA,0,NA,0,0,NA,0,0,NA,0,0,0.072734035,2.5,"MAI-02502_10","CSC",NA,NA,NA,NA,NA,NA,NA,NA
6002,"CA",2019,"SE1902","MAI-02502","A",10,2.5,1,0,"PLOB",0,0,0,0,15,"MD",NA,0,NA,0,NA,0,NA,0,0,NA,0,0,NA,0,0,0.11701047,2.5,"MAI-02502_10","CSC",NA,NA,NA,NA,NA,NA,NA,NA
6003,"CA",2019,"SE1902","MAI-02502","A",10,2.5,1,0,"PLOB",0,0,0,0,60,"MD",NA,0,NA,0,NA,0,"DIS",5,0,NA,0,0,NA,0,0,0.405741419,2.5,"MAI-02502_10","CSC",NA,NA,NA,NA,NA,NA,NA,NA
6004,"CA",2019,"SE1902","MAI-02502","A",10,2.5,1,0,"PLOB",0,0,0,0,10,"MD",NA,0,NA,0,NA,0,NA,0,0,NA,0,0,NA,0,0,0.177398139,2.5,"MAI-02502_10","CSC",NA,NA,NA,NA,NA,NA,NA,NA
6062,"CA",2019,"SE1902","MAI-02502","A",5,2.5,1,0,"PLOB",0,0,0,0,25,"MD",NA,0,NA,0,NA,0,NA,0,0,NA,0,0,NA,0,0,0.10011039,2.5,"MAI-02502_5","CSC",NA,NA,NA,NA,NA,NA,NA,NA
6067,"CA",2019,"SE1902","MAI-02505","A",5,2.5,1,-1," ",0,0,0,0,0," ",NA,0,NA,0,NA,0,NA,0,0,NA,0,0,NA,0,0,0.085705834,2.5,"MAI-02505_5","CSC",NA,NA,NA,NA,NA,NA,NA,NA
6379,"FL",2019,"SE1902","MAI-02530","A",10,2.5,1,0,"PLOB",0,0,0,0,3,"EM",NA,0,NA,0,NA,0,NA,0,0,NA,0,0,NA,0,0,0.083044326,2.5,"MAI-02530_10","CSC",NA,NA,NA,NA,NA,NA,NA,NA
6380,"FL",2019,"SE1902","MAI-02530","A",10,2.5,1,0,"PLOB",0,0,0,0,3,"EM",NA,0,NA,0,NA,0,NA,0,0,NA,0,0,NA,0,0,0.059550986,2.5,"MAI-02530_10","CSC",NA,NA,NA,NA,NA,NA,NA,NA
6397,"FL",2019,"SE1902","MAI-02530","A",10,2.5,1,0,"PLUT",0,0,0,0,3,"EM",NA,0,NA,0,NA,0,NA,0,0,NA,0,0,NA,0,0,0.066150813,2.5,"MAI-02530_10","CSC",NA,NA,NA,NA,NA,NA,NA,NA
6400,"FL",2019,"SE1902","MAI-02530","A",10,2.5,1,0,"PLUT",0,0,0,0,5,"MD",NA,0,NA,0,NA,0,NA,0,0,NA,0,0,NA,0,0,0.051447059,2.5,"MAI-02530_10","CSC",NA,NA,NA,NA,NA,NA,NA,NA
6402,"FL",2019,"SE1902","MAI-02530","A",10,2.5,1,0,"PLUT",0,0,0,0,5,"EM",NA,0,NA,0,NA,0,NA,0,0,NA,0,0,NA,0,0,0.123397325,2.5,"MAI-02530_10","CSC",NA,NA,NA,NA,NA,NA,NA,NA
6404,"FL",2019,"SE1902","MAI-02530","A",10,2.5,1,0,"PLUT",0,0,0,0,5,"EM",NA,0,NA,0,NA,0,NA,0,0,NA,0,0,NA,0,0,0.06662507,2.5,"MAI-02530_10","CSC",NA,NA,NA,NA,NA,NA,NA,NA
6405,"FL",2019,"SE1902","MAI-02530","A",10,2.5,1,0,"PLUT",0,0,0,0,10,"EM",NA,0,NA,0,NA,0,NA,0,0,NA,0,0,NA,0,0,0.052554353,2.5,"MAI-02530_10","CSC",NA,NA,NA,NA,NA,NA,NA,NA
6408,"FL",2019,"SE1902","MAI-02530","A",10,2.5,1,0,"PLUT",0,0,0,0,15,"EM","TLS",3,NA,0,NA,0,"PRS",1,0,NA,0,0,NA,0,0,0.105072356,2.5,"MAI-02530_10","CSC",NA,NA,NA,NA,NA,NA,NA,NA
6409,"FL",2019,"SE1902","MAI-02530","A",10,2.5,1,0,"PLUT",0,0,0,0,25,"EM",NA,0,NA,0,NA,0,NA,0,0,NA,0,0,NA,0,0,0.097785276,2.5,"MAI-02530_10","CSC",NA,NA,NA,NA,NA,NA,NA,NA
7037,"CA",2019,"SE1902","MAI-02541","A",10,2.5,1,0,"PLOB",0,0,0,-1,0,"EM",NA,0,NA,0,NA,0,NA,0,0,NA,0,0,NA,0,0,0.128887587,2.5,"MAI-02541_10","CSC",NA,NA,NA,NA,NA,NA,NA,NA
7038,"CA",2019,"SE1902","MAI-02541","A",10,2.5,1,0,"MPAT",0,0,0,-1,0,"EM",NA,0,NA,0,NA,0,NA,0,0,NA,0,0,NA,0,0,0.224677012,2.5,"MAI-02541_10","CSC",NA,NA,NA,NA,NA,NA,NA,NA
7041,"CA",2019,"SE1902","MAI-02541","A",10,2.5,1,0,"MCAP",0,0,0,0,15,"KN","PRED",1,NA,0,NA,0,"BLE",55,2,NA,0,0,NA,0,0,1.598736351,2.5,"MAI-02541_10","CSC",NA,NA,NA,NA,NA,NA,NA,NA
7042,"CA",2019,"SE1902","MAI-02541","A",10,2.5,1,0,"PLOB",0,0,0,0,20,"MD",NA,0,NA,0,NA,0,NA,0,0,NA,0,0,NA,0,0,0.174500716,2.5,"MAI-02541_10","CSC",NA,NA,NA,NA,NA,NA,NA,NA
7044,"CA",2019,"SE1902","MAI-02541","A",10,2.5,1,0,"PLOB",0,0,0,0,10,"MD",NA,0,NA,0,NA,0,NA,0,0,NA,0,0,NA,0,0,0.145487902,2.5,"MAI-02541_10","CSC",NA,NA,NA,NA,NA,NA,NA,NA
7045,"CA",2019,"SE1902","MAI-02541","A",10,2.5,1,0,"PLOB",0,0,0,0,5,"MD",NA,0,NA,0,NA,0,NA,0,0,NA,0,0,NA,0,0,0.072776369,2.5,"MAI-02541_10","CSC",NA,NA,NA,NA,NA,NA,NA,NA
7046,"CA",2019,"SE1902","MAI-02541","A",10,2.5,1,0,"MPAT",0,0,0,0,5,"MD",NA,0,NA,0,NA,0,NA,0,0,NA,0,0,NA,0,0,0.085030876,2.5,"MAI-02541_10","CSC",NA,NA,NA,NA,NA,NA,NA,NA
7047,"CA",2019,"SE1902","MAI-02541","A",10,2.5,1,0,"PLOB",0,0,0,0,75,"MD",NA,0,NA,0,NA,0,"ALG",1,0,NA,0,0,NA,0,0,0.539848017,2.5,"MAI-02541_10","CSC",NA,NA,NA,NA,NA,NA,NA,NA
7048,"CA",2019,"SE1902","MAI-02541","A",10,2.5,1,0,"PLOB",0,0,0,0,20,"MD",NA,0,NA,0,NA,0,NA,0,0,NA,0,0,NA,0,0,0.161895305,2.5,"MAI-02541_10","CSC",NA,NA,NA,NA,NA,NA,NA,NA
7049,"CA",2019,"SE1902","MAI-02541","A",10,2.5,1,0,"MPAT",0,0,0,0,45,"EM",NA,0,NA,0,NA,0,NA,0,0,NA,0,0,NA,0,0,0.144429533,2.5,"MAI-02541_10","CSC",NA,NA,NA,NA,NA,NA,NA,NA
7051,"CA",2019,"SE1902","MAI-02541","A",10,2.5,1,0,"MCAP",0,0,0,0,10,"KN","PRED",4,NA,0,NA,0,NA,0,0,NA,0,0,NA,0,0,0.304014949,2.5,"MAI-02541_10","CSC",NA,NA,NA,NA,NA,NA,NA,NA
7052,"CA",2019,"SE1902","MAI-02541","A",10,2.5,1,0,"MPAT",0,0,0,0,15,"EM",NA,0,NA,0,NA,0,"BLE",50,1,NA,0,0,NA,0,0,0.937591148,2.5,"MAI-02541_10","CSC",NA,NA,NA,NA,NA,NA,NA,NA
7053,"CA",2019,"SE1902","MAI-02541","A",10,2.5,1,0,"MCAP",0,0,0,0,20,"EM","MACA",10,"PRED",1,NA,0,"SGA",3,0,"BLE",4,2,NA,0,0,0.137255165,2.5,"MAI-02541_10","CSC",NA,NA,NA,NA,NA,NA,NA,NA
7054,"CA",2019,"SE1902","MAI-02541","A",10,2.5,1,0,"PLOB",0,0,0,0,3,"MD",NA,0,NA,0,NA,0,NA,0,0,NA,0,0,NA,0,0,0.104073291,2.5,"MAI-02541_10","CSC",NA,NA,NA,NA,NA,NA,NA,NA
7055,"CA",2019,"SE1902","MAI-02541","A",10,2.5,1,0,"PLOB",0,0,0,0,15,"MD",NA,0,NA,0,NA,0,NA,0,0,NA,0,0,NA,0,0,0.096301454,2.5,"MAI-02541_10","CSC",NA,NA,NA,NA,NA,NA,NA,NA
7056,"CA",2019,"SE1902","MAI-02541","A",10,2.5,1,0,"MPAT",0,0,0,-1,0,"EF",NA,0,NA,0,NA,0,"BLE",60,1,NA,0,0,NA,0,0,0.107996343,2.5,"MAI-02541_10","CSC",NA,NA,NA,NA,NA,NA,NA,NA
7057,"CA",2019,"SE1902","MAI-02541","A",10,2.5,1,0,"MCAP",0,0,0,0,0,"KN",NA,0,NA,0,NA,0,"BLE",90,2,NA,0,0,NA,0,0,0.204616373,2.5,"MAI-02541_10","CSC",NA,NA,NA,NA,NA,NA,NA,NA
7058,"CA",2019,"SE1902","MAI-02541","A",10,2.5,1,0,"MPAT",0,0,0,0,0,"EM",NA,0,NA,0,NA,0,NA,0,0,NA,0,0,NA,0,0,0.091819661,2.5,"MAI-02541_10","CSC",NA,NA,NA,NA,NA,NA,NA,NA
7059,"CA",2019,"SE1902","MAI-02541","A",10,2.5,1,0,"MCAP",0,0,0,0,2,"EM",NA,0,NA,0,NA,0,NA,0,0,NA,0,0,NA,0,0,0.094049455,2.5,"MAI-02541_10","CSC",NA,NA,NA,NA,NA,NA,NA,NA
7060,"CA",2019,"SE1902","MAI-02541","A",10,2.5,1,0,"MCAP",0,0,0,0,15,"KN","PRED",1,NA,0,NA,0,"BLE",15,2,"SGA",1,0,NA,0,0,0.665652055,2.5,"MAI-02541_10","CSC",NA,NA,NA,NA,NA,NA,NA,NA
7061,"CA",2019,"SE1902","MAI-02541","A",10,2.5,1,0,"MPAT",0,0,0,0,25,"EM",NA,0,NA,0,NA,0,NA,0,0,NA,0,0,NA,0,0,0.556591861,2.5,"MAI-02541_10","CSC",NA,NA,NA,NA,NA,NA,NA,NA
7062,"CA",2019,"SE1902","MAI-02541","A",10,2.5,1,0,"MPAT",0,0,0,0,15,"EM",NA,0,NA,0,NA,0,"BLE",80,1,NA,0,0,NA,0,0,0.320838901,2.5,"MAI-02541_10","CSC",NA,NA,NA,NA,NA,NA,NA,NA
7063,"CA",2019,"SE1902","MAI-02541","A",10,2.5,1,0,"POSP",0,0,0,0,80,"KN","TLS",3,NA,0,NA,0,NA,0,0,NA,0,0,NA,0,0,0.253216607,2.5,"MAI-02541_10","CSC",NA,NA,NA,NA,NA,NA,NA,NA
7064,"CA",2019,"SE1902","MAI-02541","A",10,2.5,1,0,"PCOM",0,0,0,0,85,"KN",NA,0,NA,0,NA,0,NA,0,0,NA,0,0,NA,0,0,0.266557479,2.5,"MAI-02541_10","CSC",NA,NA,NA,NA,NA,NA,NA,NA
7065,"CA",2019,"SE1902","MAI-02541","A",10,2.5,1,0,"MPAT",0,0,0,0,10,"EM",NA,0,NA,0,NA,0,NA,0,0,NA,0,0,NA,0,0,0.195767438,2.5,"MAI-02541_10","CSC",NA,NA,NA,NA,NA,NA,NA,NA
7066,"CA",2019,"SE1902","MAI-02541","A",10,2.5,1,0,"PCOM",0,0,0,0,20,"BR",NA,0,NA,0,NA,0,NA,0,0,NA,0,0,NA,0,0,0.105949658,2.5,"MAI-02541_10","CSC",NA,NA,NA,NA,NA,NA,NA,NA
7067,"CA",2019,"SE1902","MAI-02541","A",10,2.5,1,0,"MPAT",0,0,0,0,5,"EM",NA,0,NA,0,NA,0,NA,0,0,NA,0,0,NA,0,0,0.589628469,2.5,"MAI-02541_10","CSC",NA,NA,NA,NA,NA,NA,NA,NA
7068,"CA",2019,"SE1902","MAI-02541","A",10,2.5,1,0,"MPAT",0,0,0,0,10,"EM",NA,0,NA,0,NA,0,"BLE",35,1,NA,0,0,NA,0,0,0.26942847,2.5,"MAI-02541_10","CSC",NA,NA,NA,NA,NA,NA,NA,NA
7069,"CA",2019,"SE1902","MAI-02541","A",10,2.5,1,0,"MPAT",0,0,0,0,1,"EM",NA,0,NA,0,NA,0,"BLE",15,2,NA,0,0,NA,0,0,0.078216366,2.5,"MAI-02541_10","CSC",NA,NA,NA,NA,NA,NA,NA,NA
7070,"CA",2019,"SE1902","MAI-02541","A",10,2.5,1,0,"MPAT",0,0,0,0,15,"EM",NA,0,NA,0,NA,0,NA,0,0,"BLE",15,1,NA,0,0,0.43658644,2.5,"MAI-02541_10","CSC",NA,NA,NA,NA,NA,NA,NA,NA
7071,"CA",2019,"SE1902","MAI-02541","A",10,2.5,1,0,"MPAT",0,0,0,0,5,"EM",NA,0,NA,0,NA,0,NA,0,0,NA,0,0,NA,0,0,0.223883586,2.5,"MAI-02541_10","CSC",NA,NA,NA,NA,NA,NA,NA,NA
7072,"CA",2019,"SE1902","MAI-02541","A",10,2.5,1,0,"MPAT",0,0,0,0,15,"EM",NA,0,NA,0,NA,0,NA,0,0,NA,0,0,NA,0,0,0.208401175,2.5,"MAI-02541_10","CSC",NA,NA,NA,NA,NA,NA,NA,NA
7073,"CA",2019,"SE1902","MAI-02541","A",10,2.5,1,0,"MPAT",0,0,0,0,25,"EM",NA,0,NA,0,NA,0,"BLE",40,1,NA,0,0,NA,0,0,0.374061131,2.5,"MAI-02541_10","CSC",NA,NA,NA,NA,NA,NA,NA,NA
7074,"CA",2019,"SE1902","MAI-02541","A",10,2.5,1,0,"PCOM",0,0,0,0,25,"BR",NA,0,NA,0,NA,0,NA,0,0,NA,0,0,NA,0,0,0.189590637,2.5,"MAI-02541_10","CSC",NA,NA,NA,NA,NA,NA,NA,NA
7075,"CA",2019,"SE1902","MAI-02541","A",10,2.5,1,0,"PCOM",0,0,0,0,15,"KN",NA,0,NA,0,NA,0,NA,0,0,NA,0,0,NA,0,0,0.069948123,2.5,"MAI-02541_10","CSC",NA,NA,NA,NA,NA,NA,NA,NA
7076,"CA",2019,"SE1902","MAI-02541","A",10,2.5,1,0,"PCOM",0,0,0,0,30,"BR",NA,0,NA,0,NA,0,NA,0,0,NA,0,0,NA,0,0,0.053647833,2.5,"MAI-02541_10","CSC",NA,NA,NA,NA,NA,NA,NA,NA
7077,"CA",2019,"SE1902","MAI-02541","A",10,2.5,1,0,"PLOB",0,0,0,0,65,"KN",NA,0,NA,0,NA,0,NA,0,0,NA,0,0,NA,0,0,0.244289092,2.5,"MAI-02541_10","CSC",NA,NA,NA,NA,NA,NA,NA,NA
7078,"CA",2019,"SE1902","MAI-02541","A",10,2.5,1,0,"PCOM",0,0,0,0,25,"MD","MACA",5,NA,0,NA,0,NA,0,0,NA,0,0,NA,0,0,0.067006045,2.5,"MAI-02541_10","CSC",NA,NA,NA,NA,NA,NA,NA,NA
7079,"CA",2019,"SE1902","MAI-02541","A",10,2.5,1,0,"PCOM",0,0,0,0,10,"KN","DAMG",2,NA,0,NA,0,NA,0,0,NA,0,0,NA,0,0,0.126480512,2.5,"MAI-02541_10","CSC",NA,NA,NA,NA,NA,NA,NA,NA
7080,"CA",2019,"SE1902","MAI-02541","A",10,2.5,1,0,"PCOM",0,0,0,0,30,"BR",NA,0,NA,0,NA,0,"ALG",1,0,NA,0,0,NA,0,0,0.325526926,2.5,"MAI-02541_10","CSC",NA,NA,NA,NA,NA,NA,NA,NA
7081,"CA",2019,"SE1902","MAI-02541","A",10,2.5,1,0,"PCOM",0,0,0,0,45,"BR",NA,0,NA,0,NA,0,NA,0,0,NA,0,0,NA,0,0,0.792698714,2.5,"MAI-02541_10","CSC",NA,NA,NA,NA,NA,NA,NA,NA
7131,"CA",2019,"SE1902","MAI-02541","A",10,2.5,1,0,"POSP",0,0,0,0,45,"EM",NA,0,NA,0,NA,0,NA,0,0,NA,0,0,NA,0,0,0.084446078,2.5,"MAI-02541_10","CSC",NA,NA,NA,NA,NA,NA,NA,NA
8300,"RS",2019,"SE1902","MOL-02263","A",10,2.5,1,0,"PLOB",0,0,0,0,25,"MD","PRED",20,NA,0,NA,0,NA,0,0,NA,0,0,NA,0,0,0.084668294,2.5,"MOL-02263_10","CSC",NA,NA,NA,NA,NA,NA,NA,NA
291,"MA",2019,"SE1902","HAW-04268","B",0,1,1,0,"PLOB",0,-1,0,0,NA,"MD",NA,NA,NA,NA,NA,NA,NA,NA,NA,NA,NA,NA,NA,NA,NA,0.04022263,1,"HAW-04268_0","CSC",NA,NA,NA,NA,NA,NA,NA,NA
753,"AH",2019,"SE1902","LAN-01813","B",5,1,1,0,"PLOB",0,-1,0,0,NA,"MD",NA,NA,NA,NA,NA,NA,NA,NA,NA,NA,NA,NA,NA,NA,NA,0.032186023,1,"LAN-01813_5","CSC",NA,NA,NA,NA,NA,NA,NA,NA
754,"AH",2019,"SE1902","LAN-01813","B",5,1,1,0,"PLOB",0,-1,0,0,NA,"MD",NA,NA,NA,NA,NA,NA,NA,NA,NA,NA,NA,NA,NA,NA,NA,0.025713031,1,"LAN-01813_5","CSC",NA,NA,NA,NA,NA,NA,NA,NA
755,"AH",2019,"SE1902","LAN-01813","B",5,1,1,0,"MPAT",0,-1,0,0,NA,"EF",NA,NA,NA,NA,NA,NA,NA,NA,NA,NA,NA,NA,NA,NA,NA,0.025837375,1,"LAN-01813_5","CSC",NA,NA,NA,NA,NA,NA,NA,NA
756,"AH",2019,"SE1902","LAN-01813","B",5,1,1,0,"POSP",0,-1,0,0,NA,"MD",NA,NA,NA,NA,NA,NA,NA,NA,NA,NA,NA,NA,NA,NA,NA,0.016832409,1,"LAN-01813_5","CSC",NA,NA,NA,NA,NA,NA,NA,NA
757,"AH",2019,"SE1902","LAN-01813","B",5,1,1,0,"PMEA",0,-1,0,0,NA,"KN",NA,NA,NA,NA,NA,NA,NA,NA,NA,NA,NA,NA,NA,NA,NA,0.044299548,1,"LAN-01813_5","CSC",NA,NA,NA,NA,NA,NA,NA,NA
758,"AH",2019,"SE1902","LAN-01813","B",5,1,1,0,"PLOB",0,-1,0,0,NA,"EM",NA,NA,NA,NA,NA,NA,NA,NA,NA,NA,NA,NA,NA,NA,NA,0.023084627,1,"LAN-01813_5","CSC",NA,NA,NA,NA,NA,NA,NA,NA
759,"AH",2019,"SE1902","LAN-01813","B",5,1,1,0,"PLOB",0,-1,0,0,NA,"EF",NA,NA,NA,NA,NA,NA,NA,NA,NA,NA,NA,NA,NA,NA,NA,0.010285914,1,"LAN-01813_5","CSC",NA,NA,NA,NA,NA,NA,NA,NA
760,"AH",2019,"SE1902","LAN-01813","B",5,1,1,0,"PLOB",0,-1,0,0,NA,"EF",NA,NA,NA,NA,NA,NA,NA,NA,NA,NA,NA,NA,NA,NA,NA,0.01067942,1,"LAN-01813_5","CSC",NA,NA,NA,NA,NA,NA,NA,NA
761,"AH",2019,"SE1902","LAN-01813","B",5,1,1,0,"POSP",0,-1,0,0,NA,"EF",NA,NA,NA,NA,NA,NA,NA,NA,NA,NA,NA,NA,NA,NA,NA,0.008810221,1,"LAN-01813_5","CSC",NA,NA,NA,NA,NA,NA,NA,NA
762,"AH",2019,"SE1902","LAN-01813","B",5,1,1,0,"POSP",0,-1,0,0,NA,"EF",NA,NA,NA,NA,NA,NA,NA,NA,NA,NA,NA,NA,NA,NA,NA,0.011761803,1,"LAN-01813_5","CSC",NA,NA,NA,NA,NA,NA,NA,NA
763,"AH",2019,"SE1902","LAN-01813","B",5,1,1,0,"POSP",0,-1,0,0,NA,"EF",NA,NA,NA,NA,NA,NA,NA,NA,NA,NA,NA,NA,NA,NA,NA,0.021076053,1,"LAN-01813_5","CSC",NA,NA,NA,NA,NA,NA,NA,NA
764,"AH",2019,"SE1902","LAN-01813","B",5,1,1,0,"PLOB",0,-1,0,0,NA,"MD",NA,NA,NA,NA,NA,NA,NA,NA,NA,NA,NA,NA,NA,NA,NA,0.039051249,1,"LAN-01813_5","CSC",NA,NA,NA,NA,NA,NA,NA,NA
765,"AH",2019,"SE1902","LAN-01813","B",5,1,1,0,"POSP",0,-1,0,0,NA,"EF",NA,NA,NA,NA,NA,NA,NA,NA,NA,NA,NA,NA,NA,NA,NA,0.013452881,1,"LAN-01813_5","CSC",NA,NA,NA,NA,NA,NA,NA,NA
766,"AH",2019,"SE1902","LAN-01813","B",5,1,1,0,"POSP",0,-1,0,0,NA,"EF",NA,NA,NA,NA,NA,NA,NA,NA,NA,NA,NA,NA,NA,NA,NA,0.007717513,1,"LAN-01813_5","CSC",NA,NA,NA,NA,NA,NA,NA,NA
767,"AH",2019,"SE1902","LAN-01813","B",5,1,1,0,"POSP",0,-1,0,0,NA,"EF",NA,NA,NA,NA,NA,NA,NA,NA,NA,NA,NA,NA,NA,NA,NA,0.015035957,1,"LAN-01813_5","CSC",NA,NA,NA,NA,NA,NA,NA,NA
768,"AH",2019,"SE1902","LAN-01813","B",5,1,1,0,"PLOB",0,-1,0,0,NA,"EF",NA,NA,NA,NA,NA,NA,NA,NA,NA,NA,NA,NA,NA,NA,NA,0.020541178,1,"LAN-01813_5","CSC",NA,NA,NA,NA,NA,NA,NA,NA
769,"AH",2019,"SE1902","LAN-01813","B",5,1,1,0,"PLOB",0,-1,0,0,NA,"EF",NA,NA,NA,NA,NA,NA,NA,NA,NA,NA,NA,NA,NA,NA,NA,0.013792752,1,"LAN-01813_5","CSC",NA,NA,NA,NA,NA,NA,NA,NA
770,"AH",2019,"SE1902","LAN-01813","B",5,1,1,0,"POSP",0,-1,0,0,NA,"EF",NA,NA,NA,NA,NA,NA,NA,NA,NA,NA,NA,NA,NA,NA,NA,0.00648845,1,"LAN-01813_5","CSC",NA,NA,NA,NA,NA,NA,NA,NA
771,"AH",2019,"SE1902","LAN-01813","B",5,1,1,0,"POSP",0,-1,0,0,NA,"EF",NA,NA,NA,NA,NA,NA,NA,NA,NA,NA,NA,NA,NA,NA,NA,0.014499655,1,"LAN-01813_5","CSC",NA,NA,NA,NA,NA,NA,NA,NA
772,"AH",2019,"SE1902","LAN-01813","B",5,1,1,0,"PLOB",0,-1,0,0,NA,"MD",NA,NA,NA,NA,NA,NA,NA,NA,NA,NA,NA,NA,NA,NA,NA,0.030305939,1,"LAN-01813_5","CSC",NA,NA,NA,NA,NA,NA,NA,NA
773,"AH",2019,"SE1902","LAN-01813","B",5,1,1,0,"POCS",0,-1,0,0,NA,"KN",NA,NA,NA,NA,NA,NA,NA,NA,NA,NA,NA,NA,NA,NA,NA,0.033672837,1,"LAN-01813_5","CSC",NA,NA,NA,NA,NA,NA,NA,NA
774,"AH",2019,"SE1902","LAN-01813","B",5,1,1,0,"PLOB",0,-1,0,0,NA,"EF",NA,NA,NA,NA,NA,NA,NA,NA,NA,NA,NA,NA,NA,NA,NA,0.025260443,1,"LAN-01813_5","CSC",NA,NA,NA,NA,NA,NA,NA,NA
775,"AH",2019,"SE1902","LAN-01813","B",5,1,1,0,"PLOB",0,-1,0,0,NA,"EF",NA,NA,NA,NA,NA,NA,NA,NA,NA,NA,NA,NA,NA,NA,NA,0.014512408,1,"LAN-01813_5","CSC",NA,NA,NA,NA,NA,NA,NA,NA
776,"AH",2019,"SE1902","LAN-01813","B",5,1,1,0,"PLOB",0,-1,0,0,NA,"MD",NA,NA,NA,NA,NA,NA,NA,NA,NA,NA,NA,NA,NA,NA,NA,0.034452431,1,"LAN-01813_5","CSC",NA,NA,NA,NA,NA,NA,NA,NA
777,"AH",2019,"SE1902","LAN-01813","B",5,1,1,0,"PLOB",0,-1,0,0,NA,"MD",NA,NA,NA,NA,NA,NA,NA,NA,NA,NA,NA,NA,NA,NA,NA,0.040150841,1,"LAN-01813_5","CSC",NA,NA,NA,NA,NA,NA,NA,NA
778,"AH",2019,"SE1902","LAN-01813","B",5,1,1,0,"PLOB",0,-1,0,0,NA,"EF",NA,NA,NA,NA,NA,NA,NA,NA,NA,NA,NA,NA,NA,NA,NA,0.009326307,1,"LAN-01813_5","CSC",NA,NA,NA,NA,NA,NA,NA,NA
779,"AH",2019,"SE1902","LAN-01813","B",5,1,1,0,"PLOB",0,-1,0,0,NA,"EF",NA,NA,NA,NA,NA,NA,NA,NA,NA,NA,NA,NA,NA,NA,NA,0.021174041,1,"LAN-01813_5","CSC",NA,NA,NA,NA,NA,NA,NA,NA
780,"AH",2019,"SE1902","LAN-01813","B",5,1,1,0,"PLOB",0,-1,0,0,NA,"EF",NA,NA,NA,NA,NA,NA,NA,NA,NA,NA,NA,NA,NA,NA,NA,0.011677756,1,"LAN-01813_5","CSC",NA,NA,NA,NA,NA,NA,NA,NA
781,"AH",2019,"SE1902","LAN-01813","B",5,1,1,0,"PLOB",0,-1,0,0,NA,"EF",NA,NA,NA,NA,NA,NA,NA,NA,NA,NA,NA,NA,NA,NA,NA,0.008956004,1,"LAN-01813_5","CSC",NA,NA,NA,NA,NA,NA,NA,NA
782,"AH",2019,"SE1902","LAN-01813","B",5,1,1,0,"PLOB",0,-1,0,0,NA,"EM",NA,NA,NA,NA,NA,NA,NA,NA,NA,NA,NA,NA,NA,NA,NA,0.028092703,1,"LAN-01813_5","CSC",NA,NA,NA,NA,NA,NA,NA,NA
783,"AH",2019,"SE1902","LAN-01813","B",5,1,1,0,"PLOB",0,-1,0,0,NA,"EF",NA,NA,NA,NA,NA,NA,NA,NA,NA,NA,NA,NA,NA,NA,NA,0.015414928,1,"LAN-01813_5","CSC",NA,NA,NA,NA,NA,NA,NA,NA
784,"AH",2019,"SE1902","LAN-01813","B",5,1,1,0,"PLOB",0,-1,0,0,NA,"EF",NA,NA,NA,NA,NA,NA,NA,NA,NA,NA,NA,NA,NA,NA,NA,0.014534442,1,"LAN-01813_5","CSC",NA,NA,NA,NA,NA,NA,NA,NA
785,"AH",2019,"SE1902","LAN-01813","B",5,1,1,0,"PLOB",0,-1,0,0,NA,"EF",NA,NA,NA,NA,NA,NA,NA,NA,NA,NA,NA,NA,NA,NA,NA,0.033751147,1,"LAN-01813_5","CSC",NA,NA,NA,NA,NA,NA,NA,NA
786,"AH",2019,"SE1902","LAN-01813","B",5,1,1,0,"POSP",0,-1,0,0,NA,"EF",NA,NA,NA,NA,NA,NA,NA,NA,NA,NA,NA,NA,NA,NA,NA,0.015860013,1,"LAN-01813_5","CSC",NA,NA,NA,NA,NA,NA,NA,NA
787,"AH",2019,"SE1902","LAN-01813","B",5,1,1,0,"PLOB",0,-1,0,0,NA,"EF",NA,NA,NA,NA,NA,NA,NA,NA,NA,NA,NA,NA,NA,NA,NA,0.017376134,1,"LAN-01813_5","CSC",NA,NA,NA,NA,NA,NA,NA,NA
788,"AH",2019,"SE1902","LAN-01813","B",5,1,1,0,"PLOB",0,-1,0,0,NA,"EM",NA,NA,NA,NA,NA,NA,NA,NA,NA,NA,NA,NA,NA,NA,NA,0.021082932,1,"LAN-01813_5","CSC",NA,NA,NA,NA,NA,NA,NA,NA
789,"AH",2019,"SE1902","LAN-01813","B",5,1,1,0,"PLOB",0,-1,0,0,NA,"MD",NA,NA,NA,NA,NA,NA,NA,NA,NA,NA,NA,NA,NA,NA,NA,0.018094199,1,"LAN-01813_5","CSC",NA,NA,NA,NA,NA,NA,NA,NA
790,"AH",2019,"SE1902","LAN-01813","B",5,1,1,0,"PLOB",0,-1,0,0,NA,"EM",NA,NA,NA,NA,NA,NA,NA,NA,NA,NA,NA,NA,NA,NA,NA,0.024651977,1,"LAN-01813_5","CSC",NA,NA,NA,NA,NA,NA,NA,NA
791,"AH",2019,"SE1902","LAN-01813","B",5,1,1,0,"PLOB",0,-1,0,0,NA,"EF",NA,NA,NA,NA,NA,NA,NA,NA,NA,NA,NA,NA,NA,NA,NA,0.018436106,1,"LAN-01813_5","CSC",NA,NA,NA,NA,NA,NA,NA,NA
792,"AH",2019,"SE1902","LAN-01813","B",5,1,1,0,"POSP",0,-1,0,0,NA,"EF",NA,NA,NA,NA,NA,NA,NA,NA,NA,NA,NA,NA,NA,NA,NA,0.013096947,1,"LAN-01813_5","CSC",NA,NA,NA,NA,NA,NA,NA,NA
793,"AH",2019,"SE1902","LAN-01813","B",5,1,1,0,"PLOB",0,-1,0,0,NA,"MD",NA,NA,NA,NA,NA,NA,NA,NA,NA,NA,NA,NA,NA,NA,NA,0.040968891,1,"LAN-01813_5","CSC",NA,NA,NA,NA,NA,NA,NA,NA
794,"AH",2019,"SE1902","LAN-01813","B",5,1,1,0,"PLOB",0,-1,0,0,NA,"EF",NA,NA,NA,NA,NA,NA,NA,NA,NA,NA,NA,NA,NA,NA,NA,0.024851961,1,"LAN-01813_5","CSC",NA,NA,NA,NA,NA,NA,NA,NA
795,"AH",2019,"SE1902","LAN-01813","B",5,1,1,0,"PLOB",0,-1,0,0,NA,"EF",NA,NA,NA,NA,NA,NA,NA,NA,NA,NA,NA,NA,NA,NA,NA,0.014045642,1,"LAN-01813_5","CSC",NA,NA,NA,NA,NA,NA,NA,NA
796,"AH",2019,"SE1902","LAN-01813","B",5,1,1,0,"PLOB",0,-1,0,0,NA,"EF",NA,NA,NA,NA,NA,NA,NA,NA,NA,NA,NA,NA,NA,NA,NA,0.033046179,1,"LAN-01813_5","CSC",NA,NA,NA,NA,NA,NA,NA,NA
797,"AH",2019,"SE1902","LAN-01813","B",5,1,1,0,"PLOB",0,-1,0,0,NA,"EF",NA,NA,NA,NA,NA,NA,NA,NA,NA,NA,NA,NA,NA,NA,NA,0.023598305,1,"LAN-01813_5","CSC",NA,NA,NA,NA,NA,NA,NA,NA
798,"AH",2019,"SE1902","LAN-01813","B",5,1,1,0,"POSP",0,-1,0,0,NA,"EF",NA,NA,NA,NA,NA,NA,NA,NA,NA,NA,NA,NA,NA,NA,NA,0.015250574,1,"LAN-01813_5","CSC",NA,NA,NA,NA,NA,NA,NA,NA
799,"AH",2019,"SE1902","LAN-01813","B",5,1,1,0,"POSP",0,-1,0,0,NA,"EF",NA,NA,NA,NA,NA,NA,NA,NA,NA,NA,NA,NA,NA,NA,NA,0.011636151,1,"LAN-01813_5","CSC",NA,NA,NA,NA,NA,NA,NA,NA
800,"AH",2019,"SE1902","LAN-01813","B",5,1,1,0,"PLOB",0,-1,0,0,NA,"MD",NA,NA,NA,NA,NA,NA,NA,NA,NA,NA,NA,NA,NA,NA,NA,0.017438463,1,"LAN-01813_5","CSC",NA,NA,NA,NA,NA,NA,NA,NA
801,"AH",2019,"SE1902","LAN-01813","B",5,1,1,0,"PLOB",0,-1,0,0,NA,"EM",NA,NA,NA,NA,NA,NA,NA,NA,NA,NA,NA,NA,NA,NA,NA,0.017550498,1,"LAN-01813_5","CSC",NA,NA,NA,NA,NA,NA,NA,NA
802,"AH",2019,"SE1902","LAN-01813","B",5,1,1,0,"PLOB",0,-1,0,0,NA,"EM",NA,NA,NA,NA,NA,NA,NA,NA,NA,NA,NA,NA,NA,NA,NA,0.0053,1,"LAN-01813_5","CSC",NA,NA,NA,NA,NA,NA,NA,NA
803,"AH",2019,"SE1902","LAN-01813","B",5,1,1,0,"PLOB",0,-1,0,0,NA,"EM",NA,NA,NA,NA,NA,NA,NA,NA,NA,NA,NA,NA,NA,NA,NA,0.04821338,1,"LAN-01813_5","CSC",NA,NA,NA,NA,NA,NA,NA,NA
804,"AH",2019,"SE1902","LAN-01813","B",5,1,1,0,"PLOB",0,-1,0,0,NA,"EF",NA,NA,NA,NA,NA,NA,NA,NA,NA,NA,NA,NA,NA,NA,NA,0.013124404,1,"LAN-01813_5","CSC",NA,NA,NA,NA,NA,NA,NA,NA
805,"AH",2019,"SE1902","LAN-01813","B",5,1,1,0,"PLOB",0,-1,0,0,NA,"EF",NA,NA,NA,NA,NA,NA,NA,NA,NA,NA,NA,NA,NA,NA,NA,0.012306908,1,"LAN-01813_5","CSC",NA,NA,NA,NA,NA,NA,NA,NA
806,"AH",2019,"SE1902","LAN-01813","B",5,1,1,0,"PLOB",0,-1,0,0,NA,"EF",NA,NA,NA,NA,NA,NA,NA,NA,NA,NA,NA,NA,NA,NA,NA,0.007300685,1,"LAN-01813_5","CSC",NA,NA,NA,NA,NA,NA,NA,NA
807,"AH",2019,"SE1902","LAN-01813","B",5,1,1,0,"PLOB",0,-1,0,0,NA,"EM",NA,NA,NA,NA,NA,NA,NA,NA,NA,NA,NA,NA,NA,NA,NA,0.012185237,1,"LAN-01813_5","CSC",NA,NA,NA,NA,NA,NA,NA,NA
808,"AH",2019,"SE1902","LAN-01813","B",5,1,1,0,"PLOB",0,-1,0,0,NA,"EM",NA,NA,NA,NA,NA,NA,NA,NA,NA,NA,NA,NA,NA,NA,NA,0.031423081,1,"LAN-01813_5","CSC",NA,NA,NA,NA,NA,NA,NA,NA
662,"MA",2019,"SE1902","HAW-04221","A",5,1,1,0,"PLOB",0,-1,0,0,NA,"EM",NA,NA,NA,NA,NA,NA,NA,NA,NA,NA,NA,NA,NA,NA,NA,0.011950732,1,"HAW-04221_5","CSC",NA,NA,NA,NA,NA,NA,NA,NA
675,"MA",2019,"SE1902","HAW-04221","A",5,1,1,0,"MCAP",0,-1,0,0,NA,"EM",NA,NA,NA,NA,NA,NA,NA,NA,NA,NA,NA,NA,NA,NA,NA,0.005940538,1,"HAW-04221_5","CSC",NA,NA,NA,NA,NA,NA,NA,NA
676,"MA",2019,"SE1902","HAW-04221","A",5,1,1,0,"MCAP",0,-1,0,0,NA,"EM",NA,NA,NA,NA,NA,NA,NA,NA,NA,NA,NA,NA,NA,NA,NA,0.005630276,1,"HAW-04221_5","CSC",NA,NA,NA,NA,NA,NA,NA,NA
677,"MA",2019,"SE1902","HAW-04221","A",5,1,1,0,"POSP",0,-1,0,0,NA,"EM",NA,NA,NA,NA,NA,NA,NA,NA,NA,NA,NA,NA,NA,NA,NA,0.008149235,1,"HAW-04221_5","CSC",NA,NA,NA,NA,NA,NA,NA,NA
750,"MA",2019,"SE1902","HAW-04231","A",5,1,1,0,"MOSP",0,-1,0,0,NA,"EM",NA,NA,NA,NA,NA,NA,NA,NA,NA,NA,NA,NA,NA,NA,NA,0.044916924,1,"HAW-04231_5","CSC",NA,NA,NA,NA,NA,NA,NA,NA
751,"MA",2019,"SE1902","HAW-04231","A",5,1,1,0,"POSP",0,-1,0,0,NA,"EM",NA,NA,NA,NA,NA,NA,NA,NA,NA,NA,NA,NA,NA,NA,NA,0.028160256,1,"HAW-04231_5","CSC",NA,NA,NA,NA,NA,NA,NA,NA
753,"MA",2019,"SE1902","HAW-04231","A",5,1,1,0,"PMEA",0,-1,0,0,NA,"KN",NA,NA,NA,NA,NA,NA,NA,NA,NA,NA,NA,NA,NA,NA,NA,0.027041635,1,"HAW-04231_5","CSC",NA,NA,NA,NA,NA,NA,NA,NA
765,"MA",2019,"SE1902","HAW-04231","A",5,1,1,0,"MCAP",0,-1,0,0,NA,"EM",NA,NA,NA,NA,NA,NA,NA,NA,NA,NA,NA,NA,NA,NA,NA,0.018772319,1,"HAW-04231_5","CSC",NA,NA,NA,NA,NA,NA,NA,NA
4432,"AH",2019,"SE1902","LAN-01788","A",5,1,1,0,"MOSP",0,-1,0,0,NA,"EF",NA,NA,NA,NA,NA,NA,NA,NA,NA,NA,NA,NA,NA,NA,NA,0.034064938,1,"LAN-01788_5","CSC",NA,NA,NA,NA,NA,NA,NA,NA
4434,"AH",2019,"SE1902","LAN-01788","A",5,1,1,0,"COCE",0,-1,0,0,NA,"EF",NA,NA,NA,NA,NA,NA,NA,NA,NA,NA,NA,NA,NA,NA,NA,0.024216729,1,"LAN-01788_5","CSC",NA,NA,NA,NA,NA,NA,NA,NA
4437,"AH",2019,"SE1902","LAN-01788","A",5,1,1,0,"COCE",0,-1,0,0,NA,"EF",NA,NA,NA,NA,NA,NA,NA,NA,NA,NA,NA,NA,NA,NA,NA,0.024302264,1,"LAN-01788_5","CSC",NA,NA,NA,NA,NA,NA,NA,NA
4440,"AH",2019,"SE1902","LAN-01788","A",5,1,1,0,"MPAT",0,-1,0,0,NA,"EF",NA,NA,NA,NA,NA,NA,NA,NA,NA,NA,NA,NA,NA,NA,NA,0.033202409,1,"LAN-01788_5","CSC",NA,NA,NA,NA,NA,NA,NA,NA
4443,"AH",2019,"SE1902","LAN-01788","A",5,1,1,0,"POCS",0,-1,0,0,NA,"KN",NA,NA,NA,NA,NA,NA,NA,NA,NA,NA,NA,NA,NA,NA,NA,0.031044002,1,"LAN-01788_5","CSC",NA,NA,NA,NA,NA,NA,NA,NA
4444,"AH",2019,"SE1902","LAN-01788","A",5,1,1,0,"COCE",0,-1,0,0,NA,"EF",NA,NA,NA,NA,NA,NA,NA,NA,NA,NA,NA,NA,NA,NA,NA,0.023668122,1,"LAN-01788_5","CSC",NA,NA,NA,NA,NA,NA,NA,NA
4446,"AH",2019,"SE1902","LAN-01788","A",5,1,1,0,"UNKN",0,-1,0,0,NA,"EM",NA,NA,NA,NA,NA,NA,NA,NA,NA,NA,NA,NA,NA,NA,NA,0.019698731,1,"LAN-01788_5","CSC",NA,NA,NA,NA,NA,NA,NA,NA
4447,"AH",2019,"SE1902","LAN-01788","A",5,1,1,0,"COCE",0,-1,0,0,NA,"EF",NA,NA,NA,NA,NA,NA,NA,NA,NA,NA,NA,NA,NA,NA,NA,0.04042091,1,"LAN-01788_5","CSC",NA,NA,NA,NA,NA,NA,NA,NA
5528,"CA",2019,"SE1902","MAI-02483","A",5,1,1,0,"MOSP",0,-1,0,0,NA,"EM",NA,NA,NA,NA,NA,NA,NA,NA,NA,NA,NA,NA,NA,NA,NA,0.009440339,1,"MAI-02483_5","CSC",NA,NA,NA,NA,NA,NA,NA,NA
5529,"CA",2019,"SE1902","MAI-02483","A",5,1,1,0,"MOSP",0,-1,0,0,NA,"EM",NA,NA,NA,NA,NA,NA,NA,NA,NA,NA,NA,NA,NA,NA,NA,0.023580501,1,"MAI-02483_5","CSC",NA,NA,NA,NA,NA,NA,NA,NA
5533,"CA",2019,"SE1902","MAI-02483","A",5,1,1,0,"PLOB",0,-1,0,0,NA,"MD",NA,NA,NA,NA,NA,NA,NA,NA,NA,NA,NA,NA,NA,NA,NA,0.01949205,1,"MAI-02483_5","CSC",NA,NA,NA,NA,NA,NA,NA,NA
5534,"CA",2019,"SE1902","MAI-02483","A",5,1,1,0,"PLOB",0,-1,0,0,NA,"MD",NA,NA,NA,NA,NA,NA,NA,NA,NA,NA,NA,NA,NA,NA,NA,0.017602557,1,"MAI-02483_5","CSC",NA,NA,NA,NA,NA,NA,NA,NA
5537,"CA",2019,"SE1902","MAI-02483","A",5,1,1,0,"MCAP",0,-1,0,0,NA,"EM",NA,NA,NA,NA,NA,NA,NA,NA,NA,NA,NA,NA,NA,NA,NA,0.037446094,1,"MAI-02483_5","CSC",NA,NA,NA,NA,NA,NA,NA,NA
5539,"CA",2019,"SE1902","MAI-02483","A",5,1,1,0,"MPAT",0,-1,0,0,NA,"EM",NA,NA,NA,NA,NA,NA,NA,NA,NA,NA,NA,NA,NA,NA,NA,0.036204973,1,"MAI-02483_5","CSC",NA,NA,NA,NA,NA,NA,NA,NA
5541,"CA",2019,"SE1902","MAI-02483","A",5,1,1,0,"MCAP",0,-1,0,0,NA,"KN",NA,NA,NA,NA,NA,NA,NA,NA,NA,NA,NA,NA,NA,NA,NA,0.042958818,1,"MAI-02483_5","CSC",NA,NA,NA,NA,NA,NA,NA,NA
5542,"CA",2019,"SE1902","MAI-02483","A",5,1,1,0,"PCOM",0,-1,0,0,NA,"KN",NA,NA,NA,NA,NA,NA,NA,NA,NA,NA,NA,NA,NA,NA,NA,0.039855991,1,"MAI-02483_5","CSC",NA,NA,NA,NA,NA,NA,NA,NA
5545,"CA",2019,"SE1902","MAI-02483","A",5,1,1,0,"PLOB",0,-1,0,0,NA,"EM",NA,NA,NA,NA,NA,NA,NA,NA,NA,NA,NA,NA,NA,NA,NA,0.014034601,1,"MAI-02483_5","CSC",NA,NA,NA,NA,NA,NA,NA,NA
5546,"CA",2019,"SE1902","MAI-02483","A",5,1,1,0,"PLOB",0,-1,0,0,NA,"MD",NA,NA,NA,NA,NA,NA,NA,NA,NA,NA,NA,NA,NA,NA,NA,0.0136565,1,"MAI-02483_5","CSC",NA,NA,NA,NA,NA,NA,NA,NA
5547,"CA",2019,"SE1902","MAI-02483","A",5,1,1,0,"PLOB",0,-1,0,0,NA,"EM",NA,NA,NA,NA,NA,NA,NA,NA,NA,NA,NA,NA,NA,NA,NA,0.021622673,1,"MAI-02483_5","CSC",NA,NA,NA,NA,NA,NA,NA,NA
5548,"CA",2019,"SE1902","MAI-02483","A",5,1,1,0,"PLOB",0,-1,0,0,NA,"MD",NA,NA,NA,NA,NA,NA,NA,NA,NA,NA,NA,NA,NA,NA,NA,0.009551963,1,"MAI-02483_5","CSC",NA,NA,NA,NA,NA,NA,NA,NA
5554,"CA",2019,"SE1902","MAI-02483","A",5,1,1,0,"POSP",0,-1,0,0,NA,"EM",NA,NA,NA,NA,NA,NA,NA,NA,NA,NA,NA,NA,NA,NA,NA,0.042765641,1,"MAI-02483_5","CSC",NA,NA,NA,NA,NA,NA,NA,NA
5555,"CA",2019,"SE1902","MAI-02483","A",5,1,1,0,"PLOB",0,-1,0,0,NA,"MD",NA,NA,NA,NA,NA,NA,NA,NA,NA,NA,NA,NA,NA,NA,NA,0.020428412,1,"MAI-02483_5","CSC",NA,NA,NA,NA,NA,NA,NA,NA
5558,"CA",2019,"SE1902","MAI-02483","A",5,1,1,0,"PLOB",0,-1,0,0,NA,"EM",NA,NA,NA,NA,NA,NA,NA,NA,NA,NA,NA,NA,NA,NA,NA,0.04486424,1,"MAI-02483_5","CSC",NA,NA,NA,NA,NA,NA,NA,NA
5562,"CA",2019,"SE1902","MAI-02483","A",5,1,1,0,"POSP",0,-1,0,0,NA,"EM",NA,NA,NA,NA,NA,NA,NA,NA,NA,NA,NA,NA,NA,NA,NA,0.010376897,1,"MAI-02483_5","CSC",NA,NA,NA,NA,NA,NA,NA,NA
5563,"CA",2019,"SE1902","MAI-02483","A",5,1,1,0,"POSP",0,-1,0,0,NA,"EM",NA,NA,NA,NA,NA,NA,NA,NA,NA,NA,NA,NA,NA,NA,NA,0.018862131,1,"MAI-02483_5","CSC",NA,NA,NA,NA,NA,NA,NA,NA
5564,"CA",2019,"SE1902","MAI-02483","A",5,1,1,0,"POSP",0,-1,0,0,NA,"EM",NA,NA,NA,NA,NA,NA,NA,NA,NA,NA,NA,NA,NA,NA,NA,0.032571921,1,"MAI-02483_5","CSC",NA,NA,NA,NA,NA,NA,NA,NA
5565,"CA",2019,"SE1902","MAI-02483","A",5,1,1,0,"UNKN",0,-1,0,0,NA,"PL",NA,NA,NA,NA,NA,NA,NA,NA,NA,NA,NA,NA,NA,NA,NA,0.0338851,1,"MAI-02483_5","CSC",NA,NA,NA,NA,NA,NA,NA,NA
5570,"CA",2019,"SE1902","MAI-02483","A",5,1,1,0,"PLOB",0,-1,0,0,NA,"EM",NA,NA,NA,NA,NA,NA,NA,NA,NA,NA,NA,NA,NA,NA,NA,0.041995239,1,"MAI-02483_5","CSC",NA,NA,NA,NA,NA,NA,NA,NA
5584,"CA",2019,"SE1902","MAI-02483","A",5,1,1,0,"MCAP",0,-1,0,0,NA,"EM",NA,NA,NA,NA,NA,NA,NA,NA,NA,NA,NA,NA,NA,NA,NA,0.027644348,1,"MAI-02483_5","CSC",NA,NA,NA,NA,NA,NA,NA,NA
5592,"CA",2019,"SE1902","MAI-02483","A",5,1,1,0,"PLOB",0,-1,0,0,NA,"EM",NA,NA,NA,NA,NA,NA,NA,NA,NA,NA,NA,NA,NA,NA,NA,0.029296587,1,"MAI-02483_5","CSC",NA,NA,NA,NA,NA,NA,NA,NA
5593,"CA",2019,"SE1902","MAI-02483","A",5,1,1,0,"PCOM",0,-1,0,0,NA,"BR",NA,NA,NA,NA,NA,NA,NA,NA,NA,NA,NA,NA,NA,NA,NA,0.035160204,1,"MAI-02483_5","CSC",NA,NA,NA,NA,NA,NA,NA,NA
5594,"CA",2019,"SE1902","MAI-02483","A",5,1,1,0,"MCAP",0,-1,0,0,NA,"KN",NA,NA,NA,NA,NA,NA,NA,NA,NA,NA,NA,NA,NA,NA,NA,0.032695717,1,"MAI-02483_5","CSC",NA,NA,NA,NA,NA,NA,NA,NA
5595,"CA",2019,"SE1902","MAI-02483","A",5,1,1,0,"MCAP",0,-1,0,0,NA,"KN",NA,NA,NA,NA,NA,NA,NA,NA,NA,NA,NA,NA,NA,NA,NA,0.040445643,1,"MAI-02483_5","CSC",NA,NA,NA,NA,NA,NA,NA,NA
5596,"CA",2019,"SE1902","MAI-02483","A",5,1,1,0,"PLOB",0,-1,0,0,NA,"EM",NA,NA,NA,NA,NA,NA,NA,NA,NA,NA,NA,NA,NA,NA,NA,0.043020227,1,"MAI-02483_5","CSC",NA,NA,NA,NA,NA,NA,NA,NA
5598,"CA",2019,"SE1902","MAI-02483","A",5,1,1,0,"MCAP",0,-1,0,0,NA,"KN",NA,NA,NA,NA,NA,NA,NA,NA,NA,NA,NA,NA,NA,NA,NA,0.030396053,1,"MAI-02483_5","CSC",NA,NA,NA,NA,NA,NA,NA,NA
5611,"CA",2019,"SE1902","MAI-02483","A",5,1,1,0,"MPAT",0,-1,0,0,NA,"PL",NA,NA,NA,NA,NA,NA,NA,NA,NA,NA,NA,NA,NA,NA,NA,0.013793113,1,"MAI-02483_5","CSC",NA,NA,NA,NA,NA,NA,NA,NA
5617,"CA",2019,"SE1902","MAI-02483","A",5,1,1,0,"PLOB",0,-1,0,0,NA,"BR",NA,NA,NA,NA,NA,NA,NA,NA,NA,NA,NA,NA,NA,NA,NA,0.010400481,1,"MAI-02483_5","CSC",NA,NA,NA,NA,NA,NA,NA,NA
5618,"CA",2019,"SE1902","MAI-02483","A",5,1,1,0,"PLOB",0,-1,0,0,NA,"BR",NA,NA,NA,NA,NA,NA,NA,NA,NA,NA,NA,NA,NA,NA,NA,0.045351625,1,"MAI-02483_5","CSC",NA,NA,NA,NA,NA,NA,NA,NA
5619,"CA",2019,"SE1902","MAI-02483","A",5,1,1,0,"PCOM",0,-1,0,0,NA,"KN",NA,NA,NA,NA,NA,NA,NA,NA,NA,NA,NA,NA,NA,NA,NA,0.032839001,1,"MAI-02483_5","CSC",NA,NA,NA,NA,NA,NA,NA,NA
5621,"CA",2019,"SE1902","MAI-02483","A",5,1,1,0,"PLOB",0,-1,0,0,NA,"MD",NA,NA,NA,NA,NA,NA,NA,NA,NA,NA,NA,NA,NA,NA,NA,0.010983624,1,"MAI-02483_5","CSC",NA,NA,NA,NA,NA,NA,NA,NA
5905,"CA",2019,"SE1902","MAI-02502","A",5,1,1,0,"MOSP",0,-1,0,0,NA,"EM",NA,NA,NA,NA,NA,NA,NA,NA,NA,NA,NA,NA,NA,NA,NA,0.012681088,1,"MAI-02502_5","CSC",NA,NA,NA,NA,NA,NA,NA,NA
5907,"CA",2019,"SE1902","MAI-02502","A",5,1,1,0,"UNKN",0,-1,0,0,NA,"EM",NA,NA,NA,NA,NA,NA,NA,NA,NA,NA,NA,NA,NA,NA,NA,0.017139721,1,"MAI-02502_5","CSC",NA,NA,NA,NA,NA,NA,NA,NA
5908,"CA",2019,"SE1902","MAI-02502","A",5,1,1,0,"MOSP",0,-1,0,0,NA,"EM",NA,NA,NA,NA,NA,NA,NA,NA,NA,NA,NA,NA,NA,NA,NA,0.010733592,1,"MAI-02502_5","CSC",NA,NA,NA,NA,NA,NA,NA,NA
5910,"CA",2019,"SE1902","MAI-02502","A",5,1,1,0,"MPAT",0,-1,0,0,NA,"EM",NA,NA,NA,NA,NA,NA,NA,NA,NA,NA,NA,NA,NA,NA,NA,0.026407007,1,"MAI-02502_5","CSC",NA,NA,NA,NA,NA,NA,NA,NA
5911,"CA",2019,"SE1902","MAI-02502","A",5,1,1,0,"UNKN",0,-1,0,0,NA,"EM",NA,NA,NA,NA,NA,NA,NA,NA,NA,NA,NA,NA,NA,NA,NA,0.032513536,1,"MAI-02502_5","CSC",NA,NA,NA,NA,NA,NA,NA,NA
5918,"CA",2019,"SE1902","MAI-02502","A",5,1,1,0,"POSP",0,-1,0,0,NA,"EF",NA,NA,NA,NA,NA,NA,NA,NA,NA,NA,NA,NA,NA,NA,NA,0.023797689,1,"MAI-02502_5","CSC",NA,NA,NA,NA,NA,NA,NA,NA
5920,"CA",2019,"SE1902","MAI-02502","A",5,1,1,0,"UNKN",0,-1,0,0,NA,"EM",NA,NA,NA,NA,NA,NA,NA,NA,NA,NA,NA,NA,NA,NA,NA,0.007484651,1,"MAI-02502_5","CSC",NA,NA,NA,NA,NA,NA,NA,NA
5921,"CA",2019,"SE1902","MAI-02502","A",5,1,1,0,"PLOB",0,-1,0,0,NA,"MD",NA,NA,NA,NA,NA,NA,NA,NA,NA,NA,NA,NA,NA,NA,NA,0.010604244,1,"MAI-02502_5","CSC",NA,NA,NA,NA,NA,NA,NA,NA
5922,"CA",2019,"SE1902","MAI-02502","A",5,1,1,0,"MPAT",0,-1,0,0,NA,"EM",NA,NA,NA,NA,NA,NA,NA,NA,NA,NA,NA,NA,NA,NA,NA,0.025179357,1,"MAI-02502_5","CSC",NA,NA,NA,NA,NA,NA,NA,NA
5963,"CA",2019,"SE1902","MAI-02502","A",10,1,1,0,"PMEA",0,-1,0,0,NA,"KN",NA,NA,NA,NA,NA,NA,NA,NA,NA,NA,NA,NA,NA,NA,NA,0.039936951,1,"MAI-02502_10","CSC",NA,NA,NA,NA,NA,NA,NA,NA
5964,"CA",2019,"SE1902","MAI-02502","A",10,1,1,0,"MCAP",0,-1,0,0,NA,"EM",NA,NA,NA,NA,NA,NA,NA,NA,NA,NA,NA,NA,NA,NA,NA,0.019842633,1,"MAI-02502_10","CSC",NA,NA,NA,NA,NA,NA,NA,NA
5967,"CA",2019,"SE1902","MAI-02502","A",10,1,1,0,"UNKN",0,-1,0,0,NA,"EM",NA,NA,NA,NA,NA,NA,NA,NA,NA,NA,NA,NA,NA,NA,NA,0.002823119,1,"MAI-02502_10","CSC",NA,NA,NA,NA,NA,NA,NA,NA
5970,"CA",2019,"SE1902","MAI-02502","A",10,1,1,0,"UNKN",0,-1,0,0,NA,"EM",NA,NA,NA,NA,NA,NA,NA,NA,NA,NA,NA,NA,NA,NA,NA,0.009642615,1,"MAI-02502_10","CSC",NA,NA,NA,NA,NA,NA,NA,NA
5974,"CA",2019,"SE1902","MAI-02502","A",10,1,1,0,"MCAP",0,-1,0,0,NA,"EM",NA,NA,NA,NA,NA,NA,NA,NA,NA,NA,NA,NA,NA,NA,NA,0.028228,1,"MAI-02502_10","CSC",NA,NA,NA,NA,NA,NA,NA,NA
5977,"CA",2019,"SE1902","MAI-02502","A",10,1,1,0,"PMEA",0,-1,0,0,NA,"KN",NA,NA,NA,NA,NA,NA,NA,NA,NA,NA,NA,NA,NA,NA,NA,0.026828716,1,"MAI-02502_10","CSC",NA,NA,NA,NA,NA,NA,NA,NA
5979,"CA",2019,"SE1902","MAI-02502","A",10,1,1,0,"UNKN",0,-1,0,0,NA,"EF",NA,NA,NA,NA,NA,NA,NA,NA,NA,NA,NA,NA,NA,NA,NA,0.012240915,1,"MAI-02502_10","CSC",NA,NA,NA,NA,NA,NA,NA,NA
5980,"CA",2019,"SE1902","MAI-02502","A",10,1,1,0,"MCAP",0,-1,0,0,NA,"EF",NA,NA,NA,NA,NA,NA,NA,NA,NA,NA,NA,NA,NA,NA,NA,0.007717512,1,"MAI-02502_10","CSC",NA,NA,NA,NA,NA,NA,NA,NA
5981,"CA",2019,"SE1902","MAI-02502","A",10,1,1,0,"UNKN",0,-1,0,0,NA,"EF",NA,NA,NA,NA,NA,NA,NA,NA,NA,NA,NA,NA,NA,NA,NA,0.008657945,1,"MAI-02502_10","CSC",NA,NA,NA,NA,NA,NA,NA,NA
6066,"CA",2019,"SE1902","MAI-02505","A",5,1,1,-1," ",0,-1,0,0,NA," ",NA,NA,NA,NA,NA,NA,NA,NA,NA,NA,NA,NA,NA,NA,NA,0.0053,1,"MAI-02505_5","CSC",NA,NA,NA,NA,NA,NA,NA,NA
6373,"FL",2019,"SE1902","MAI-02530","A",10,1,1,0,"PLOB",0,-1,0,0,NA,"EM",NA,NA,NA,NA,NA,NA,NA,NA,NA,NA,NA,NA,NA,NA,NA,0.036367568,1,"MAI-02530_10","CSC",NA,NA,NA,NA,NA,NA,NA,NA
6374,"FL",2019,"SE1902","MAI-02530","A",10,1,1,0,"PLUT",0,-1,0,0,NA,"EM",NA,NA,NA,NA,NA,NA,NA,NA,NA,NA,NA,NA,NA,NA,NA,0.046796688,1,"MAI-02530_10","CSC",NA,NA,NA,NA,NA,NA,NA,NA
6375,"FL",2019,"SE1902","MAI-02530","A",10,1,1,0,"PLOB",0,-1,0,0,NA,"EM",NA,NA,NA,NA,NA,NA,NA,NA,NA,NA,NA,NA,NA,NA,NA,0.04654138,1,"MAI-02530_10","CSC",NA,NA,NA,NA,NA,NA,NA,NA
6376,"FL",2019,"SE1902","MAI-02530","A",10,1,1,0,"PLUT",0,-1,0,0,NA,"EM",NA,NA,NA,NA,NA,NA,NA,NA,NA,NA,NA,NA,NA,NA,NA,0.041433561,1,"MAI-02530_10","CSC",NA,NA,NA,NA,NA,NA,NA,NA
6377,"FL",2019,"SE1902","MAI-02530","A",10,1,1,0,"PLUT",0,-1,0,0,NA,"EM",NA,NA,NA,NA,NA,NA,NA,NA,NA,NA,NA,NA,NA,NA,NA,0.015047924,1,"MAI-02530_10","CSC",NA,NA,NA,NA,NA,NA,NA,NA
6378,"FL",2019,"SE1902","MAI-02530","A",10,1,1,0,"PLUT",0,-1,0,0,NA,"EM",NA,NA,NA,NA,NA,NA,NA,NA,NA,NA,NA,NA,NA,NA,NA,0.046760025,1,"MAI-02530_10","CSC",NA,NA,NA,NA,NA,NA,NA,NA
6392,"FL",2019,"SE1902","MAI-02530","A",10,1,1,0,"PLUT",0,-1,0,0,NA,"EM",NA,NA,NA,NA,NA,NA,NA,NA,NA,NA,NA,NA,NA,NA,NA,0.016636406,1,"MAI-02530_10","CSC",NA,NA,NA,NA,NA,NA,NA,NA
6393,"FL",2019,"SE1902","MAI-02530","A",10,1,1,0,"PLUT",0,-1,0,0,NA,"EM",NA,NA,NA,NA,NA,NA,NA,NA,NA,NA,NA,NA,NA,NA,NA,0.013761541,1,"MAI-02530_10","CSC",NA,NA,NA,NA,NA,NA,NA,NA
6394,"FL",2019,"SE1902","MAI-02530","A",10,1,1,0,"PLUT",0,-1,0,0,NA,"EM",NA,NA,NA,NA,NA,NA,NA,NA,NA,NA,NA,NA,NA,NA,NA,0.040898533,1,"MAI-02530_10","CSC",NA,NA,NA,NA,NA,NA,NA,NA
6395,"FL",2019,"SE1902","MAI-02530","A",10,1,1,0,"PLUT",0,-1,0,0,NA,"EM",NA,NA,NA,NA,NA,NA,NA,NA,NA,NA,NA,NA,NA,NA,NA,0.022299999,1,"MAI-02530_10","CSC",NA,NA,NA,NA,NA,NA,NA,NA
6396,"FL",2019,"SE1902","MAI-02530","A",10,1,1,0,"PLUT",0,-1,0,0,NA,"EM",NA,NA,NA,NA,NA,NA,NA,NA,NA,NA,NA,NA,NA,NA,NA,0.032429924,1,"MAI-02530_10","CSC",NA,NA,NA,NA,NA,NA,NA,NA
6398,"FL",2019,"SE1902","MAI-02530","A",10,1,1,0,"PLUT",0,-1,0,0,NA,"EM",NA,NA,NA,NA,NA,NA,NA,NA,NA,NA,NA,NA,NA,NA,NA,0.040119944,1,"MAI-02530_10","CSC",NA,NA,NA,NA,NA,NA,NA,NA
6399,"FL",2019,"SE1902","MAI-02530","A",10,1,1,0,"PLUT",0,-1,0,0,NA,"EM",NA,NA,NA,NA,NA,NA,NA,NA,NA,NA,NA,NA,NA,NA,NA,0.015264338,1,"MAI-02530_10","CSC",NA,NA,NA,NA,NA,NA,NA,NA
6401,"FL",2019,"SE1902","MAI-02530","A",10,1,1,0,"PLUT",0,-1,0,0,NA,"EM",NA,NA,NA,NA,NA,NA,NA,NA,NA,NA,NA,NA,NA,NA,NA,0.029856489,1,"MAI-02530_10","CSC",NA,NA,NA,NA,NA,NA,NA,NA
6403,"FL",2019,"SE1902","MAI-02530","A",10,1,1,0,"PLUT",0,-1,0,0,NA,"EM",NA,NA,NA,NA,NA,NA,NA,NA,NA,NA,NA,NA,NA,NA,NA,0.046874513,1,"MAI-02530_10","CSC",NA,NA,NA,NA,NA,NA,NA,NA
6406,"FL",2019,"SE1902","MAI-02530","A",10,1,1,0,"PLUT",0,-1,0,0,NA,"EM",NA,NA,NA,NA,NA,NA,NA,NA,NA,NA,NA,NA,NA,NA,NA,0.037200672,1,"MAI-02530_10","CSC",NA,NA,NA,NA,NA,NA,NA,NA
6407,"FL",2019,"SE1902","MAI-02530","A",10,1,1,0,"PLUT",0,-1,0,0,NA,"EM",NA,NA,NA,NA,NA,NA,NA,NA,NA,NA,NA,NA,NA,NA,NA,0.014280408,1,"MAI-02530_10","CSC",NA,NA,NA,NA,NA,NA,NA,NA
6410,"FL",2019,"SE1902","MAI-02530","A",10,1,1,0,"PLUT",0,-1,0,0,NA,"EM",NA,NA,NA,NA,NA,NA,NA,NA,NA,NA,NA,NA,NA,NA,NA,0.011107204,1,"MAI-02530_10","CSC",NA,NA,NA,NA,NA,NA,NA,NA
6411,"FL",2019,"SE1902","MAI-02530","A",10,1,1,0,"PLOB",0,-1,0,0,NA,"EM",NA,NA,NA,NA,NA,NA,NA,NA,NA,NA,NA,NA,NA,NA,NA,0.008481156,1,"MAI-02530_10","CSC",NA,NA,NA,NA,NA,NA,NA,NA
6412,"FL",2019,"SE1902","MAI-02530","A",10,1,1,0,"PLOB",0,-1,0,0,NA,"EM",NA,NA,NA,NA,NA,NA,NA,NA,NA,NA,NA,NA,NA,NA,NA,0.008832326,1,"MAI-02530_10","CSC",NA,NA,NA,NA,NA,NA,NA,NA
6413,"FL",2019,"SE1902","MAI-02530","A",10,1,1,0,"PLOB",0,-1,0,0,NA,"EM",NA,NA,NA,NA,NA,NA,NA,NA,NA,NA,NA,NA,NA,NA,NA,0.005721887,1,"MAI-02530_10","CSC",NA,NA,NA,NA,NA,NA,NA,NA
6414,"FL",2019,"SE1902","MAI-02530","A",10,1,1,0,"PLOB",0,-1,0,0,NA,"MD",NA,NA,NA,NA,NA,NA,NA,NA,NA,NA,NA,NA,NA,NA,NA,0.021115398,1,"MAI-02530_10","CSC",NA,NA,NA,NA,NA,NA,NA,NA
6415,"FL",2019,"SE1902","MAI-02530","A",10,1,1,0,"PLOB",0,-1,0,0,NA,"EM",NA,NA,NA,NA,NA,NA,NA,NA,NA,NA,NA,NA,NA,NA,NA,0.002420744,1,"MAI-02530_10","CSC",NA,NA,NA,NA,NA,NA,NA,NA
6416,"FL",2019,"SE1902","MAI-02530","A",10,1,1,0,"PLOB",0,-1,0,0,NA,"MD",NA,NA,NA,NA,NA,NA,NA,NA,NA,NA,NA,NA,NA,NA,NA,0.013261222,1,"MAI-02530_10","CSC",NA,NA,NA,NA,NA,NA,NA,NA
6417,"FL",2019,"SE1902","MAI-02530","A",10,1,1,0,"PLOB",0,-1,0,0,NA,"EM",NA,NA,NA,NA,NA,NA,NA,NA,NA,NA,NA,NA,NA,NA,NA,0.018809572,1,"MAI-02530_10","CSC",NA,NA,NA,NA,NA,NA,NA,NA
6418,"FL",2019,"SE1902","MAI-02530","A",10,1,1,0,"PLOB",0,-1,0,0,NA,"EM",NA,NA,NA,NA,NA,NA,NA,NA,NA,NA,NA,NA,NA,NA,NA,0.01581455,1,"MAI-02530_10","CSC",NA,NA,NA,NA,NA,NA,NA,NA
6419,"FL",2019,"SE1902","MAI-02530","A",10,1,1,0,"PLUT",0,-1,0,0,NA,"EM",NA,NA,NA,NA,NA,NA,NA,NA,NA,NA,NA,NA,NA,NA,NA,0.016607528,1,"MAI-02530_10","CSC",NA,NA,NA,NA,NA,NA,NA,NA
6420,"FL",2019,"SE1902","MAI-02530","A",10,1,1,0,"PLOB",0,-1,0,0,NA,"EM",NA,NA,NA,NA,NA,NA,NA,NA,NA,NA,NA,NA,NA,NA,NA,0.048746897,1,"MAI-02530_10","CSC",NA,NA,NA,NA,NA,NA,NA,NA
6421,"FL",2019,"SE1902","MAI-02530","A",10,1,1,0,"PLUT",0,-1,0,0,NA,"EM",NA,NA,NA,NA,NA,NA,NA,NA,NA,NA,NA,NA,NA,NA,NA,0.026215454,1,"MAI-02530_10","CSC",NA,NA,NA,NA,NA,NA,NA,NA
6422,"FL",2019,"SE1902","MAI-02530","A",10,1,1,0,"PLUT",0,-1,0,0,NA,"MD",NA,NA,NA,NA,NA,NA,NA,NA,NA,NA,NA,NA,NA,NA,NA,0.018919037,1,"MAI-02530_10","CSC",NA,NA,NA,NA,NA,NA,NA,NA
6423,"FL",2019,"SE1902","MAI-02530","A",10,1,1,0,"PLUT",0,-1,0,0,NA,"EM",NA,NA,NA,NA,NA,NA,NA,NA,NA,NA,NA,NA,NA,NA,NA,0.038491167,1,"MAI-02530_10","CSC",NA,NA,NA,NA,NA,NA,NA,NA
6424,"FL",2019,"SE1902","MAI-02530","A",10,1,1,0,"PLUT",0,-1,0,0,NA,"EM",NA,NA,NA,NA,NA,NA,NA,NA,NA,NA,NA,NA,NA,NA,NA,0.004022437,1,"MAI-02530_10","CSC",NA,NA,NA,NA,NA,NA,NA,NA
6425,"FL",2019,"SE1902","MAI-02530","A",10,1,1,0,"PLUT",0,-1,0,0,NA,"EM",NA,NA,NA,NA,NA,NA,NA,NA,NA,NA,NA,NA,NA,NA,NA,0.016148375,1,"MAI-02530_10","CSC",NA,NA,NA,NA,NA,NA,NA,NA
6426,"FL",2019,"SE1902","MAI-02530","A",10,1,1,0,"PLUT",0,-1,0,0,NA,"EM",NA,NA,NA,NA,NA,NA,NA,NA,NA,NA,NA,NA,NA,NA,NA,0.008839118,1,"MAI-02530_10","CSC",NA,NA,NA,NA,NA,NA,NA,NA
7039,"CA",2019,"SE1902","MAI-02541","A",10,1,1,0,"MCAP",0,-1,0,0,NA,"EF",NA,NA,NA,NA,NA,NA,NA,NA,NA,NA,NA,NA,NA,NA,NA,0.024467529,1,"MAI-02541_10","CSC",NA,NA,NA,NA,NA,NA,NA,NA
7040,"CA",2019,"SE1902","MAI-02541","A",10,1,1,0,"PLOB",0,-1,0,0,NA,"EM",NA,NA,NA,NA,NA,NA,NA,NA,NA,NA,NA,NA,NA,NA,NA,0.039348951,1,"MAI-02541_10","CSC",NA,NA,NA,NA,NA,NA,NA,NA
7043,"CA",2019,"SE1902","MAI-02541","A",10,1,1,0,"MPAT",0,-1,0,0,NA,"EM",NA,NA,NA,NA,NA,NA,NA,NA,NA,NA,NA,NA,NA,NA,NA,0.025229546,1,"MAI-02541_10","CSC",NA,NA,NA,NA,NA,NA,NA,NA
7050,"CA",2019,"SE1902","MAI-02541","A",10,1,1,0,"MPAT",0,-1,0,0,NA,"EM",NA,NA,NA,NA,NA,NA,NA,NA,NA,NA,NA,NA,NA,NA,NA,0.022877937,1,"MAI-02541_10","CSC",NA,NA,NA,NA,NA,NA,NA,NA
7130,"CA",2019,"SE1902","MAI-02541","A",10,1,1,0,"POSP",0,-1,0,0,NA,"MD",NA,NA,NA,NA,NA,NA,NA,NA,NA,NA,NA,NA,NA,NA,NA,0.033121745,1,"MAI-02541_10","CSC",NA,NA,NA,NA,NA,NA,NA,NA
8294,"RS",2019,"SE1902","MOL-02263","A",10,1,1,0,"MCAP",0,-1,0,0,NA,"MD",NA,NA,NA,NA,NA,NA,NA,NA,NA,NA,NA,NA,NA,NA,NA,0.010530432,1,"MOL-02263_10","CSC",NA,NA,NA,NA,NA,NA,NA,NA
8295,"RS",2019,"SE1902","MOL-02263","A",10,1,1,0,"POSP",0,-1,0,0,NA,"MD",NA,NA,NA,NA,NA,NA,NA,NA,NA,NA,NA,NA,NA,NA,NA,0.023669812,1,"MOL-02263_10","CSC",NA,NA,NA,NA,NA,NA,NA,NA
8296,"RS",2019,"SE1902","MOL-02263","A",10,1,1,0,"PLOB",0,-1,0,0,NA,"MD",NA,NA,NA,NA,NA,NA,NA,NA,NA,NA,NA,NA,NA,NA,NA,0.024528351,1,"MOL-02263_10","CSC",NA,NA,NA,NA,NA,NA,NA,NA
8297,"RS",2019,"SE1902","MOL-02263","A",10,1,1,0,"PLOB",0,-1,0,0,NA,"MD",NA,NA,NA,NA,NA,NA,NA,NA,NA,NA,NA,NA,NA,NA,NA,0.034669871,1,"MOL-02263_10","CSC",NA,NA,NA,NA,NA,NA,NA,NA
8298,"RS",2019,"SE1902","MOL-02263","A",10,1,1,0,"PLOB",0,-1,0,0,NA,"MD",NA,NA,NA,NA,NA,NA,NA,NA,NA,NA,NA,NA,NA,NA,NA,0.025321137,1,"MOL-02263_10","CSC",NA,NA,NA,NA,NA,NA,NA,NA
8299,"RS",2019,"SE1902","MOL-02263","A",10,1,1,0,"POSP",0,-1,0,0,NA,"MD",NA,NA,NA,NA,NA,NA,NA,NA,NA,NA,NA,NA,NA,NA,NA,0.033481936,1,"MOL-02263_10","CSC",NA,NA,NA,NA,NA,NA,NA,NA
