FID,ANALYST,OBS_YEAR,SITE,SEGMENT,SEGLENGTH,SEGWIDTH,NO_COLONY_,SPCODE,FRAGMENT_Y,MORPH_CODE,EX_BOUND,OLDDEAD,RDCAUSE1,RD_1,RDCAUSE2,RD_2,RDCAUSE3,RD_3,CON_1,EXTENT_1,SEV_1,CON_2,EXTENT_2,SEV_2,CON_3,EXTENT_3,SEV_3,SHAPE_Leng
0,CA,2019,HAW-4263,3,2.5,1,0,PCOM,0,KN,0,25, ,0, ,0, ,0, ,0,0, ,0,0, ,0,0,0.712122609
1,CA,2019,HAW-4263,3,2.5,1,0,PLOB,0,EM,0,0, ,0, ,0, ,0, ,0,0, ,0,0, ,0,0,0.081500001
2,CA,2019,HAW-4263,3,2.5,1,0,PLOB,0,EM,0,42, ,0, ,0, ,0, ,0,0, ,0,0, ,0,0,0.429806492
3,CA,2019,HAW-4263,3,2.5,1,0,PLOB,0,EM,0,0, ,0, ,0, ,0, ,0,0, ,0,0, ,0,0,0.051862317
4,CA,2019,HAW-4263,3,2.5,1,0,PLOB,0,EM,0,0, ,0, ,0, ,0, ,0,0, ,0,0, ,0,0,0.074582792
5,CA,2019,HAW-4263,3,2.5,1,0,PLOB,0,EM,0,10, ,0, ,0, ,0, ,0,0, ,0,0, ,0,0,0.210231516
6,CA,2019,HAW-4263,3,2.5,1,0,PLOB,0,EM,0,60, ,0, ,0, ,0, ,0,0, ,0,0, ,0,0,0.325590003
7,CA,2019,HAW-4263,3,2.5,1,0,PLOB,0,EM,0,18, ,0, ,0, ,0, ,0,0, ,0,0, ,0,0,0.201106986
8,CA,2019,HAW-4263,3,2.5,1,0,POSP,0,EM,0,8, ,0, ,0, ,0, ,0,0, ,0,0, ,0,0,0.061313131
9,CA,2019,HAW-4263,3,1,1,0,PMEA,0,BR,0,0, ,0, ,0, ,0, ,0,0, ,0,0, ,0,0,0.038680874
10,CA,2019,HAW-4263,3,2.5,1,0,PLOB,0,EM,0,65, ,0, ,0, ,0, ,0,0, ,0,0, ,0,0,0.314910733
11,CA,2019,HAW-4263,3,2.5,1,0,PLOB,0,EM,0,60, ,0, ,0, ,0, ,0,0, ,0,0, ,0,0,0.067338548
12,CA,2019,HAW-4263,3,2.5,1,0,PLUT,0,EM,0,4, ,0, ,0, ,0, ,0,0, ,0,0, ,0,0,0.056886202
13,CA,2019,HAW-4263,3,2.5,1,0,PLOB,0,EM,0,96, ,0, ,0, ,0, ,0,0, ,0,0, ,0,0,0.091913275
14,CA,2019,HAW-4263,3,2.5,1,0,PLOB,0,EM,0,0, ,0, ,0, ,0, ,0,0, ,0,0, ,0,0,0.059502101
15,CA,2019,HAW-4263,3,2.5,1,0,PLOB,0,EM,0,15, ,0, ,0, ,0, ,0,0, ,0,0, ,0,0,0.248149653
16,CA,2019,HAW-4263,3,2.5,1,0,PLOB,0,EM,0,9, ,0, ,0, ,0, ,0,0, ,0,0, ,0,0,0.139279037
17,CA,2019,HAW-4263,3,2.5,1,0,PLOB,0,EM,0,80, ,0, ,0, ,0, ,0,0, ,0,0, ,0,0,0.0945
18,CA,2019,HAW-4263,3,2.5,1,0,PLOB,0,EM,0,15, ,0, ,0, ,0, ,0,0, ,0,0, ,0,0,0.099666845
19,CA,2019,HAW-4263,3,2.5,1,0,PCOM,0,KN,0,75, ,0, ,0, ,0, ,0,0, ,0,0, ,0,0,0.225640599
20,CA,2019,HAW-4263,3,2.5,1,0,PLOB,0,EM,0,0, ,0, ,0, ,0, ,0,0, ,0,0, ,0,0,0.077077882
21,CA,2019,HAW-4263,3,2.5,1,0,PLOB,0,EM,0,15, ,0, ,0, ,0, ,0,0, ,0,0, ,0,0,0.127656766
22,MA,2019,HAW-4263,3,2.5,1,0,PCOM,0,BR,0,40, ,0, ,0, ,0,PRS,2,0,ALG,3,0, ,0,0,0.594655565
23,MA,2019,HAW-4263,3,2.5,1,0,PLOB,0,EM,0,0, ,0, ,0, ,0, ,0,0, ,0,0, ,0,0,0.087848278
24,MA,2019,HAW-4263,3,2.5,1,0,PLOB,0,EM,0,0, ,0, ,0, ,0, ,0,0, ,0,0, ,0,0,0.051688781
25,MA,2019,HAW-4263,3,2.5,1,0,PCOM,0,KN,0,10, ,0, ,0, ,0, ,0,0, ,0,0, ,0,0,0.097863425
26,MA,2019,HAW-4263,3,2.5,1,0,PLOB,0,EM,0,5, ,0, ,0, ,0, ,0,0, ,0,0, ,0,0,0.109076898
27,MA,2019,HAW-4263,3,2.5,1,0,PCOM,0,KN,0,60, ,0, ,0, ,0, ,0,0, ,0,0, ,0,0,0.239956766
28,MA,2019,HAW-4263,3,2.5,1,0,PLOB,0,MD,0,3, ,0, ,0, ,0, ,0,0, ,0,0, ,0,0,0.189767437
29,MA,2019,HAW-4263,3,2.5,1,0,PLOB,0,MD,0,20, ,0, ,0, ,0, ,0,0, ,0,0, ,0,0,0.225916976
30,MA,2019,HAW-4263,3,2.5,1,0,PLOB,0,MD,0,25, ,0, ,0, ,0, ,0,0, ,0,0, ,0,0,0.464091585
31,MA,2019,HAW-4263,3,2.5,1,0,PLOB,0,MD,0,40, ,0, ,0, ,0,ALG,1,0, ,0,0, ,0,0,0.347614183
32,MA,2019,HAW-4263,3,2.5,1,0,PLOB,0,EM,0,0, ,0, ,0, ,0, ,0,0, ,0,0, ,0,0,0.06414959
33,MA,2019,HAW-4263,3,2.5,1,0,PLOB,0,EM,0,25, ,0, ,0, ,0, ,0,0, ,0,0, ,0,0,0.201639109
34,MA,2019,HAW-4263,3,2.5,1,0,PLOB,0,EM,0,2, ,0, ,0, ,0, ,0,0, ,0,0, ,0,0,0.050136613
35,MA,2019,HAW-4263,3,2.5,1,0,PLOB,0,EM,0,0, ,0, ,0, ,0, ,0,0, ,0,0, ,0,0,0.071936083
36,MA,2019,HAW-4263,3,2.5,1,0,PCOM,0,KN,0,0, ,0, ,0, ,0, ,0,0, ,0,0, ,0,0,0.057614668
37,MA,2019,HAW-4263,3,2.5,1,0,PLOB,0,MD,0,10, ,0, ,0, ,0, ,0,0, ,0,0, ,0,0,0.091654241
38,MA,2019,HAW-4263,3,2.5,1,0,PLOB,0,MD,0,25, ,0, ,0, ,0, ,0,0, ,0,0, ,0,0,0.156475748
39,MA,2019,HAW-4263,3,2.5,1,0,PLOB,0,MD,0,40, ,0, ,0, ,0,ALG,2,0, ,0,0, ,0,0,0.181003647
40,MA,2019,HAW-4263,3,2.5,1,0,PLOB,0,MD,0,45, ,0, ,0, ,0, ,0,0, ,0,0, ,0,0,0.150148793
41,MA,2019,HAW-4263,3,2.5,1,0,PLOB,0,MD,0,10, ,0, ,0, ,0,ALG,2,0, ,0,0, ,0,0,0.235038763
42,MA,2019,HAW-4263,1,2.5,1,0, ,0, ,0,0, ,0, ,0, ,0, ,0,0, ,0,0, ,0,0,0.084017201
43,MA,2019,HAW-4263,1,2.5,1,0, ,0, ,0,0, ,0, ,0, ,0, ,0,0, ,0,0, ,0,0,0.459386994
44,MA,2019,HAW-4263,1,2.5,1,0, ,0, ,0,0, ,0, ,0, ,0, ,0,0, ,0,0, ,0,0,0.254074339
45,MA,2019,HAW-4263,1,2.5,1,0, ,0, ,0,0, ,0, ,0, ,0, ,0,0, ,0,0, ,0,0,0.230668289
46,MA,2019,HAW-4263,1,2.5,1,0, ,0, ,0,0, ,0, ,0, ,0, ,0,0, ,0,0, ,0,0,0.445443891
47,MA,2019,HAW-4263,1,2.5,1,0, ,0, ,0,0, ,0, ,0, ,0, ,0,0, ,0,0, ,0,0,0.210711389
48,MA,2019,HAW-4263,1,2.5,1,0, ,0, ,0,0, ,0, ,0, ,0, ,0,0, ,0,0, ,0,0,0.174798456
49,MA,2019,HAW-4263,1,2.5,1,0, ,0, ,0,0, ,0, ,0, ,0, ,0,0, ,0,0, ,0,0,0.268260712
50,MA,2019,HAW-4263,1,2.5,1,0, ,0, ,0,0, ,0, ,0, ,0, ,0,0, ,0,0, ,0,0,0.133936291
51,MA,2019,HAW-4263,1,2.5,1,0, ,0, ,0,0, ,0, ,0, ,0, ,0,0, ,0,0, ,0,0,0.076330139
52,MA,2019,HAW-4263,1,2.5,1,0, ,0, ,0,0, ,0, ,0, ,0, ,0,0, ,0,0, ,0,0,0.460647555
53,MA,2019,HAW-4263,1,2.5,1,0, ,0, ,0,0, ,0, ,0, ,0, ,0,0, ,0,0, ,0,0,0.098976007
54,MA,2019,HAW-4263,1,2.5,1,0, ,0, ,0,0, ,0, ,0, ,0, ,0,0, ,0,0, ,0,0,0.240851093
55,MA,2019,HAW-4263,1,2.5,1,0, ,0, ,0,0, ,0, ,0, ,0, ,0,0, ,0,0, ,0,0,0.124488595
56,MA,2019,HAW-4263,1,2.5,1,0, ,0, ,0,0, ,0, ,0, ,0, ,0,0, ,0,0, ,0,0,0.106429179
57,MA,2019,HAW-4263,1,2.5,1,0, ,0, ,0,0, ,0, ,0, ,0, ,0,0, ,0,0, ,0,0,0.174810898
58,MA,2019,HAW-4263,1,2.5,1,0, ,0, ,0,0, ,0, ,0, ,0, ,0,0, ,0,0, ,0,0,0.202026657
59,MA,2019,HAW-4263,1,2.5,1,0, ,0, ,0,0, ,0, ,0, ,0, ,0,0, ,0,0, ,0,0,0.27471558
60,MA,2019,HAW-4263,1,2.5,1,0, ,0, ,0,0, ,0, ,0, ,0, ,0,0, ,0,0, ,0,0,0.050973326
61,MA,2019,HAW-4263,1,2.5,1,0, ,0, ,0,0, ,0, ,0, ,0, ,0,0, ,0,0, ,0,0,0.323577904
62,MA,2019,HAW-4263,1,2.5,1,0, ,0, ,0,0, ,0, ,0, ,0, ,0,0, ,0,0, ,0,0,0.226100088
63,MA,2019,HAW-4263,1,2.5,1,0, ,0, ,0,0, ,0, ,0, ,0, ,0,0, ,0,0, ,0,0,0.133340203
64,MA,2019,HAW-4263,1,2.5,1,0, ,0, ,0,0, ,0, ,0, ,0, ,0,0, ,0,0, ,0,0,0.086191531
65,MA,2019,HAW-4263,1,2.5,1,0, ,0, ,0,0, ,0, ,0, ,0, ,0,0, ,0,0, ,0,0,0.053207988
66,MA,2019,HAW-4263,1,2.5,1,0, ,0, ,0,0, ,0, ,0, ,0, ,0,0, ,0,0, ,0,0,0.11857698
67,MA,2019,HAW-4263,1,2.5,1,0, ,0, ,0,0, ,0, ,0, ,0, ,0,0, ,0,0, ,0,0,0.301234543
68,MA,2019,HAW-4263,1,2.5,1,0, ,0, ,0,0, ,0, ,0, ,0, ,0,0, ,0,0, ,0,0,0.093575905
69,MA,2019,HAW-4263,3,2.5,1,0,PLOB,0,MD,0,10, ,0, ,0, ,0, ,0,0, ,0,0, ,0,0,0.072639177
70,MA,2019,HAW-4263,3,2.5,1,0,PLOB,0,MD,0,10, ,0, ,0, ,0, ,0,0, ,0,0, ,0,0,0.146377934
71,MA,2019,HAW-4263,3,1,1,0,PMEA,0,BR,0,0, ,0, ,0, ,0, ,0,0, ,0,0, ,0,0,0.039787686
72,MA,2019,HAW-4263,3,2.5,1,0,PLOB,0,EM,0,15, ,0, ,0, ,0, ,0,0, ,0,0, ,0,0,0.062100079
73,AH,2019,HAW-4263,3,2.5,1,0,PLOB,0,EM,-1,45, ,0, ,0, ,0, ,0,0, ,0,0, ,0,0,0.46560131
74,AH,2019,HAW-4263,3,2.5,1,0,PCOM,0,BR,-1,50, ,0, ,0, ,0, ,0,0, ,0,0, ,0,0,0.256649353
75,AH,2019,HAW-4263,3,2.5,1,0,PLOB,0,EM,0,25, ,0, ,0, ,0, ,0,0, ,0,0, ,0,0,0.237258003
76,AH,2019,HAW-4263,3,2.5,1,0,POSP,0,EM,0,0, ,0, ,0, ,0, ,0,0, ,0,0, ,0,0,0.089428909
77,AH,2019,HAW-4263,3,2.5,1,0,PLOB,0,EM,-1,5, ,0, ,0, ,0, ,0,0, ,0,0, ,0,0,0.203000886
78,AH,2019,HAW-4263,3,2.5,1,0,PCOM,0,BR,0,33, ,0, ,0, ,0, ,0,0, ,0,0, ,0,0,0.700511792
79,AH,2019,HAW-4263,3,1,1,0,PMEA,0,BR,-1,0, ,0, ,0, ,0, ,0,0, ,0,0, ,0,0,0.041773796
80,AH,2019,HAW-4263,3,2.5,1,0,PLOB,0,EF,0,45, ,0, ,0, ,0, ,0,0, ,0,0, ,0,0,0.130552556
81,AH,2019,HAW-4263,3,2.5,1,0,PLOB,0,MD,0,60, ,0, ,0, ,0, ,0,0, ,0,0, ,0,0,0.316811506
82,AH,2019,HAW-4263,3,2.5,1,0,PLOB,0,MD,0,45, ,0, ,0, ,0, ,0,0, ,0,0, ,0,0,0.353690274
83,AH,2019,HAW-4263,3,2.5,1,0,PLOB,0,MD,0,0, ,0, ,0, ,0, ,0,0, ,0,0, ,0,0,0.066881462
84,AH,2019,HAW-4263,3,2.5,1,0,PLOB,0,MD,-1,35, ,0, ,0, ,0,BLE,100,2, ,0,0, ,0,0,0.235803732
85,AH,2019,HAW-4263,3,2.5,1,0,PLOB,0,MD,0,80, ,0, ,0, ,0, ,0,0, ,0,0, ,0,0,0.135298927
86,AH,2019,HAW-4263,3,2.5,1,0,PCOM,0,BR,0,5, ,0, ,0, ,0, ,0,0, ,0,0, ,0,0,0.099746178
87,AH,2019,HAW-4263,3,2.5,1,0,PLOB,0,MD,0,55, ,0, ,0, ,0,TIN,1,0, ,0,0, ,0,0,0.16854498
88,AH,2019,HAW-4263,3,2.5,1,0,POSP,0,MD,0,60, ,0, ,0, ,0, ,0,0, ,0,0, ,0,0,0.138242685
89,AH,2019,HAW-4263,3,2.5,1,0,PLOB,0,MD,-1,20, ,0, ,0, ,0, ,0,0, ,0,0, ,0,0,0.179425361
90,AH,2019,HAW-4263,3,2.5,1,0,PLOB,0,MD,-1,3, ,0, ,0, ,0, ,0,0, ,0,0, ,0,0,0.182776202
91,AH,2019,HAW-4263,3,2.5,1,0,PLOB,0,EM,0,2, ,0, ,0, ,0, ,0,0, ,0,0, ,0,0,0.082445922
92,FL,2019,HAW-4263,3,2.5,1,0,PLOB,0,MD,0,45, ,0, ,0, ,0, ,0,0, ,0,0, ,0,0,0.468443058
93,FL,2019,HAW-4263,3,2.5,1,0,PLUT,0,MD,0,10, ,0, ,0, ,0, ,0,0, ,0,0, ,0,0,0.268610723
94,FL,2019,HAW-4263,3,2.5,1,0,PLOB,0,MD,0,50, ,0, ,0, ,0, ,0,0, ,0,0, ,0,0,0.34951352
95,FL,2019,HAW-4263,3,2.5,1,0,PLOB,0,MD,0,0, ,0, ,0, ,0, ,0,0, ,0,0, ,0,0,0.068406578
96,FL,2019,HAW-4263,3,2.5,1,0,PLUT,0,MD,-1,20, ,0, ,0, ,0, ,0,0, ,0,0, ,0,0,0.248973111
97,FL,2019,HAW-4263,3,2.5,1,0,PLOB,0,MD,0,40, ,0, ,0, ,0, ,0,0, ,0,0, ,0,0,0.159700031
98,FL,2019,HAW-4263,3,2.5,1,0,PCOM,0,KN,0,0, ,0, ,0, ,0, ,0,0, ,0,0, ,0,0,0.054377384
99,FL,2019,HAW-4263,3,2.5,1,0,PLOB,0,MD,0,0, ,0, ,0, ,0, ,0,0, ,0,0, ,0,0,0.06691263
100,FL,2019,HAW-4263,3,2.5,1,0,PLOB,0,MD,0,5, ,0, ,0, ,0, ,0,0, ,0,0, ,0,0,0.09110922
101,FL,2019,HAW-4263,3,2.5,1,0,PLOB,0,MD,0,0, ,0, ,0, ,0, ,0,0, ,0,0, ,0,0,0.059838532
102,FL,2019,HAW-4263,3,2.5,1,0,PLOB,0,MD,0,0, ,0, ,0, ,0, ,0,0, ,0,0, ,0,0,0.063907747
103,FL,2019,HAW-4263,3,2.5,1,0,PLOB,0,EM,0,40, ,0, ,0, ,0, ,0,0, ,0,0, ,0,0,0.165491027
104,FL,2019,HAW-4263,3,2.5,1,0,PCOM,0,BR,0,40, ,0, ,0, ,0,ALG,2,0, ,0,0, ,0,0,0.619491929
105,FL,2019,HAW-4263,3,2.5,1,0,PLOB,0,EM,0,0, ,0, ,0, ,0, ,0,0, ,0,0, ,0,0,0.097770036
106,FL,2019,HAW-4263,3,1,1,0,PLOB,0,EM,-1,10, ,0, ,0, ,0, ,0,0, ,0,0, ,0,0,0.048198133
107,FL,2019,HAW-4263,3,1,1,0,PMEA,0,BR,0,0, ,0, ,0, ,0, ,0,0, ,0,0, ,0,0,0.040551325
108,FL,2019,HAW-4263,3,2.5,1,0,PLOB,0,MD,-1,0, ,0, ,0, ,0, ,0,0, ,0,0, ,0,0,0.198412323
109,FL,2019,HAW-4263,3,2.5,1,0,PLOB,0,MD,0,85, ,0, ,0, ,0, ,0,0, ,0,0, ,0,0,0.100974849
110,FL,2019,HAW-4263,3,2.5,1,0,PLUT,0,MD,0,0, ,0, ,0, ,0, ,0,0, ,0,0, ,0,0,0.079673834
111,FL,2019,HAW-4263,3,2.5,1,0,PLUT,0,MD,-1,0, ,0, ,0, ,0, ,0,0, ,0,0, ,0,0,0.186377279
112,FL,2019,HAW-4263,3,2.5,1,0,PLUT,0,MD,-1,20, ,0, ,0, ,0, ,0,0, ,0,0, ,0,0,0.145631453
113,FL,2019,HAW-4263,3,2.5,1,0,PLOB,0,MD,0,55, ,0, ,0, ,0, ,0,0, ,0,0, ,0,0,0.140301283
114,FL,2019,HAW-4263,3,2.5,1,0,PLOB,0,MD,0,45, ,0, ,0, ,0, ,0,0, ,0,0, ,0,0,0.177010876
115,FL,2019,HAW-4263,3,2.5,1,0,PCOM,0,KN,0,0, ,0, ,0, ,0, ,0,0, ,0,0, ,0,0,0.104857712
116,FL,2019,HAW_4263,3,2.5,1,0,PLOB,0,EM,0,5, ,0, ,0, ,0, ,0,0, ,0,0, ,0,0,0.053249694
117,RS,2019,HAW_4263,3,2.5,1,0,PLOB,0,EM,0,0, ,0, ,0, ,0, ,0,0, ,0,0, ,0,0,0.09312368
118,RS,2019,HAW_4263,3,1,1,0,PMEA,0,KN,0,0, ,0, ,0, ,0, ,0,0, ,0,0, ,0,0,0.037375125
119,RS,2019,HAW_4263,3,1,1,0,PLOB,0,EM,0,15, ,0, ,0, ,0, ,0,0, ,0,0, ,0,0,0.044364062
120,RS,2019,HAW_4263,3,1,1,0,PLOB,0,MD,0,0, ,0, ,0, ,0, ,0,0, ,0,0, ,0,0,0.016191974
121,RS,2019,HAW_4263,3,2.5,1,0,PCOM,0,KN,0,50, ,0, ,0, ,0, ,0,0, ,0,0, ,0,0,0.102054739
122,RS,2019,HAW_4263,3,2.5,1,0,PCOM,0,BR,0,45, ,0, ,0, ,0,ALG,3,0, ,0,0, ,0,0,0.674024933
123,RS,2019,HAW_4263,3,2.5,1,0,PCOM,0,MD,0,10, ,0, ,0, ,0, ,0,0, ,0,0, ,0,0,0.116114297
124,RS,2019,HAW_4263,3,2.5,1,0,PLOB,0,MD,0,10, ,0, ,0, ,0, ,0,0, ,0,0, ,0,0,0.090359559
125,RS,2019,HAW_4263,3,2.5,1,0,PLOB,0,MD,0,20, ,0, ,0, ,0, ,0,0, ,0,0, ,0,0,0.134777484
126,RS,2019,HAW_4263,3,2.5,1,0,PLOB,0,MD,0,40, ,0, ,0, ,0, ,0,0, ,0,0, ,0,0,0.064919181
127,RS,2019,HAW_4263,3,2.5,1,0,PLOB,0,MD,0,0, ,0, ,0, ,0, ,0,0, ,0,0, ,0,0,0.059680231
128,RS,2019,HAW_4263,3,2.5,1,0,PLOB,0,MD,0,10, ,0, ,0, ,0, ,0,0, ,0,0, ,0,0,0.053249694
129,RS,2019,HAW_4263,3,2.5,1,0,PLOB,0,MD,0,0, ,0, ,0, ,0, ,0,0, ,0,0, ,0,0,0.051924946
130,RS,2019,HAW_4263,3,2.5,1,0,PLUT,0,MD,0,5, ,0, ,0, ,0, ,0,0, ,0,0, ,0,0,0.068406578
131,RS,2019,HAW_4263,3,2.5,1,0,PLUT,0,MD,0,20, ,0, ,0, ,0, ,0,0, ,0,0, ,0,0,0.108947326
132,RS,2019,HAW_4263,3,2.5,1,0,PLOB,0,MD,0,65, ,0, ,0, ,0, ,0,0, ,0,0, ,0,0,0.346801745
133,RS,2019,HAW_4263,3,2.5,1,0,PLOB,0,MD,0,0, ,0, ,0, ,0, ,0,0, ,0,0, ,0,0,0.0500018
134,RS,2019,HAW_4263,3,2.5,1,0,PLOB,0,MD,0,20, ,0, ,0, ,0, ,0,0, ,0,0, ,0,0,0.426902753
135,RS,2019,HAW_4263,3,2.5,1,0,PLUT,0,MD,0,15, ,0, ,0, ,0, ,0,0, ,0,0, ,0,0,0.282910939
136,RS,2019,HAW_4263,3,2.5,1,0,PLOB,0,MD,0,0, ,0, ,0, ,0, ,0,0, ,0,0, ,0,0,0.113780359
137,RS,2019,HAW_4263,3,2.5,1,0,PLOB,0,MD,0,45, ,0, ,0, ,0, ,0,0, ,0,0, ,0,0,0.16469077
138,RS,2019,HAW_4263,3,1,1,0,PLOB,0,MD,0,0, ,0, ,0, ,0, ,0,0, ,0,0, ,0,0,0.049383095
139,RS,2019,HAW_4263,3,2.5,1,0,PLOB,0,MD,0,0, ,0, ,0, ,0, ,0,0, ,0,0, ,0,0,0.09194705
140,RS,2019,HAW_4263,3,2.5,1,0,PLOB,0,MD,0,60, ,0, ,0, ,0, ,0,0, ,0,0, ,0,0,0.096025519
141,RS,2019,HAW_4263,3,2.5,1,0,PLOB,0,MD,0,0, ,0, ,0, ,0, ,0,0, ,0,0, ,0,0,0.056319534
142,RS,2019,HAW_4263,3,2.5,1,0,PLOB,0,EM,0,30, ,0, ,0, ,0, ,0,0, ,0,0, ,0,0,0.091181973
143,RS,2019,HAW_4263,3,2.5,1,0,PCOM,0,BR,0,10, ,0, ,0, ,0, ,0,0, ,0,0, ,0,0,0.101460387
144,RS,2019,HAW_4263,3,2.5,1,0,PLUT,0,MD,0,10, ,0, ,0, ,0, ,0,0, ,0,0, ,0,0,0.163531159
145,RS,2019,HAW_4263,3,2.5,1,0,PLUT,0,MD,0,0, ,0, ,0, ,0, ,0,0, ,0,0, ,0,0,0.186806852
146,RS,2019,HAW_4263,3,2.5,1,0,PLOB,0,MD,0,65, ,0, ,0, ,0, ,0,0, ,0,0, ,0,0,0.130241966
147,RS,2019,HAW_4263,3,2.5,1,0,PLOB,0,MD,0,60, ,0, ,0, ,0, ,0,0, ,0,0, ,0,0,0.196685841
148,CA,2019,HAW-4221,1,2.5,1,0,PMEA,0,BR,0,0, ,0, ,0, ,0, ,0,0, ,0,0, ,0,0,0.085374762
149,CA,2019,HAW-4221,1,2.5,1,0,POSP,0,EM,0,4, ,0, ,0, ,0, ,0,0, ,0,0, ,0,0,0.100469348
150,CA,2019,HAW-4221,1,2.5,1,0,PLOB,0,EM,0,30, ,0, ,0, ,0,PRS,2,0, ,0,0, ,0,0,0.329229403
151,CA,2019,HAW-4221,1,2.5,1,0,PMEA,0,BR,0,0, ,0, ,0, ,0, ,0,0, ,0,0, ,0,0,0.088897469
152,CA,2019,HAW-4221,1,2.5,1,0,POSP,0,EM,0,78, ,0, ,0, ,0,PRS,3,0, ,0,0, ,0,0,0.768838631
153,CA,2019,HAW-4221,1,2.5,1,0,PLOB,0,EM,0,28, ,0, ,0, ,0,PRS,1,0, ,0,0, ,0,0,0.367351126
154,CA,2019,HAW-4221,1,2.5,1,0,PLIC,0,EM,0,15, ,0, ,0, ,0, ,0,0, ,0,0, ,0,0,0.11175585
155,CA,2019,HAW-4221,1,2.5,1,0,PMEA,0,BR,0,0, ,0, ,0, ,0, ,0,0, ,0,0, ,0,0,0.056405763
156,CA,2019,HAW-4221,1,2.5,1,0,POSP,0,EM,0,28, ,0, ,0, ,0,PRS,1,0, ,0,0, ,0,0,0.192092322
157,CA,2019,HAW-4221,1,2.5,1,0,PLOB,0,EM,0,33, ,0, ,0, ,0,PRS,1,0, ,0,0, ,0,0,0.553040334
158,CA,2019,HAW-4221,1,2.5,1,0,POSP,0,EM,0,10, ,0, ,0, ,0,PRS,1,0, ,0,0, ,0,0,0.082535447
159,CA,2019,HAW-4221,1,2.5,1,0,PMEA,0,BR,0,10,TLS,5, ,0, ,0, ,0,0, ,0,0, ,0,0,0.23645729
160,CA,2019,HAW-4221,1,2.5,1,0,POSP,0,EM,0,3, ,0, ,0, ,0, ,0,0, ,0,0, ,0,0,0.104385153
161,CA,2019,HAW-4221,1,2.5,1,0,POSP,0,EM,0,70, ,0, ,0, ,0, ,0,0, ,0,0, ,0,0,0.128265545
162,CA,2019,HAW-4221,1,2.5,1,0,PLOB,0,EM,0,75,PUS,25, ,0, ,0,PRS,2,0, ,0,0, ,0,0,0.410219759
163,CA,2019,HAW-4221,1,2.5,1,0,PLOB,0,EM,0,15,PUS,8, ,0, ,0,PRS,3,0, ,0,0, ,0,0,0.674855844
164,CA,2019,HAW-4221,1,2.5,1,0,PMEA,0,BR,0,65,TLS,10, ,0, ,0, ,0,0, ,0,0, ,0,0,0.307711163
165,CA,2019,HAW-4221,1,1,1,-1, ,0, ,0,0, ,0, ,0, ,0, ,0,0, ,0,0, ,0,0,0.003041381
166,MA,2019,HAW-4221,0,2.5,1,0,PMEA,0,BR,0,0, ,0, ,0, ,0, ,0,0, ,0,0, ,0,0,0.086114574
167,MA,2019,HAW-4221,0,2.5,1,0,PMEA,0,BR,0,0, ,0, ,0, ,0, ,0,0, ,0,0, ,0,0,0.08810732
168,MA,2019,HAW-4221,0,2.5,1,0,PLOB,0,EF,0,3, ,0, ,0, ,0, ,0,0, ,0,0, ,0,0,0.101588631
169,MA,2019,HAW-4221,0,2.5,1,0,PMON,0,EM,0,70, ,0, ,0, ,0, ,0,0, ,0,0, ,0,0,0.772290625
170,MA,2019,HAW-4221,0,2.5,1,0,PLOB,0,EM,0,30, ,0, ,0, ,0,DIS,7,0, ,0,0, ,0,0,0.363856153
171,MA,2019,HAW-4221,0,2.5,1,0,PLOB,0,EM,0,10, ,0, ,0, ,0, ,0,0, ,0,0, ,0,0,0.119903502
172,MA,2019,HAW-4221,0,2.5,1,0,PLOB,0,EM,0,30, ,0, ,0, ,0, ,0,0, ,0,0, ,0,0,0.369351878
173,MA,2019,HAW-4221,0,2.5,1,0,PMEA,0,BR,0,0, ,0, ,0, ,0, ,0,0, ,0,0, ,0,0,0.060424167
174,MA,2019,HAW-4221,0,2.5,1,0,PLOB,0,MD,0,0, ,0, ,0, ,0, ,0,0, ,0,0, ,0,0,0.096580174
175,MA,2019,HAW-4221,0,2.5,1,0,PLOB,0,EM,0,5, ,0, ,0, ,0, ,0,0, ,0,0, ,0,0,0.10575221
176,MA,2019,HAW-4221,0,2.5,1,0,POCS,0,BR,0,3,TLS,5, ,0, ,0, ,0,0, ,0,0, ,0,0,0.196401248
177,MA,2019,HAW-4221,0,2.5,1,0,PLOB,0,EM,0,55, ,0, ,0, ,0, ,0,0, ,0,0, ,0,0,0.074389784
178,MA,2019,HAW-4221,0,2.5,1,0,PLOB,0,MD,0,10,TLS,3, ,0, ,0, ,0,0, ,0,0, ,0,0,0.374663075
179,MA,2019,HAW-4221,0,2.5,1,0,PLOB,0,EM,0,2, ,0, ,0, ,0,ALG,2,0, ,0,0, ,0,0,0.1286014
180,MA,2019,HAW-4221,0,2.5,1,0,POCS,0,BR,0,60, ,0, ,0, ,0,BLE,100,2, ,0,0, ,0,0,0.318173616
181,MA,2019,HAW-4221,0,2.5,1,0,PLOB,0,EM,0,45, ,0, ,0, ,0,ALG,2,0, ,0,0, ,0,0,0.406231878
182,MA,2019,HAW-4221,0,2.5,1,0,PLOB,0,MD,0,45, ,0, ,0, ,0, ,0,0, ,0,0, ,0,0,0.572264589
183,MA,2019,HAW-4221,0,2.5,1,0,PMON,0,EM,0,20, ,0, ,0, ,0, ,0,0, ,0,0, ,0,0,0.176872072
184,MA,2019,HAW-4221,1,1,1,0,MPAT,0,EM,0,0, ,0, ,0, ,0, ,0,0, ,0,0, ,0,0,0.039998126
185,MA,2019,HAW-4221,1,1,1,0,PLOB,0,EM,0,0, ,0, ,0, ,0, ,0,0, ,0,0, ,0,0,0.018677527
186,MA,2019,HAW-4221,1,1,1,0,PLOB,0,EM,0,0, ,0, ,0, ,0, ,0,0, ,0,0, ,0,0,0.014741099
187,MA,2019,HAW-4221,1,2.5,1,0,PLOB,0,EM,0,60, ,0, ,0, ,0, ,0,0, ,0,0, ,0,0,0.053886176
188,MA,2019,HAW-4221,1,1,1,0,PLOB,0,EM,0,0, ,0, ,0, ,0, ,0,0, ,0,0, ,0,0,0.017202907
189,MA,2019,HAW-4221,1,1,1,0,PLOB,0,EM,0,0, ,0, ,0, ,0, ,0,0, ,0,0, ,0,0,0.02080625
190,AH,2019,HAW-4221,0,2.5,1,0,PMEA,0,BR,0,0, ,0, ,0, ,0, ,0,0, ,0,0, ,0,0,0.081046776
191,AH,2019,HAW-4221,0,2.5,1,0,PLOB,0,EM,0,0, ,0, ,0, ,0, ,0,0, ,0,0, ,0,0,0.103344183
192,AH,2019,HAW-4221,0,2.5,1,0,POSP,0,EM,0,35, ,0, ,0, ,0,BIN,3,, ,0,0, ,0,0,0.363713418
193,AH,2019,HAW-4221,0,2.5,1,0,PMEA,0,BR,0,0, ,0, ,0, ,0, ,0,0, ,0,0, ,0,0,0.09183518
194,AH,2019,HAW-4221,0,2.5,1,0,MPAT,0,EF,0,0,PRED,0, ,0, ,0, ,0,0, ,0,0, ,0,0,0.041072861
195,AH,2019,HAW-4221,0,2.5,1,0,PMON,0,EM,0,60, ,0, ,0, ,0,TIN,0,0, ,0,0, ,0,0,0.646515832
196,AH,2019,HAW-4221,0,2.5,1,0,PLOB,0,MD,0,40, ,0, ,0, ,0,BIN,0,0, ,0,0, ,0,0,0.255554399
197,AH,2019,HAW-4221,0,2.5,1,0,PLOB,0,EM,0,15, ,0, ,0, ,0,BIN,5,,DIS,0,0, ,0,0,0.191312545
198,AH,2019,HAW-4221,0,2.5,1,0,PMEA,0,BR,0,0, ,0, ,0, ,0, ,0,0, ,0,0, ,0,0,0.058721886
199,AH,2019,HAW-4221,0,2.5,1,0,PLUT,0,MD,0,0, ,0, ,0, ,0, ,0,0, ,0,0, ,0,0,0.201693556
200,AH,2019,HAW-4221,0,2.5,1,0,PLOB,0,EM,0,3, ,0, ,0, ,0,BIN,1,, ,0,0, ,0,0,0.112022674
201,AH,2019,HAW-4221,0,2.5,1,0,PMEA,0,BR,0,30,TLS,0, ,0, ,0, ,0,0, ,0,0, ,0,0,0.200008449
202,AH,2019,HAW-4221,0,2.5,1,0,PLOB,0,MD,0,30, ,0, ,0, ,0,BIN,1,, ,0,0, ,0,0,0.209758266
203,AH,2019,HAW-4221,0,2.5,1,0,PLOB,0,EF,0,45, ,0, ,0, ,0, ,0,0, ,0,0, ,0,0,0.122612601
204,AH,2019,HAW-4221,0,2.5,1,0,PLUT,0,MD,0,20, ,0, ,0, ,0,BIN,3,, ,0,0, ,0,0,0.373525153
205,AH,2019,HAW-4221,0,2.5,1,0,PMEA,0,BR,0,60,UNKN,0, ,0, ,0, ,0,0, ,0,0, ,0,0,0.326297349
206,AH,2019,HAW-4221,0,2.5,1,0,PLOB,0,EM,0,20, ,0, ,0, ,0,BLE,5,1,BIN,0,0, ,0,0,0.434142212
207,AH,2019,HAW-4221,0,2.5,1,0,PLUT,0,MD,0,10, ,0, ,0, ,0, ,0,0,BIN,1,1, ,0,0,0.202677378
208,AH,2019,HAW-4221,0,2.5,1,0,PLUT,0,MD,0,20, ,0, ,0, ,0, ,0,0, ,0,0, ,0,0,0.190139556
209,AH,2019,HAW-4221,0,2.5,1,0,POSP,0,EM,0,45, ,0, ,0, ,0,BLE,0,0, ,0,0, ,0,0,0.194294853
210,AH,2019,HAW-4221,0,2.5,1,0,PLIC,0,EM,0,18, ,0, ,0, ,0,TIN,1,, ,0,0, ,0,0,0.116948621
211,FL,2019,HAW_4221,0,2.5,1,0,POSP,0,EC,0,25, ,0, ,0, ,0, ,0,0, ,0,0, ,0,0,0.091599672
212,FL,2019,HAW_4221,0,2.5,1,0,POSP,0,EM,0,50, ,0, ,0, ,0, ,0,0, ,0,0, ,0,0,0.459620811
213,FL,2019,HAW_4221,0,2.5,1,0,POSP,0,EM,0,15,PRED,4, ,0, ,0, ,0,0, ,0,0, ,0,0,0.194277378
214,FL,2019,HAW_4221,0,2.5,1,0,POSP,0,EM,0,5, ,0, ,0, ,0, ,0,0, ,0,0, ,0,0,0.192182621
215,FL,2019,HAW_4221,0,2.5,1,0,POSP,0,EM,0,5, ,0, ,0, ,0, ,0,0, ,0,0, ,0,0,0.116575812
216,FL,2019,HAW_4221,0,2.5,1,0,PMON,0,EC,0,20, ,0, ,0, ,0, ,0,0, ,0,0, ,0,0,0.17126532
217,FL,2019,HAW_4221,0,2.5,1,0,PLOB,0,EM,0,5, ,0, ,0, ,0, ,0,0, ,0,0, ,0,0,0.180367653
218,FL,2019,HAW_4221,0,2.5,1,0,PLOB,0,EM,0,2, ,0, ,0, ,0, ,0,0, ,0,0, ,0,0,0.191819003
219,FL,2019,HAW_4221,0,2.5,1,0,PLOB,0,EM,0,5,PRED,2, ,0, ,0, ,0,0, ,0,0, ,0,0,0.200873817
220,FL,2019,HAW_4221,0,2.5,1,0,PLOB,0,EM,0,25, ,0, ,0, ,0, ,0,0, ,0,0, ,0,0,0.127446499
221,FL,2019,HAW_4221,0,2.5,1,0,POSP,0,EM,0,25, ,0, ,0, ,0, ,0,0, ,0,0, ,0,0,0.243733236
222,FL,2019,HAW_4221,0,2.5,1,0,POSP,0,MD,0,25, ,0, ,0, ,0, ,0,0, ,0,0, ,0,0,0.116272309
223,FL,2019,HAW_4221,0,2.5,1,0,PMEA,0,BR,0,55, ,0, ,0, ,0, ,0,0, ,0,0, ,0,0,0.301690072
224,FL,2019,HAW_4221,0,2.5,1,0,PLOB,0,EM,-1,2, ,0, ,0, ,0, ,0,0, ,0,0, ,0,0,0.370885239
225,FL,2019,HAW_4221,0,2.5,1,0,PMEA,0,BR,0,10, ,0, ,0, ,0, ,0,0, ,0,0, ,0,0,0.213063182
226,FL,2019,HAW_4221,0,2.5,1,0,POSP,0,EM,0,0, ,0, ,0, ,0, ,0,0, ,0,0, ,0,0,0.101788999
227,FL,2019,HAW_4221,0,2.5,1,0,POSP,0,MD,0,0, ,0, ,0, ,0, ,0,0, ,0,0, ,0,0,0.094816243
228,FL,2019,HAW_4221,0,2.5,1,0,PMEA,-1,BR,0,0, ,0, ,0, ,0, ,0,0, ,0,0, ,0,0,0.065276718
229,FL,2019,HAW_4221,0,1,1,0,MPAT,0,EC,0,0, ,0, ,0, ,0, ,0,0, ,0,0, ,0,0,0.044954754
230,FL,2019,HAW_4221,0,2.5,1,0,POSP,0,EM,0,15, ,0, ,0, ,0, ,0,0, ,0,0, ,0,0,0.21312799
231,FL,2019,HAW_4221,0,2.5,1,0,PMEA,0,BR,0,0, ,0, ,0, ,0, ,0,0, ,0,0, ,0,0,0.088590068
232,FL,2019,HAW_4221,0,2.5,1,0,PMEA,0,BR,0,0, ,0, ,0, ,0, ,0,0, ,0,0, ,0,0,0.084311149
233,FL,2019,HAW_4221,0,2.5,1,0,POSP,0,EM,-1,15, ,0, ,0, ,0, ,0,0, ,0,0, ,0,0,0.336289905
234,FL,2019,HAW_4221,1,2.5,1,0,PLOB,0,EM,0,45, ,0, ,0, ,0, ,0,0, ,0,0, ,0,0,0.074139329
235,RS,2019,HAW_4221,1,2.5,1,0,PRUS,0,EM,0,5, ,0, ,0, ,0, ,0,0, ,0,0, ,0,0,0.106554447
236,RS,2019,HAW_4221,1,2.5,1,0,PMEA,0,BR,0,0, ,0, ,0, ,0, ,0,0, ,0,0, ,0,0,0.076472871
237,RS,2019,HAW_4221,1,2.5,1,0,PLOB,0,EM,0,20, ,0, ,0, ,0, ,0,0, ,0,0, ,0,0,0.337549479
238,RS,2019,HAW_4221,1,2.5,1,0,PMEA,0,BR,0,0, ,0, ,0, ,0, ,0,0, ,0,0, ,0,0,0.088798479
239,RS,2019,HAW_4221,1,2.5,1,0,PRUS,0,EM,0,20, ,0, ,0, ,0, ,0,0, ,0,0, ,0,0,0.21801211
240,RS,2019,HAW_4221,1,1,1,0,MPAT,0,EM,0,0, ,0, ,0, ,0, ,0,0, ,0,0, ,0,0,0.02818599
241,RS,2019,HAW_4221,1,2.5,1,0,PLOB,0,MD,0,15, ,0, ,0, ,0, ,0,0, ,0,0, ,0,0,0.194430271
242,RS,2019,HAW_4221,1,2.5,1,0,PRUS,0,EM,0,5, ,0, ,0, ,0, ,0,0, ,0,0, ,0,0,0.07198347
243,RS,2019,HAW_4221,1,2.5,1,0,PRUS,0,EM,0,20, ,0, ,0, ,0, ,0,0, ,0,0, ,0,0,0.196369168
244,RS,2019,HAW_4221,1,2.5,1,0,PRUS,0,EM,0,10, ,0, ,0, ,0, ,0,0, ,0,0, ,0,0,0.140836537
245,RS,2019,HAW_4221,1,1,1,0,MPAT,0,EM,0,0, ,0, ,0, ,0, ,0,0, ,0,0, ,0,0,0.016493939
246,RS,2019,HAW_4221,1,1,1,0,MPAT,0,EM,0,0, ,0, ,0, ,0, ,0,0, ,0,0, ,0,0,0.014464094
247,RS,2019,HAW_4221,1,2.5,1,0,PLOB,0,EM,0,10,PRED,2, ,0, ,0, ,0,0, ,0,0, ,0,0,0.192660244
248,RS,2019,HAW_4221,1,1,1,0,PLOB,0,MD,0,0, ,0, ,0, ,0, ,0,0, ,0,0, ,0,0,0.024539967
249,RS,2019,HAW_4221,1,2.5,1,0,PLOB,0,EM,0,0, ,0, ,0, ,0, ,0,0, ,0,0, ,0,0,0.056533265
250,RS,2019,HAW_4221,1,2.5,1,0,PRUS,0,EM,0,40, ,0, ,0, ,0, ,0,0, ,0,0, ,0,0,0.462584316
251,RS,2019,HAW_4221,1,2.5,1,0,PRUS,0,EM,0,25,UNKN,1, ,0, ,0, ,0,0, ,0,0, ,0,0,0.097494872
252,RS,2019,HAW_4221,1,1,1,0,PLOB,0,MD,0,0, ,0, ,0, ,0, ,0,0, ,0,0, ,0,0,0.022692069
253,RS,2019,HAW_4221,1,1,1,0,PLOB,0,MD,0,0, ,0, ,0, ,0, ,0,0, ,0,0, ,0,0,0.015720368
254,RS,2019,HAW_4221,1,2.5,1,0,PLOB,0,MD,0,5, ,0, ,0, ,0, ,0,0, ,0,0, ,0,0,0.205522212
255,RS,2019,HAW_4221,1,2.5,1,0,PLOB,0,MD,0,5, ,0, ,0, ,0, ,0,0, ,0,0, ,0,0,0.201795465
256,RS,2019,HAW_4221,1,2.5,1,0,PLOB,0,MD,0,10,PRED,1, ,0, ,0, ,0,0, ,0,0, ,0,0,0.211602859
257,RS,2019,HAW_4221,1,2.5,1,0,PLOB,0,EM,0,10,UNKN,1, ,0, ,0, ,0,0, ,0,0, ,0,0,0.239817451
258,RS,2019,HAW_4221,1,2.5,1,0,PLOB,0,EM,0,25, ,0, ,0, ,0, ,0,0, ,0,0, ,0,0,0.079303088
259,RS,2019,HAW_4221,1,2.5,1,0,PMEA,0,BR,0,50,UNKN,5, ,0, ,0,BLE,100,3, ,0,0, ,0,0,0.286425209
260,RS,2019,HAW_4221,1,2.5,1,0,PLOB,0,EM,0,10, ,0, ,0, ,0, ,0,0, ,0,0, ,0,0,0.243201727
261,RS,2019,HAW_4221,1,2.5,1,0,PMEA,0,BR,0,10, ,0, ,0, ,0,BLE,5,2, ,0,0, ,0,0,0.199192094
262,RS,2019,HAW_4221,1,2.5,1,0,PRUS,0,EM,0,5, ,0, ,0, ,0, ,0,0, ,0,0, ,0,0,0.10742295
263,RS,2019,HAW_4221,1,2.5,1,0,PLUT,0,MD,0,90, ,0, ,0, ,0, ,0,0, ,0,0, ,0,0,0.183849096
264,RS,2019,HAW_4221,1,2.5,1,0,PMEA,0,BR,0,0, ,0, ,0, ,0, ,0,0, ,0,0, ,0,0,0.050068153
265,CA,2019,KAU-2160,3,2.5,1,0,PMEA,0,BR,0,0, ,0, ,0, ,0, ,0,0, ,0,0, ,0,0,0.186725557
266,CA,2019,KAU-2160,3,2.5,1,0,PMEA,0,BR,0,0, ,0, ,0, ,0, ,0,0, ,0,0, ,0,0,0.068766926
267,CA,2019,KAU-2160,3,2.5,1,0,PMEA,0,BR,0,0, ,0, ,0, ,0, ,0,0, ,0,0, ,0,0,0.187030185
268,CA,2019,KAU-2160,3,2.5,1,0,PMEA,0,BR,0,0, ,0, ,0, ,0, ,0,0, ,0,0, ,0,0,0.167017903
269,CA,2019,KAU-2160,3,2.5,1,0,PMEA,0,BR,0,0, ,0, ,0, ,0, ,0,0, ,0,0, ,0,0,0.206875808
270,CA,2019,KAU-2160,3,2.5,1,0,PMEA,0,BR,0,0, ,0, ,0, ,0, ,0,0, ,0,0, ,0,0,0.234125885
271,CA,2019,KAU-2160,3,2.5,1,0,PMEA,0,BR,0,0, ,0, ,0, ,0, ,0,0, ,0,0, ,0,0,0.076883808
272,CA,2019,KAU-2160,3,2.5,1,0,PMEA,0,BR,0,0, ,0, ,0, ,0, ,0,0, ,0,0, ,0,0,0.188291397
273,CA,2019,KAU-2160,3,2.5,1,0,MCAP,0,EF,0,97, ,0, ,0, ,0, ,0,0, ,0,0, ,0,0,0.384381595
274,CA,2019,KAU-2160,3,2.5,1,0,PLOB,0,EM,0,70, ,0, ,0, ,0, ,0,0, ,0,0, ,0,0,0.331693171
275,CA,2019,KAU-2160,3,2.5,1,0,MCAP,0,EF,0,55, ,0, ,0, ,0, ,0,0, ,0,0, ,0,0,0.113947708
276,CA,2019,KAU-2160,3,2.5,1,0,MCAP,0,EF,0,40, ,0, ,0, ,0, ,0,0, ,0,0, ,0,0,0.255903888
277,CA,2019,KAU-2160,3,2.5,1,0,MCAP,0,EF,0,70, ,0, ,0, ,0, ,0,0, ,0,0, ,0,0,0.337292944
278,CA,2019,KAU-2160,3,2.5,1,0,PLOB,0,EM,0,85, ,0, ,0, ,0, ,0,0, ,0,0, ,0,0,0.317724928
279,CA,2019,KAU-2160,3,1,1,0,PLOB,0,EM,0,0, ,0, ,0, ,0, ,0,0, ,0,0, ,0,0,0.022105429
280,CA,2019,KAU-2160,3,2.5,1,0,MCAP,0,EF,0,35, ,0, ,0, ,0, ,0,0, ,0,0, ,0,0,0.322790163
281,CA,2019,KAU-2160,3,2.5,1,0,POSP,0,EM,0,70, ,0, ,0, ,0, ,0,0, ,0,0, ,0,0,0.094100212
282,CA,2019,KAU-2160,3,2.5,1,0,MCAP,0,EF,0,15, ,0, ,0, ,0, ,0,0, ,0,0, ,0,0,0.121622367
283,CA,2019,KAU-2160,3,2.5,1,0,MPAT,0,EF,0,92, ,0, ,0, ,0, ,0,0, ,0,0, ,0,0,0.25082179
284,CA,2019,KAU-2160,3,2.5,1,0,MCAP,0,EF,0,60, ,0, ,0, ,0, ,0,0, ,0,0, ,0,0,0.281287396
285,CA,2019,KAU-2160,3,2.5,1,0,PMEA,0,BR,0,80, ,0, ,0, ,0, ,0,0, ,0,0, ,0,0,0.299626703
286,CA,2019,KAU-2160,3,2.5,1,0,MPAT,0,EF,0,35, ,0, ,0, ,0, ,0,0, ,0,0, ,0,0,0.191937413
287,CA,2019,KAU-2160,3,2.5,1,0,GPLA,0,EM,0,35, ,0, ,0, ,0, ,0,0, ,0,0, ,0,0,0.085865594
288,CA,2019,KAU-2160,3,2.5,1,0,MPAT,0,EF,0,40, ,0, ,0, ,0, ,0,0, ,0,0, ,0,0,0.15848549
289,CA,2019,KAU-2160,3,2.5,1,0,MPAT,0,EF,0,60, ,0, ,0, ,0, ,0,0, ,0,0, ,0,0,0.198239957
290,CA,2019,KAU-2160,3,2.5,1,0,MCAP,0,EF,0,15, ,0, ,0, ,0, ,0,0, ,0,0, ,0,0,0.075688903
291,CA,2019,KAU-2160,3,2.5,1,0,PLOB,0,EM,0,15, ,0, ,0, ,0, ,0,0, ,0,0, ,0,0,0.254023168
292,CA,2019,KAU-2160,3,2.5,1,0,PLOB,0,EM,0,35, ,0, ,0, ,0, ,0,0, ,0,0, ,0,0,0.152795616
293,CA,2019,KAU-2160,3,2.5,1,0,POSP,0,EM,0,93, ,0, ,0, ,0, ,0,0, ,0,0, ,0,0,0.236487336
294,CA,2019,KAU-2160,3,2.5,1,0,PLOB,0,EM,0,3, ,0, ,0, ,0, ,0,0, ,0,0, ,0,0,0.06810323
295,CA,2019,KAU-2160,3,2.5,1,0,PVAR,0,EF,0,60, ,0, ,0, ,0, ,0,0, ,0,0, ,0,0,0.106603658
296,CA,2019,KAU-2160,3,1,1,0,PVAR,0,EF,0,20, ,0, ,0, ,0, ,0,0, ,0,0, ,0,0,0.04937388
297,CA,2019,KAU-2160,3,2.5,1,0,PLOB,0,EF,0,35, ,0, ,0, ,0, ,0,0, ,0,0, ,0,0,0.077964222
298,CA,2019,KAU-2160,3,2.5,1,0,PLOB,0,EM,0,55, ,0, ,0, ,0, ,0,0, ,0,0, ,0,0,0.083862983
299,CA,2019,KAU-2160,3,2.5,1,0,MCAP,0,EM,0,97, ,0, ,0, ,0, ,0,0, ,0,0, ,0,0,0.160329442
300,CA,2019,KAU-2160,3,1,1,0,MCAP,0,EF,0,65, ,0, ,0, ,0, ,0,0, ,0,0, ,0,0,0.035904876
301,CA,2019,KAU-2160,3,2.5,1,0,PLOB,0,ML,0,15, ,0, ,0, ,0, ,0,0, ,0,0, ,0,0,0.069797492
302,CA,2019,KAU-2160,3,2.5,1,0,PDUE,0,ML,0,90, ,0, ,0, ,0, ,0,0, ,0,0, ,0,0,0.220843837
303,CA,2019,KAU-2160,3,2.5,1,0,MCAP,0,EF,0,70, ,0, ,0, ,0, ,0,0, ,0,0, ,0,0,0.136299706
304,CA,2019,KAU-2160,3,1,1,0,MPAT,0,EF,0,0, ,0, ,0, ,0, ,0,0, ,0,0, ,0,0,0.030290924
305,CA,2019,KAU-2160,3,1,1,0,MPAT,0,EF,0,0, ,0, ,0, ,0, ,0,0, ,0,0, ,0,0,0.024820355
306,CA,2019,KAU-2160,3,2.5,1,0,MCAP,0,EF,0,25, ,0, ,0, ,0, ,0,0, ,0,0, ,0,0,0.264233382
307,CA,2019,KAU-2160,3,2.5,1,0,POSP,0,EM,0,65, ,0, ,0, ,0, ,0,0, ,0,0, ,0,0,0.083897377
308,CA,2019,KAU-2160,3,2.5,1,0,PVAR,0,EF,0,80, ,0, ,0, ,0, ,0,0, ,0,0, ,0,0,0.115539128
309,MA,2019,KAU-2160,3,2.5,1,0,PMEA,0,BR,0,0, ,0, ,0, ,0, ,0,0, ,0,0, ,0,0,0.192489817
310,MA,2019,KAU-2160,3,2.5,1,0,PMEA,0,BR,0,0, ,0, ,0, ,0, ,0,0, ,0,0, ,0,0,0.071729004
311,MA,2019,KAU-2160,3,2.5,1,0,PMEA,0,BR,0,0, ,0, ,0, ,0, ,0,0, ,0,0, ,0,0,0.186324985
312,MA,2019,KAU-2160,3,2.5,1,0,PMEA,0,BR,0,10, ,0, ,0, ,0, ,0,0, ,0,0, ,0,0,0.16748388
313,MA,2019,KAU-2160,3,2.5,1,0,PMEA,0,BR,0,0, ,0, ,0, ,0, ,0,0, ,0,0, ,0,0,0.211936335
314,MA,2019,KAU-2160,3,2.5,1,0,PMEA,0,BR,0,0, ,0, ,0, ,0, ,0,0, ,0,0, ,0,0,0.234367234
315,MA,2019,KAU-2160,3,2.5,1,0,PMEA,0,BR,0,0, ,0, ,0, ,0, ,0,0, ,0,0, ,0,0,0.052044788
316,MA,2019,KAU-2160,3,2.5,1,0,PMEA,0,BR,0,0,FISH,2, ,0, ,0, ,0,0, ,0,0, ,0,0,0.197367576
317,MA,2019,KAU-2160,3,2.5,1,0,MPAT,0,EM,0,35, ,0, ,0, ,0,BLE,100,2, ,0,0, ,0,0,0.177123968
318,MA,2019,KAU-2160,3,1,1,0,MPAT,0,EM,0,0, ,0, ,0, ,0, ,0,0, ,0,0, ,0,0,0.029220541
319,MA,2019,KAU-2160,3,1,1,0,MPAT,0,EM,0,0, ,0, ,0, ,0, ,0,0, ,0,0, ,0,0,0.019922349
320,MA,2019,KAU-2160,3,1,1,0,MPAT,0,EM,0,0, ,0, ,0, ,0, ,0,0, ,0,0, ,0,0,0.013583079
321,MA,2019,KAU-2160,3,1,1,0,MPAT,0,EM,0,0, ,0, ,0, ,0, ,0,0, ,0,0, ,0,0,0.024607722
322,MA,2019,KAU-2160,3,2.5,1,0,MPAT,0,EM,0,35, ,0, ,0, ,0,BLE,100,1, ,0,0, ,0,0,0.26411734
323,MA,2019,KAU-2160,3,1,1,0,PLOB,0,EM,0,0, ,0, ,0, ,0, ,0,0, ,0,0, ,0,0,0.02321745
324,MA,2019,KAU-2160,3,2.5,1,0,PLOB,0,MD,0,0, ,0, ,0, ,0, ,0,0, ,0,0, ,0,0,0.101969064
325,MA,2019,KAU-2160,3,2.5,1,0,PDUE,0,ML,0,65, ,0, ,0, ,0, ,0,0, ,0,0, ,0,0,0.188080674
326,MA,2019,KAU-2160,3,2.5,1,0,MPAT,0,EM,0,25, ,0, ,0, ,0,BLE,100,2, ,0,0, ,0,0,0.327516535
327,MA,2019,KAU-2160,3,1,1,0,PLOB,0,MD,0,0, ,0, ,0, ,0, ,0,0, ,0,0, ,0,0,0.047183897
328,MA,2019,KAU-2160,3,1,1,0,PLOB,0,EM,0,0, ,0, ,0, ,0, ,0,0, ,0,0, ,0,0,0.049396355
329,MA,2019,KAU-2160,3,2.5,1,0,MPAT,0,EM,0,10, ,0, ,0, ,0, ,0,0, ,0,0, ,0,0,0.114509825
330,MA,2019,KAU-2160,3,2.5,1,0,MPAT,0,EM,0,40, ,0, ,0, ,0, ,0,0, ,0,0, ,0,0,0.28665746
331,MA,2019,KAU-2160,3,2.5,1,0,MCAP,0,EM,0,10, ,0, ,0, ,0,BLE,100,2, ,0,0, ,0,0,0.065784269
332,MA,2019,KAU-2160,3,2.5,1,0,PVAR,0,EM,0,30, ,0, ,0, ,0, ,0,0, ,0,0, ,0,0,0.106992056
333,MA,2019,KAU-2160,3,2.5,1,0,MPAT,0,EM,0,5, ,0, ,0, ,0,BLE,100,2, ,0,0, ,0,0,0.122329799
334,MA,2019,KAU-2160,3,2.5,1,0,PLOB,0,EM,0,55, ,0, ,0, ,0,BLE,100,2, ,0,0, ,0,0,0.102533116
335,MA,2019,KAU-2160,3,2.5,1,0,MPAT,0,EM,0,0, ,0, ,0, ,0,BLE,100,1, ,0,0, ,0,0,0.059597064
336,MA,2019,KAU-2160,3,2.5,1,0,MPAT,0,EM,0,60, ,0, ,0, ,0, ,0,0, ,0,0, ,0,0,0.084656128
337,MA,2019,KAU-2160,3,2.5,1,0,MPAT,0,EM,0,0, ,0, ,0, ,0, ,0,0, ,0,0, ,0,0,0.061641625
338,MA,2019,KAU-2160,3,2.5,1,0,MPAT,0,EM,0,0, ,0, ,0, ,0,BLE,100,1, ,0,0, ,0,0,0.05718881
339,MA,2019,KAU-2160,3,2.5,1,0,MPAT,0,EM,0,55, ,0, ,0, ,0,BLE,100,1, ,0,0, ,0,0,0.301755531
340,MA,2019,KAU-2160,3,2.5,1,0,MPAT,0,EM,0,70,GAST,4, ,0, ,0, ,0,0, ,0,0, ,0,0,0.090649268
341,MA,2019,KAU-2160,3,2.5,1,0,PLOB,0,MD,0,15, ,0, ,0, ,0,ALG,2,0, ,0,0, ,0,0,0.399223258
342,MA,2019,KAU-2160,3,2.5,1,0,MPAT,0,EM,0,45, ,0, ,0, ,0, ,0,0, ,0,0, ,0,0,0.264472796
343,MA,2019,KAU-2160,3,2.5,1,0,MPAT,0,EM,0,45, ,0, ,0, ,0, ,0,0, ,0,0, ,0,0,0.139453218
344,MA,2019,KAU-2160,3,2.5,1,0,POSP,0,EM,0,60, ,0, ,0, ,0,ALG,3,0, ,0,0, ,0,0,0.332717838
345,MA,2019,KAU-2160,3,2.5,1,0,MPAT,0,EM,0,30, ,0, ,0, ,0, ,0,0, ,0,0, ,0,0,0.119940068
346,MA,2019,KAU-2160,3,2.5,1,0,MPAT,0,EM,0,75,GAST,2, ,0, ,0, ,0,0, ,0,0, ,0,0,0.371280284
347,MA,2019,KAU-2160,3,2.5,1,0,PLOB,0,MD,0,60, ,0, ,0, ,0,ALG,2,0, ,0,0, ,0,0,0.092819448
348,MA,2019,KAU-2160,3,2.5,1,0,PLOB,0,EM,0,55, ,0, ,0, ,0, ,0,0, ,0,0, ,0,0,0.177320191
349,MA,2019,KAU-2160,3,2.5,1,0,PDUE,0,ML,0,80, ,0, ,0, ,0,ALG,3,0, ,0,0, ,0,0,0.231551031
350,MA,2019,KAU-2160,3,2.5,1,0,PVAR,0,EM,0,75, ,0, ,0, ,0, ,0,0, ,0,0, ,0,0,0.166854097
351,MA,2019,KAU-2160,3,2.5,1,0,MPAT,0,EM,0,20, ,0, ,0, ,0, ,0,0, ,0,0, ,0,0,0.08252642
352,MA,2019,KAU-2160,3,1,1,0,MPAT,0,EM,0,0, ,0, ,0, ,0, ,0,0, ,0,0, ,0,0,0.039529735
353,MA,2019,KAU-2160,3,1,1,0,MPAT,0,EM,0,0, ,0, ,0, ,0, ,0,0, ,0,0, ,0,0,0.028157593
354,MA,2019,KAU-2160,3,2.5,1,0,PDUE,0,ML,0,5, ,0, ,0, ,0,ALG,2,0, ,0,0, ,0,0,0.074089811
355,MA,2019,KAU-2160,3,2.5,1,0,MPAT,0,EM,0,7, ,0, ,0, ,0, ,0,0, ,0,0, ,0,0,0.067170381
356,MA,2019,KAU-2160,3,1,1,0,PLOB,0,EM,0,0, ,0, ,0, ,0, ,0,0, ,0,0, ,0,0,0.018047162
357,MA,2019,KAU-2160,3,2.5,1,0,PLOB,0,EM,0,2, ,0, ,0, ,0,ALG,2,0, ,0,0, ,0,0,0.073854587
358,MA,2019,KAU-2160,3,2.5,1,0,PDUE,0,MD,0,5, ,0, ,0, ,0, ,0,0, ,0,0, ,0,0,0.074223514
359,MA,2019,KAU-2160,3,2.5,1,0,PLOB,0,MD,0,55,FISH,2, ,0, ,0,ALG,2,0, ,0,0, ,0,0,0.082575117
360,AH,2019,KAU_2160,3,2.5,1,0,PMEA,0,BR,-1,0, ,0, ,0, ,0, ,0,0, ,0,0, ,0,0,0.180284053
361,AH,2019,KAU_2160,3,2.5,1,0,PMEA,0,BR,0,0, ,0, ,0, ,0, ,0,0, ,0,0, ,0,0,0.070911918
362,AH,2019,KAU_2160,3,2.5,1,0,PMEA,0,BR,0,0, ,0, ,0, ,0, ,0,0, ,0,0, ,0,0,0.05414276
363,AH,2019,KAU_2160,3,2.5,1,0,PMEA,0,BR,0,2, ,0, ,0, ,0,BLE,5,1, ,0,0, ,0,0,0.232621666
364,AH,2019,KAU_2160,3,2.5,1,0,PMEA,0,BR,0,0,PRED,1, ,0, ,0, ,0,0, ,0,0, ,0,0,0.198444475
365,AH,2019,KAU_2160,3,2.5,1,0,PLOB,0,MD,0,2,PRED,1, ,0, ,0, ,0,0, ,0,0, ,0,0,0.099532607
366,AH,2019,KAU_2160,3,2.5,1,0,PMEA,0,BR,0,0,PRED,2, ,0, ,0, ,0,0, ,0,0, ,0,0,0.170617965
367,AH,2019,KAU_2160,3,2.5,1,0,PMEA,0,BR,0,17,TLS,5, ,0, ,0, ,0,0, ,0,0, ,0,0,0.154454523
368,AH,2019,KAU_2160,3,2.5,1,0,PMEA,0,BR,0,0,PRED,1, ,0, ,0, ,0,0, ,0,0, ,0,0,0.209753045
369,AH,2019,KAU_2160,3,2.5,1,0,MPAT,0,EM,0,33,UNKN,1, ,0, ,0,BIN,1,0, ,0,0, ,0,0,0.322642419
370,AH,2019,KAU_2160,3,2.5,1,0,MPAT,0,EF,0,45, ,0, ,0, ,0,BLE,20,1, ,0,0, ,0,0,0.192506649
371,AH,2019,KAU_2160,3,1,1,0,MPAT,0,EM,0,0, ,0, ,0, ,0, ,0,0, ,0,0, ,0,0,0.030886891
372,AH,2019,KAU_2160,3,1,1,0,MPAT,0,EF,0,0, ,0, ,0, ,0, ,0,0, ,0,0, ,0,0,0.031201602
373,AH,2019,KAU_2160,3,2.5,1,0,MPAT,0,EF,0,10, ,0, ,0, ,0, ,0,0, ,0,0, ,0,0,0.082851675
374,AH,2019,KAU_2160,3,2.5,1,0,PDUE,0,ML,0,20, ,0, ,0, ,0, ,0,0, ,0,0, ,0,0,0.070092796
375,AH,2019,KAU_2160,3,2.5,1,0,MOSP,0,EF,0,0, ,0, ,0, ,0, ,0,0, ,0,0, ,0,0,0.054966353
376,AH,2019,KAU_2160,3,2.5,1,0,MPAT,0,EF,0,0, ,0, ,0, ,0, ,0,0, ,0,0, ,0,0,0.059421546
377,AH,2019,KAU_2160,3,2.5,1,0,MPAT,0,EM,0,40, ,0, ,0, ,0, ,0,0, ,0,0, ,0,0,0.265640961
378,AH,2019,KAU_2160,3,2.5,1,0,PDUE,0,ML,0,85, ,0, ,0, ,0, ,0,0, ,0,0, ,0,0,0.267802352
379,AH,2019,KAU_2160,3,2.5,1,0,PVAR,0,EF,0,40, ,0, ,0, ,0, ,0,0, ,0,0, ,0,0,0.105550936
380,AH,2019,KAU_2160,3,2.5,1,0,PMEA,0,BR,-1,90, ,0, ,0, ,0, ,0,0, ,0,0, ,0,0,0.320844091
381,AH,2019,KAU_2160,3,2.5,1,0,MPAT,0,EF,0,60, ,0, ,0, ,0,BLE,10,1, ,0,0, ,0,0,0.262763791
382,AH,2019,KAU_2160,3,2.5,1,0,POSP,0,EM,-1,80, ,0, ,0, ,0, ,0,0, ,0,0, ,0,0,0.13654047
383,AH,2019,KAU_2160,3,1,1,0,MPAT,0,EM,0,0, ,0, ,0, ,0, ,0,0, ,0,0, ,0,0,0.023800001
384,AH,2019,KAU_2160,3,1,1,0,MPAT,0,EM,0,0, ,0, ,0, ,0, ,0,0, ,0,0, ,0,0,0.028770297
385,AH,2019,KAU_2160,3,2.5,1,0,PDUE,0,ML,0,70, ,0, ,0, ,0, ,0,0, ,0,0, ,0,0,0.208162437
386,AH,2019,KAU_2160,3,2.5,1,0,MPAT,0,EF,0,15, ,0, ,0, ,0,BIN,5,0, ,0,0, ,0,0,0.135315816
387,AH,2019,KAU_2160,3,2.5,1,0,MPAT,0,EF,0,65, ,0, ,0, ,0,BIN,1,0, ,0,0, ,0,0,0.290890993
388,AH,2019,KAU_2160,3,2.5,1,0,PLOB,0,MD,0,25, ,0, ,0, ,0, ,0,0, ,0,0, ,0,0,0.397590958
389,AH,2019,KAU_2160,3,2.5,1,0,MPAT,0,MD,0,60, ,0, ,0, ,0, ,0,0, ,0,0, ,0,0,0.118095639
390,AH,2019,KAU_2160,3,2.5,1,0,PLOB,0,MD,0,70, ,0, ,0, ,0, ,0,0, ,0,0, ,0,0,0.368426084
391,AH,2019,KAU_2160,3,2.5,1,0,MPAT,0,EF,0,30, ,0, ,0, ,0, ,0,0, ,0,0, ,0,0,0.141733411
392,AH,2019,KAU_2160,3,2.5,1,0,MPAT,0,EF,0,2, ,0, ,0, ,0, ,0,0, ,0,0, ,0,0,0.05349729
393,AH,2019,KAU_2160,3,2.5,1,0,MPAT,0,EF,0,85, ,0, ,0, ,0,BIN,1,0, ,0,0, ,0,0,0.361095347
394,AH,2019,KAU_2160,3,2.5,1,0,PLOB,0,MD,0,50, ,0, ,0, ,0, ,0,0, ,0,0, ,0,0,0.193853165
395,AH,2019,KAU_2160,3,2.5,1,0,POSP,0,EM,0,45, ,0, ,0, ,0, ,0,0, ,0,0, ,0,0,0.078476812
396,AH,2019,KAU_2160,3,2.5,1,0,POSP,0,EM,0,30, ,0, ,0, ,0, ,0,0, ,0,0, ,0,0,0.110162517
397,AH,2019,KAU_2160,3,2.5,1,0,MPAT,0,EM,0,35, ,0, ,0, ,0,TIN,1,0,BLE,5,1, ,0,0,0.258298819
398,AH,2019,KAU_2160,3,2.5,1,0,POSP,-1,KN,0,70, ,0, ,0, ,0, ,0,0, ,0,0, ,0,0,0.055443124
399,AH,2019,KAU_2160,3,1,1,0,MPAT,0,EM,0,50, ,0, ,0, ,0, ,0,0, ,0,0, ,0,0,0.027052569
400,AH,2019,KAU_2160,3,1,1,-1, ,0, ,0,0, ,0, ,0, ,0, ,0,0, ,0,0, ,0,0,0.002262741
401,FL,2019,KAU_2160,3,2.5,1,0,PMEA,0,BR,0,0, ,0, ,0, ,0, ,0,0, ,0,0, ,0,0,0.191857746
402,FL,2019,KAU_2160,3,2.5,1,0,MPAT,0,EM,0,40, ,0, ,0, ,0, ,0,0, ,0,0, ,0,0,0.195294343
403,FL,2019,KAU_2160,3,2.5,1,0,PMEA,0,BR,-1,85, ,0, ,0, ,0, ,0,0, ,0,0, ,0,0,0.321642053
404,FL,2019,KAU_2160,3,2.5,1,0,PLOB,0,EM,0,10, ,0, ,0, ,0, ,0,0, ,0,0, ,0,0,0.060546924
405,FL,2019,KAU_2160,3,1,1,0,MPAT,0,EM,0,5, ,0, ,0, ,0, ,0,0, ,0,0, ,0,0,0.026511319
406,FL,2019,KAU_2160,3,1,1,0,MPAT,0,EM,0,0, ,0, ,0, ,0, ,0,0, ,0,0, ,0,0,0.038299086
407,FL,2019,KAU_2160,3,1,1,0,PDUE,0,MD,0,15, ,0, ,0, ,0, ,0,0, ,0,0, ,0,0,0.07287009
408,FL,2019,KAU_2160,3,1,1,0,MPAT,0,EM,0,0, ,0, ,0, ,0, ,0,0, ,0,0, ,0,0,0.010847371
409,FL,2019,KAU_2160,3,1,1,0,MPAT,0,EM,0,0, ,0, ,0, ,0, ,0,0, ,0,0, ,0,0,0.016493939
410,FL,2019,KAU_2160,3,1,1,0,MPAT,0,EM,0,0, ,0, ,0, ,0, ,0,0, ,0,0, ,0,0,0.03130575
411,FL,2019,KAU_2160,3,2.5,1,0,PMEA,0,KN,0,0, ,0, ,0, ,0,BLE,100,1, ,0,0, ,0,0,0.055739124
412,FL,2019,KAU_2160,3,2.5,1,0,PVAR,0,EM,0,45, ,0, ,0, ,0, ,0,0, ,0,0, ,0,0,0.104978522
413,FL,2019,KAU_2160,3,2.5,1,0,PMEA,0,BR,0,0, ,0, ,0, ,0, ,0,0, ,0,0, ,0,0,0.212440792
414,FL,2019,KAU_2160,3,2.5,1,0,PLOB,0,EM,0,55, ,0, ,0, ,0, ,0,0, ,0,0, ,0,0,0.063529285
415,FL,2019,KAU_2160,3,2.5,1,0,MPAT,0,EM,0,40, ,0, ,0, ,0, ,0,0, ,0,0, ,0,0,0.357298223
416,FL,2019,KAU_2160,3,1,1,0,MPAT,0,EM,0,0, ,0, ,0, ,0, ,0,0, ,0,0, ,0,0,0.024820354
417,FL,2019,KAU_2160,3,1,1,0,MPAT,0,EM,0,5, ,0, ,0, ,0, ,0,0, ,0,0, ,0,0,0.033225442
418,FL,2019,KAU_2160,3,2.5,1,0,MPAT,0,EM,0,50, ,0, ,0, ,0,BLE,1,0, ,0,0, ,0,0,0.270370579
419,FL,2019,KAU_2160,3,2.5,1,0,PMEA,0,BR,0,0, ,0, ,0, ,0, ,0,0, ,0,0, ,0,0,0.076558475
420,FL,2019,KAU_2160,3,1,1,0,POSP,0,EM,0,0, ,0, ,0, ,0, ,0,0, ,0,0, ,0,0,0.030523598
421,FL,2019,KAU_2160,3,1,1,0,MPAT,0,EM,0,0, ,0, ,0, ,0, ,0,0, ,0,0, ,0,0,0.028006071
422,FL,2019,KAU_2160,3,2.5,1,0,PDUE,0,MD,0,70, ,0, ,0, ,0, ,0,0, ,0,0, ,0,0,0.186036501
423,FL,2019,KAU_2160,3,2.5,1,0,PLOB,0,MD,0,0,PRED,2, ,0, ,0, ,0,0, ,0,0, ,0,0,0.103845751
424,FL,2019,KAU_2160,3,2.5,1,0,MPAT,0,EM,0,35, ,0, ,0, ,0, ,0,0, ,0,0, ,0,0,0.355264888
425,FL,2019,KAU_2160,3,2.5,1,0,PMEA,0,BR,0,5, ,0, ,0, ,0, ,0,0, ,0,0, ,0,0,0.16070896
426,FL,2019,KAU_2160,3,2.5,1,0,PMEA,0,BR,0,0,FISH,1, ,0, ,0, ,0,0, ,0,0, ,0,0,0.184746665
427,FL,2019,KAU-2160,3,2.5,1,0,PMEA,0,BR,0,0,PRED,3, ,0, ,0, ,0,0, ,0,0, ,0,0,0.202671754
428,FL,2019,KAU_2160,3,2.5,1,0,PVAR,0,MD,0,75, ,0, ,0, ,0, ,0,0, ,0,0, ,0,0,0.198140353
429,FL,2019,KAU_2160,3,2.5,1,0,PDUE,0,ML,0,80, ,0, ,0, ,0, ,0,0, ,0,0, ,0,0,0.254857941
430,FL,2019,KAU_2160,3,2.5,1,0,PMEA,0,BR,0,0,PRED,3, ,0, ,0, ,0,0, ,0,0, ,0,0,0.156967385
431,FL,2019,KAU_2160,3,2.5,1,0,PLOB,0,MD,0,15, ,0, ,0, ,0, ,0,0, ,0,0, ,0,0,0.232006421
432,FL,2019,KAU_2160,3,2.5,1,0,PLOB,0,MD,0,15, ,0, ,0, ,0, ,0,0, ,0,0, ,0,0,0.143917651
433,FL,2019,KAU_2160,3,2.5,1,0,PLOB,0,MD,0,40, ,0, ,0, ,0, ,0,0, ,0,0, ,0,0,0.083602033
434,FL,2019,KAU_2160,3,2.5,1,0,PLOB,0,MD,0,45, ,0, ,0, ,0, ,0,0, ,0,0, ,0,0,0.101382148
435,FL,2019,KAU_2160,3,2.5,1,0,MPAT,0,EC,0,70,GAST,2, ,0, ,0, ,0,0, ,0,0, ,0,0,0.342149236
436,FL,2019,KAU_2160,3,2.5,1,0,PLOB,0,EM,0,45, ,0, ,0, ,0, ,0,0, ,0,0, ,0,0,0.167753182
437,FL,2019,KAU_2160,3,2.5,1,0,PLOB,0,EM,0,65, ,0, ,0, ,0, ,0,0, ,0,0, ,0,0,0.382681957
438,FL,2019,KAU_2160,3,2.5,1,0,MPAT,0,MD,0,60, ,0, ,0, ,0,BLE,60,2, ,0,0, ,0,0,0.117819014
439,FL,2019,KAU_2160,3,2.5,1,0,MPAT,0,EM,0,30, ,0, ,0, ,0, ,0,0, ,0,0, ,0,0,0.246694487
440,FL,2019,KAU_2160,3,2.5,1,0,MPAT,0,EM,0,0, ,0, ,0, ,0, ,0,0, ,0,0, ,0,0,0.059597064
441,FL,2019,KAU_2160,3,2.5,1,0,MPAT,0,EM,0,0, ,0, ,0, ,0, ,0,0, ,0,0, ,0,0,0.04642984
442,FL,2019,KAU_2160,3,2.5,1,0,MPAT,0,EM,0,0, ,0, ,0, ,0, ,0,0, ,0,0, ,0,0,0.056310745
443,FL,2019,KAU_2160,3,2.5,1,0,MPAT,0,EM,0,60, ,0, ,0, ,0, ,0,0, ,0,0, ,0,0,0.31029478
444,FL,2019,KAU_2160,3,2.5,1,0,MPAT,0,EM,0,85,PRED,10, ,0, ,0, ,0,0, ,0,0, ,0,0,0.090649268
445,FL,2019,KAU_2160,3,2.5,1,0,POCS,0,EM,0,10, ,0, ,0, ,0, ,0,0, ,0,0, ,0,0,0.058592917
446,FL,2019,KAU_2160,3,2.5,1,0,MPAT,0,EM,0,20, ,0, ,0, ,0, ,0,0, ,0,0, ,0,0,0.15267305
447,FL,2019,KAU_2160,3,1,1,0,PLOB,0,EM,0,0, ,0, ,0, ,0, ,0,0, ,0,0, ,0,0,0.020662043
448,FL,2019,KAU_2160,3,1,1,0,PMEA,0,KN,0,0, ,0, ,0, ,0, ,0,0, ,0,0, ,0,0,0.009121403
449,FL,2019,KAU_2160,3,1,1,0,PMEA,0,KN,0,0, ,0, ,0, ,0, ,0,0, ,0,0, ,0,0,0.01606051
450,FL,2019,KAU_2160,3,2.5,1,0,PLOB,0,EM,0,25, ,0, ,0, ,0, ,0,0, ,0,0, ,0,0,0.110695483
451,FL,2019,KAU_2160,3,2.5,1,0,POSP,0,EM,0,20, ,0, ,0, ,0, ,0,0, ,0,0, ,0,0,0.068400658
452,FL,2019,KAU_2160,3,2.5,1,0,PLOB,0,EM,0,10, ,0, ,0, ,0, ,0,0, ,0,0, ,0,0,0.055894992
453,FL,2019,KAU_2160,3,2.5,1,0,MPAT,0,EM,0,10, ,0, ,0, ,0, ,0,0, ,0,0, ,0,0,0.16741592
454,RS,2019,KAU_2160,3,2.5,1,0,PMEA,0,BR,0,0, ,0, ,0, ,0, ,0,0, ,0,0, ,0,0,0.176041614
455,RS,2019,KAU_2160,3,2.5,1,0,MPAT,0,EM,0,20, ,0, ,0, ,0, ,0,0, ,0,0, ,0,0,0.19885477
456,RS,2019,KAU_2160,3,1,1,0,MPAT,0,EM,0,0, ,0, ,0, ,0, ,0,0, ,0,0, ,0,0,0.028643498
457,RS,2019,KAU_2160,3,1,1,0,MPAT,0,EM,0,0, ,0, ,0, ,0, ,0,0, ,0,0, ,0,0,0.029646754
458,RS,2019,KAU_2160,3,2.5,1,0,MPAT,0,EM,0,40, ,0, ,0, ,0, ,0,0, ,0,0, ,0,0,0.264980244
459,RS,2019,KAU_2160,3,2.5,1,0,PMEA,0,BR,0,0, ,0, ,0, ,0, ,0,0, ,0,0, ,0,0,0.069985856
460,RS,2019,KAU_2160,3,2.5,1,0,PDUE,0,MD,0,80, ,0, ,0, ,0, ,0,0, ,0,0, ,0,0,0.185846199
461,RS,2019,KAU_2160,3,1,1,0,POSP,0,EM,0,0, ,0, ,0, ,0, ,0,0, ,0,0, ,0,0,0.022547062
462,RS,2019,KAU_2160,3,2.5,1,0,MPAT,0,EM,0,25, ,0, ,0, ,0, ,0,0, ,0,0, ,0,0,0.322593396
463,RS,2019,KAU_2160,3,1,1,0,PLOB,0,EM,0,0, ,0, ,0, ,0, ,0,0, ,0,0, ,0,0,0.023055585
464,RS,2019,KAU_2160,3,1,1,0,MPAT,0,EM,0,0, ,0, ,0, ,0, ,0,0, ,0,0, ,0,0,0.03267415
465,RS,2019,KAU_2160,3,2.5,1,0,PMEA,0,BR,0,0, ,0, ,0, ,0, ,0,0, ,0,0, ,0,0,0.211481678
466,RS,2019,KAU_2160,3,2.5,1,0,PMEA,0,BR,0,10, ,0, ,0, ,0, ,0,0, ,0,0, ,0,0,0.167382496
467,RS,2019,KAU_2160,3,2.5,1,0,PMEA,0,BR,0,0,FISH,1, ,0, ,0, ,0,0, ,0,0, ,0,0,0.180511496
468,RS,2019,KAU_2160,3,2.5,1,0,MPAT,0,EM,0,30, ,0, ,0, ,0, ,0,0, ,0,0, ,0,0,0.36210453
469,RS,2019,KAU_2160,3,2.5,1,0,PMEA,0,BR,0,0, ,0, ,0, ,0, ,0,0, ,0,0, ,0,0,0.216093406
470,RS,2019,KAU_2160,3,2.5,1,0,PMEA,0,KN,0,0, ,0, ,0, ,0,BLE,100,1, ,0,0, ,0,0,0.0516462
471,RS,2019,KAU_2160,3,2.5,1,0,PVAR,0,EM,0,35, ,0, ,0, ,0, ,0,0, ,0,0, ,0,0,0.109265273
472,RS,2019,KAU_2160,3,2.5,1,0,PLOB,0,MD,0,50,FISH,1, ,0, ,0, ,0,0, ,0,0, ,0,0,0.070772382
473,RS,2019,KAU_2160,3,1,1,0,MPAT,0,EM,0,0, ,0, ,0, ,0, ,0,0, ,0,0, ,0,0,0.020506097
474,RS,2019,KAU_2160,3,1,1,0,MPAT,0,EM,0,0, ,0, ,0, ,0, ,0,0, ,0,0, ,0,0,0.009575489
475,RS,2019,KAU_2160,3,1,1,0,PMEA,0,KN,0,0, ,0, ,0, ,0, ,0,0, ,0,0, ,0,0,0.01192015
476,RS,2019,KAU_2160,3,2.5,1,0,PDUE,0,MD,0,10, ,0, ,0, ,0, ,0,0, ,0,0, ,0,0,0.07082429
477,RS,2019,KAU_2160,3,2.5,1,0,MPAT,0,EM,0,35, ,0, ,0, ,0, ,0,0, ,0,0, ,0,0,0.064919181
478,RS,2019,KAU_2160,3,2.5,1,0,PLOB,0,EM,0,5, ,0, ,0, ,0, ,0,0, ,0,0, ,0,0,0.059894073
479,RS,2019,KAU_2160,3,1,1,0,PLOB,0,EM,0,0, ,0, ,0, ,0, ,0,0, ,0,0, ,0,0,0.020662043
480,RS,2019,KAU_2160,3,2.5,1,0,PLOB,0,MD,0,0,FISH,1, ,0, ,0, ,0,0, ,0,0, ,0,0,0.100115133
481,RS,2019,KAU_2160,3,1,1,0,POSP,0,MD,0,0, ,0, ,0, ,0, ,0,0, ,0,0, ,0,0,0.017848809
482,RS,2019,KAU_2160,3,2.5,1,0,PMEA,0,BR,0,80, ,0, ,0, ,0, ,0,0, ,0,0, ,0,0,0.30509882
483,RS,2019,KAU_2160,3,2.5,1,0,MCAP,0,EM,0,10, ,0, ,0, ,0,BLE,100,2, ,0,0, ,0,0,0.09514079
484,RS,2019,KAU_2160,3,1,1,0,MPAT,0,EM,0,15, ,0, ,0, ,0, ,0,0, ,0,0, ,0,0,0.029990831
485,RS,2019,KAU_2160,3,2.5,1,0,MPAT,0,EM,0,10, ,0, ,0, ,0, ,0,0, ,0,0, ,0,0,0.180255818
486,RS,2019,KAU_2160,3,2.5,1,0,MPAT,0,MD,0,0, ,0, ,0, ,0, ,0,0, ,0,0, ,0,0,0.060336556
487,RS,2019,KAU_2160,3,2.5,1,0,PLOB,0,EM,0,5, ,0, ,0, ,0,BLE,90,1, ,0,0, ,0,0,0.060599094
488,RS,2019,KAU_2160,3,2.5,1,0,MPAT,0,EM,0,45, ,0, ,0, ,0, ,0,0, ,0,0, ,0,0,0.238148378
489,RS,2019,KAU_2160,3,2.5,1,0,MPAT,0,EM,0,25, ,0, ,0, ,0, ,0,0, ,0,0, ,0,0,0.055692459
490,RS,2019,KAU_2160,3,2.5,1,0,MPAT,0,EM,0,65, ,0, ,0, ,0, ,0,0, ,0,0, ,0,0,0.221878457
491,RS,2019,KAU_2160,3,2.5,1,0,MPAT,0,EM,0,0, ,0, ,0, ,0, ,0,0, ,0,0, ,0,0,0.055092379
492,RS,2019,KAU_2160,3,2.5,1,0,MPAT,0,EM,0,80,PRED,7, ,0, ,0, ,0,0, ,0,0, ,0,0,0.104814598
493,RS,2019,KAU_2160,3,2.5,1,0,PLOB,0,MD,0,25,GAST,1, ,0, ,0, ,0,0, ,0,0, ,0,0,0.401671634
494,RS,2019,KAU_2160,3,2.5,1,0,MPAT,0,EM,0,35, ,0, ,0, ,0, ,0,0, ,0,0, ,0,0,0.268952208
495,RS,2019,KAU_2160,3,2.5,1,0,PLOB,0,EM,0,70, ,0, ,0, ,0, ,0,0, ,0,0, ,0,0,0.324927715
496,RS,2019,KAU_2160,3,2.5,1,0,MPAT,0,EM,0,40, ,0, ,0, ,0,BLE,50,2, ,0,0, ,0,0,0.112517954
497,RS,2019,KAU_2160,3,2.5,1,0,MPAT,0,MD,0,10, ,0, ,0, ,0, ,0,0, ,0,0, ,0,0,0.053972585
498,RS,2019,KAU_2160,3,2.5,1,0,MPAT,0,EM,0,10, ,0, ,0, ,0, ,0,0, ,0,0, ,0,0,0.076621146
499,RS,2019,KAU_2160,3,2.5,1,0,MPAT,0,EM,0,80, ,0, ,0, ,0, ,0,0, ,0,0, ,0,0,0.075041655
500,RS,2019,KAU_2160,3,2.5,1,0,MPAT,0,EM,0,60,GAST,2, ,0, ,0, ,0,0, ,0,0, ,0,0,0.28323356
501,RS,2019,KAU_2160,3,2.5,1,0,PLOB,0,EM,0,10, ,0, ,0, ,0, ,0,0, ,0,0, ,0,0,0.054694241
502,RS,2019,KAU_2160,3,2.5,1,0,PLOB,0,MD,0,35, ,0, ,0, ,0, ,0,0, ,0,0, ,0,0,0.086579732
503,RS,2019,KAU_2160,3,2.5,1,0,PLOB,0,MD,0,75, ,0, ,0, ,0, ,0,0, ,0,0, ,0,0,0.081972008
506,CA,2019,OAH-3234,3,1,1,0,PMEA,0,BR,0,0, ,0, ,0, ,0, ,0,0, ,0,0, ,0,0,0.046324615
507,CA,2019,OAH-3234,3,2.5,1,0,MPAT,0,EF,0,12, ,0, ,0, ,0, ,0,0, ,0,0, ,0,0,0.082815759
508,CA,2019,OAH-3234,3,1,1,0,PLOB,0,EM,0,0, ,0, ,0, ,0, ,0,0, ,0,0, ,0,0,0.013792752
509,CA,2019,OAH-3234,3,2.5,1,0,PMEA,0,BR,0,0, ,0, ,0, ,0, ,0,0, ,0,0, ,0,0,0.053907327
510,CA,2019,OAH-3234,3,2.5,1,0,PMEA,0,BR,0,0, ,0, ,0, ,0, ,0,0, ,0,0, ,0,0,0.050644842
511,CA,2019,OAH-3234,3,2.5,1,0,PLOB,0,EM,0,15, ,0, ,0, ,0, ,0,0, ,0,0, ,0,0,0.114701743
512,CA,2019,OAH-3234,3,2.5,1,0,POSP,0,EM,0,5, ,0, ,0, ,0, ,0,0, ,0,0, ,0,0,0.057405574
513,CA,2019,OAH-3234,3,2.5,1,0,MPAT,0,EF,0,75, ,0, ,0, ,0, ,0,0, ,0,0, ,0,0,0.175523132
514,CA,2019,OAH-3234,3,2.5,1,0,PMEA,0,BR,0,0, ,0, ,0, ,0, ,0,0, ,0,0, ,0,0,0.0715
515,MA,2019,OAH-3234,3,1,1,0,POSP,0,EM,0,0, ,0, ,0, ,0, ,0,0, ,0,0, ,0,0,0.013514807
516,MA,2019,OAH-3234,3,1,1,0,POSP,0,EM,0,0, ,0, ,0, ,0, ,0,0, ,0,0, ,0,0,0.010028459
517,MA,2019,OAH-3234,3,1,1,0,POSP,0,EM,0,0, ,0, ,0, ,0, ,0,0, ,0,0, ,0,0,0.01636154
518,MA,2019,OAH-3234,3,1,1,0,POSP,0,EM,0,0, ,0, ,0, ,0, ,0,0, ,0,0, ,0,0,0.014561936
519,MA,2019,OAH-3234,3,1,1,0,POSP,0,EM,0,0, ,0, ,0, ,0, ,0,0, ,0,0, ,0,0,0.012658989
520,MA,2019,OAH-3234,3,1,1,0,POSP,0,EM,0,0, ,0, ,0, ,0, ,0,0, ,0,0, ,0,0,0.018300001
521,MA,2019,OAH-3234,3,2.5,1,0,PMEA,0,BR,0,0, ,0, ,0, ,0, ,0,0, ,0,0, ,0,0,0.053354099
522,MA,2019,OAH-3234,3,1,1,0,POSP,0,EM,0,0, ,0, ,0, ,0, ,0,0, ,0,0, ,0,0,0.013756817
523,MA,2019,OAH-3234,3,2.5,1,0,PLOB,0,EM,0,5, ,0, ,0, ,0, ,0,0, ,0,0, ,0,0,0.114208319
524,MA,2019,OAH-3234,3,2.5,1,0,PMEA,0,BR,0,0, ,0, ,0, ,0, ,0,0, ,0,0, ,0,0,0.050949485
525,MA,2019,OAH-3234,3,2.5,1,0,MPAT,0,EM,0,65, ,0, ,0, ,0, ,0,0, ,0,0, ,0,0,0.175015714
526,MA,2019,OAH-3234,3,1,1,0,MPAT,0,EM,0,10, ,0, ,0, ,0, ,0,0, ,0,0, ,0,0,0.048917992
527,MA,2019,OAH-3234,3,2.5,1,0,POSP,0,EM,0,0, ,0, ,0, ,0, ,0,0, ,0,0, ,0,0,0.059685844
528,MA,2019,OAH-3234,3,2.5,1,0,MPAT,0,EM,0,45, ,0, ,0, ,0, ,0,0, ,0,0, ,0,0,0.060723719
529,MA,2019,OAH-3234,3,2.5,1,0,PMEA,0,BR,0,0, ,0, ,0, ,0, ,0,0, ,0,0, ,0,0,0.069152151
530,MA,2019,OAH-3234,3,2.5,1,0,MPAT,0,EM,0,0, ,0, ,0, ,0, ,0,0, ,0,0, ,0,0,0.089894382
531,MA,2019,OAH-3234,3,1,1,0,PMEA,0,BR,0,0, ,0, ,0, ,0, ,0,0, ,0,0, ,0,0,0.047975515
532,MA,2019,OAH-3234,3,1,1,0,MCAP,0,EM,0,0, ,0, ,0, ,0, ,0,0, ,0,0, ,0,0,0.013603308
533,MA,2019,OAH-3234,3,1,1,0,MPAT,0,EM,0,0, ,0, ,0, ,0, ,0,0, ,0,0, ,0,0,0.040201617
534,MA,2019,OAH-3234,3,1,1,0,UNKN,0,EM,0,0, ,0, ,0, ,0, ,0,0, ,0,0, ,0,0,0.015261062
535,MA,2019,OAH-3234,3,1,1,0,UNKN,0,EM,0,0, ,0, ,0, ,0, ,0,0, ,0,0, ,0,0,0.019949185
536,MA,2019,OAH-3234,3,2.5,1,0,UNKN,0,EM,0,0, ,0, ,0, ,0, ,0,0, ,0,0, ,0,0,0.067201934
537,MA,2019,OAH-3234,3,1,1,0,UNKN,0,EM,0,0, ,0, ,0, ,0, ,0,0, ,0,0, ,0,0,0.012349089
538,AH,2019,OAH_3234,3,1,1,0,MOSP,0,EF,0,0, ,0, ,0, ,0,BLE,100,3, ,0,0, ,0,0,0.024315268
539,AH,2019,OAH_3234,3,1,1,0,MOSP,-1,EF,0,0, ,0, ,0, ,0,BLE,100,3, ,0,0, ,0,0,0.019904019
540,AH,2019,OAH_3234,3,1,1,0,MOSP,0,EF,0,30, ,0, ,0, ,0,BLE,100,2, ,0,0, ,0,0,0.04517278
541,AH,2019,OAH_3234,3,1,1,0,UNKN,0,EF,0,0, ,0, ,0, ,0,BLE,100,3, ,0,0, ,0,0,0.012938701
542,AH,2019,OAH_3234,3,1,1,0,PMEA,0,BR,0,0, ,0, ,0, ,0, ,0,0, ,0,0, ,0,0,0.047160682
543,AH,2019,OAH_3234,3,2.5,1,0,MPAT,0,EM,0,5, ,0, ,0, ,0, ,0,0, ,0,0, ,0,0,0.085737565
544,AH,2019,OAH_3234,3,2.5,1,0,PMEA,0,BR,0,0, ,0, ,0, ,0, ,0,0, ,0,0, ,0,0,0.070277521
545,AH,2019,OAH_3234,3,2.5,1,0,PLOB,0,EM,0,5, ,0, ,0, ,0, ,0,0, ,0,0, ,0,0,0.062379645
546,AH,2019,OAH_3234,3,2.5,1,0,PMEA,0,BR,0,0, ,0, ,0, ,0, ,0,0, ,0,0, ,0,0,0.050626968
547,AH,2019,OAH_3234,3,2.5,1,0,MPAT,0,EM,0,70, ,0, ,0, ,0, ,0,0, ,0,0, ,0,0,0.173623605
548,AH,2019,OAH_3234,3,2.5,1,0,PLIC,0,EM,-1,20, ,0, ,0, ,0, ,0,0, ,0,0, ,0,0,0.119042261
549,AH,2019,OAH_3234,3,2.5,1,0,PMEA,0,BR,0,0, ,0, ,0, ,0, ,0,0, ,0,0, ,0,0,0.050977054
550,AH,2019,OAH_3234,3,2.5,1,0,PMEA,0,BR,0,0, ,0, ,0, ,0, ,0,0, ,0,0, ,0,0,0.053500374
551,AH,2019,OAH_3234,3,1,1,0,POSP,0,EF,0,0, ,0, ,0, ,0, ,0,0, ,0,0, ,0,0,0.017826599
552,AH,2019,OAH_3234,3,1,1,0,POSP,0,EF,0,0, ,0, ,0, ,0, ,0,0, ,0,0, ,0,0,0.013917615
553,FL,2019,OAH_3234,3,1,1,0,MPAT,0,EC,0,0, ,0, ,0, ,0, ,0,0, ,0,0, ,0,0,0.020143733
554,FL,2019,OAH_3234,3,1,1,0,MPAT,0,EC,0,0, ,0, ,0, ,0, ,0,0, ,0,0, ,0,0,0.026420068
555,FL,2019,OAH_3234,3,1,1,0,MPAT,0,EC,0,0, ,0, ,0, ,0, ,0,0, ,0,0, ,0,0,0.022222511
556,FL,2019,OAH_3234,3,1,1,0,MPAT,0,EC,0,0, ,0, ,0, ,0, ,0,0, ,0,0, ,0,0,0.040452688
557,FL,2019,OAH_3234,3,1,1,0,MPAT,0,EC,0,0, ,0, ,0, ,0, ,0,0, ,0,0, ,0,0,0.019091882
558,FL,2019,OAH_3234,3,2.5,1,0,PMEA,0,BR,0,0, ,0, ,0, ,0, ,0,0, ,0,0, ,0,0,0.055082846
559,FL,2019,OAH_3234,3,1,1,0,MPAT,0,EC,0,0, ,0, ,0, ,0, ,0,0, ,0,0, ,0,0,0.020536066
560,FL,2019,OAH_3234,3,2.5,1,0,MPAT,0,EC,0,0, ,0, ,0, ,0, ,0,0, ,0,0, ,0,0,0.075598744
561,FL,2019,OAH_3234,3,2.5,1,0,PMEA,0,BR,0,0, ,0, ,0, ,0, ,0,0, ,0,0, ,0,0,0.061123645
562,FL,2019,OAH_3234,3,2.5,1,0,PMEA,0,BR,0,0, ,0, ,0, ,0, ,0,0, ,0,0, ,0,0,0.050866984
563,FL,2019,OAH_3234,3,1,1,0,POSP,0,EC,0,0, ,0, ,0, ,0, ,0,0, ,0,0, ,0,0,0.013917615
564,FL,2019,OAH_3234,3,1,1,0,POSP,0,EC,0,0, ,0, ,0, ,0, ,0,0, ,0,0, ,0,0,0.016101243
565,FL,2019,OAH_3234,3,2.5,1,0,PLOB,0,MD,0,0, ,0, ,0, ,0, ,0,0, ,0,0, ,0,0,0.062379645
566,FL,2019,OAH_3234,3,2.5,1,0,MPAT,0,EC,0,50, ,0, ,0, ,0, ,0,0, ,0,0, ,0,0,0.171871143
567,FL,2019,OAH_3234,3,2.5,1,0,PMEA,0,BR,0,0, ,0, ,0, ,0, ,0,0, ,0,0, ,0,0,0.050626968
568,FL,2019,OAH_3234,3,2.5,1,0,PLOB,0,EM,0,3, ,0, ,0, ,0, ,0,0, ,0,0, ,0,0,0.1167317
569,FL,2019,OAH_3234,3,1,1,0,PMEA,0,BR,0,0, ,0, ,0, ,0, ,0,0, ,0,0, ,0,0,0.043376146
570,RS,2019,OAH_3234,3,1,1,0,PMEA,0,KN,0,0, ,0, ,0, ,0,BLE,100,1, ,0,0, ,0,0,0.0467
571,RS,2019,OAH_3234,3,1,1,0,PMEA,0,KN,0,0, ,0, ,0, ,0, ,0,0, ,0,0, ,0,0,0.042292788
572,RS,2019,OAH_3234,3,2.5,1,0,PMEA,0,KN,0,0, ,0, ,0, ,0, ,0,0, ,0,0, ,0,0,0.073292427
573,RS,2019,OAH_3234,3,2.5,1,0,PMEA,0,KN,0,0, ,0, ,0, ,0, ,0,0, ,0,0, ,0,0,0.055615195
574,RS,2019,OAH_3234,3,2.5,1,0,PLOB,0,MD,0,0, ,0, ,0, ,0, ,0,0, ,0,0, ,0,0,0.054215589
575,RS,2019,OAH_3234,3,2.5,1,0,MPAT,0,EM,0,60, ,0, ,0, ,0, ,0,0, ,0,0, ,0,0,0.236857975
576,RS,2019,OAH_3234,3,2.5,1,0,PLOB,0,MD,0,5, ,0, ,0, ,0, ,0,0, ,0,0, ,0,0,0.114147494
577,RS,2019,OAH_3234,3,2.5,1,0,MPAT,0,EM,0,0, ,0, ,0, ,0, ,0,0, ,0,0, ,0,0,0.079125027
578,RS,2019,OAH_3234,3,2.5,1,0,PVAR,0,EM,0,60, ,0, ,0, ,0, ,0,0, ,0,0, ,0,0,0.090018054
579,RS,2019,OAH_3234,3,1,1,0,PVAR,0,EM,0,0, ,0, ,0, ,0, ,0,0, ,0,0, ,0,0,0.02081466
580,RS,2019,OAH_3234,3,1,1,0,PLOB,0,EM,0,0, ,0, ,0, ,0, ,0,0, ,0,0, ,0,0,0.016161683
581,RS,2019,OAH_3234,3,1,1,0,PLOB,0,EM,0,0, ,0, ,0, ,0, ,0,0, ,0,0, ,0,0,0.017541379
582,RS,2019,OAH_3234,3,1,1,0,POSP,0,EM,0,0, ,0, ,0, ,0, ,0,0, ,0,0, ,0,0,0.013576818
583,RS,2019,OAH_3234,3,1,1,0,POSP,0,EM,0,0, ,0, ,0, ,0, ,0,0, ,0,0, ,0,0,0.014847559
584,RS,2019,OAH_3234,3,1,1,0,PMEA,0,EM,0,0, ,0, ,0, ,0, ,0,0, ,0,0, ,0,0,0.015008332
585,RS,2019,OAH_3234,3,1,1,0,MCAP,0,EM,0,0, ,0, ,0, ,0, ,0,0, ,0,0, ,0,0,0.012965339
586,RS,2019,OAH_3234,3,1,1,0,MPAT,0,EM,0,0, ,0, ,0, ,0, ,0,0, ,0,0, ,0,0,0.013535139
587,RS,2019,OAH_3234,3,1,1,0,MPAT,0,EM,0,0, ,0, ,0, ,0, ,0,0, ,0,0, ,0,0,0.020536066
588,RS,2019,OAH_3234,3,1,1,0,MPAT,0,EM,0,0, ,0, ,0, ,0, ,0,0, ,0,0, ,0,0,0.040363597
589,RS,2019,OAH_3234,3,1,1,0,MPAT,0,EM,0,0, ,0, ,0, ,0, ,0,0, ,0,0, ,0,0,0.024185326
590,RS,2019,OAH_3234,3,1,1,0,MPAT,0,EM,0,0, ,0, ,0, ,0, ,0,0, ,0,0, ,0,0,0.019604081
591,RS,2019,OAH_3234,3,1,1,0,MPAT,0,EM,0,0, ,0, ,0, ,0, ,0,0, ,0,0, ,0,0,0.010235722
592,RS,2019,OAH_3234,3,1,1,0,MPAT,0,EM,0,0, ,0, ,0, ,0, ,0,0, ,0,0, ,0,0,0.00750733
593,CA,2019,HAW-4294,3,2.5,1,0,PLOB,0,EM,0,7, ,0, ,0, ,0, ,0,0, ,0,0, ,0,0,0.116435948
594,CA,2019,HAW-4294,3,2.5,1,0,PCOM,0,KN,0,20, ,0, ,0, ,0, ,0,0, ,0,0, ,0,0,0.15944209
595,CA,2019,HAW-4294,3,2.5,1,0,PCOM,0,BR,0,10, ,0, ,0, ,0, ,0,0, ,0,0, ,0,0,0.127318853
596,CA,2019,HAW-4294,3,2.5,1,0,PCOM,0,EM,0,5, ,0, ,0, ,0, ,0,0, ,0,0, ,0,0,0.113373057
597,CA,2019,HAW-4294,3,2.5,1,0,PCOM,0,KN,0,10, ,0, ,0, ,0, ,0,0, ,0,0, ,0,0,0.09121058
598,CA,2019,HAW-4294,3,2.5,1,0,PLOB,0,KN,0,10, ,0, ,0, ,0, ,0,0, ,0,0, ,0,0,0.081693206
599,CA,2019,HAW-4294,3,2.5,1,0,PLOB,0,EM,0,0, ,0, ,0, ,0, ,0,0, ,0,0, ,0,0,0.070345719
600,CA,2019,HAW-4294,3,2.5,1,0,PCOM,0,BR,0,0, ,0, ,0, ,0, ,0,0, ,0,0, ,0,0,0.067816001
601,CA,2019,HAW-4294,3,2.5,1,0,PCOM,0,EM,0,0, ,0, ,0, ,0, ,0,0, ,0,0, ,0,0,0.085742521
602,CA,2019,HAW-4294,3,2.5,1,0,PCOM,0,BR,0,30, ,0, ,0, ,0, ,0,0, ,0,0, ,0,0,0.159808008
603,CA,2019,HAW-4294,3,2.5,1,0,PCOM,0,BR,0,1, ,0, ,0, ,0, ,0,0, ,0,0, ,0,0,0.183948498
604,CA,2019,HAW-4294,3,2.5,1,0,PCOM,0,KN,0,10, ,0, ,0, ,0, ,0,0, ,0,0, ,0,0,0.116825341
605,CA,2019,HAW-4294,3,2.5,1,0,PCOM,0,KN,0,25, ,0, ,0, ,0, ,0,0, ,0,0, ,0,0,0.115008391
606,CA,2019,HAW-4294,3,2.5,1,0,PCOM,0,KN,0,0, ,0, ,0, ,0, ,0,0, ,0,0, ,0,0,0.057812975
607,CA,2019,HAW-4294,3,2.5,1,0,PCOM,0,KN,0,8, ,0, ,0, ,0, ,0,0, ,0,0, ,0,0,0.1036851
608,CA,2019,HAW-4294,3,1,1,0,PCOM,0,EM,0,0, ,0, ,0, ,0, ,0,0, ,0,0, ,0,0,0.0192
609,CA,2019,HAW-4294,3,2.5,1,0,PCOM,0,KN,0,5, ,0, ,0, ,0, ,0,0, ,0,0, ,0,0,0.19863829
610,CA,2019,HAW-4294,3,2.5,1,0,PCOM,0,BR,0,20, ,0, ,0, ,0, ,0,0, ,0,0, ,0,0,0.501740033
611,CA,2019,HAW-4294,3,2.5,1,0,PCOM,0,BR,0,2, ,0, ,0, ,0, ,0,0, ,0,0, ,0,0,0.14729647
612,CA,2019,HAW-4294,3,2.5,1,0,PCOM,0,KN,0,10, ,0, ,0, ,0, ,0,0, ,0,0, ,0,0,0.113174556
613,CA,2019,HAW-4294,3,2.5,1,0,PCOM,0,KN,0,30, ,0, ,0, ,0, ,0,0, ,0,0, ,0,0,0.181133542
614,CA,2019,HAW-4294,3,2.5,1,0,PCOM,0,KN,0,5, ,0, ,0, ,0, ,0,0, ,0,0, ,0,0,0.152538586
615,CA,2019,HAW-4294,3,2.5,1,0,PCOM,0,KN,0,0, ,0, ,0, ,0, ,0,0, ,0,0, ,0,0,0.081036412
616,CA,2019,HAW-4294,3,1,1,0,PCOM,0,KN,0,0, ,0, ,0, ,0, ,0,0, ,0,0, ,0,0,0.029255084
617,CA,2019,HAW-4294,3,2.5,1,0,PCOM,-1,BR,0,20, ,0, ,0, ,0, ,0,0, ,0,0, ,0,0,0.240420715
618,CA,2019,HAW-4294,3,2.5,1,0,PCOM,0,KN,0,0, ,0, ,0, ,0, ,0,0, ,0,0, ,0,0,0.05338024
619,CA,2019,HAW-4294,3,2.5,1,0,PCOM,0,KN,0,2, ,0, ,0, ,0, ,0,0, ,0,0, ,0,0,0.065910925
620,CA,2019,HAW-4294,3,2.5,1,0,PCOM,0,BR,0,5, ,0, ,0, ,0, ,0,0, ,0,0, ,0,0,0.064877809
621,CA,2019,HAW-4294,3,2.5,1,0,PCOM,0,EM,0,4, ,0, ,0, ,0, ,0,0, ,0,0, ,0,0,0.072885734
622,CA,2019,HAW-4294,3,2.5,1,0,PLOB,0,EM,0,1, ,0, ,0, ,0, ,0,0, ,0,0, ,0,0,0.078132323
623,CA,2019,HAW-4294,3,2.5,1,0,PCOM,0,KN,0,0, ,0, ,0, ,0, ,0,0, ,0,0, ,0,0,0.086102496
624,CA,2019,HAW-4294,3,2.5,1,0,PCOM,-1,EM,0,60, ,0, ,0, ,0, ,0,0, ,0,0, ,0,0,0.053421063
625,CA,2019,HAW-4294,3,2.5,1,0,PCOM,-1,BR,0,30, ,0, ,0, ,0, ,0,0, ,0,0, ,0,0,0.180747918
626,CA,2019,HAW-4294,3,2.5,1,0,PCOM,0,KN,0,2, ,0, ,0, ,0, ,0,0, ,0,0, ,0,0,0.058671373
627,CA,2019,HAW-4294,3,2.5,1,0,PCOM,-1,KN,0,2, ,0, ,0, ,0, ,0,0, ,0,0, ,0,0,0.057306981
628,CA,2019,HAW-4294,3,2.5,1,0,PCOM,-1,BR,0,80, ,0, ,0, ,0, ,0,0, ,0,0, ,0,0,0.130476817
629,CA,2019,HAW-4294,3,2.5,1,0,PCOM,0,KN,0,50, ,0, ,0, ,0, ,0,0, ,0,0, ,0,0,2.079382034
630,CA,2019,HAW-4294,3,2.5,1,0,PCOM,0,KN,0,70, ,0, ,0, ,0, ,0,0, ,0,0, ,0,0,0.504181555
631,CA,2019,HAW-4294,3,2.5,1,0,PLOB,0,EM,0,3, ,0, ,0, ,0, ,0,0, ,0,0, ,0,0,0.09170409
632,CA,2019,HAW-4294,3,2.5,1,0,PLOB,0,EM,0,0, ,0, ,0, ,0, ,0,0, ,0,0, ,0,0,0.099410462
633,CA,2019,HAW-4294,3,2.5,1,0,PVAR,0,EF,-1,25, ,0, ,0, ,0, ,0,0, ,0,0, ,0,0,3.885041809
634,CA,2019,HAW-4294,3,2.5,1,0,PLOB,0,EM,0,75, ,0, ,0, ,0, ,0,0, ,0,0, ,0,0,0.141474662
635,CA,2019,HAW-4294,3,2.5,1,0,PMAL,0,EF,0,5, ,0, ,0, ,0, ,0,0, ,0,0, ,0,0,0.06473832
636,CA,2019,HAW-4294,3,2.5,1,0,PCOM,0,KN,0,55, ,0, ,0, ,0, ,0,0, ,0,0, ,0,0,0.281685375
637,CA,2019,HAW-4294,3,2.5,1,0,PCOM,0,BR,0,8, ,0, ,0, ,0, ,0,0, ,0,0, ,0,0,0.167674834
638,CA,2019,HAW-4294,3,2.5,1,0,PCOM,0,BR,0,35, ,0, ,0, ,0, ,0,0, ,0,0, ,0,0,0.139518636
639,CA,2019,HAW-4294,3,2.5,1,0,PCOM,0,BR,0,10, ,0, ,0, ,0, ,0,0, ,0,0, ,0,0,0.121259557
640,CA,2019,HAW-4294,3,2.5,1,0,PCOM,0,KN,0,85, ,0, ,0, ,0, ,0,0, ,0,0, ,0,0,0.141877764
641,CA,2019,HAW-4294,3,2.5,1,0,PCOM,0,KN,0,85, ,0, ,0, ,0, ,0,0, ,0,0, ,0,0,0.209031767
642,MA,2019,HAW-4294,3,2.5,1,0,PCOM,0,EC,0,15, ,0, ,0, ,0, ,0,0, ,0,0, ,0,0,0.114288144
643,MA,2019,HAW-4294,3,2.5,1,0,PCOM,0,EC,0,0,FISH,3, ,0, ,0, ,0,0, ,0,0, ,0,0,0.102539065
644,MA,2019,HAW-4294,3,2.5,1,0,PLOB,0,MD,0,40, ,0, ,0, ,0, ,0,0, ,0,0, ,0,0,0.157901362
645,MA,2019,HAW-4294,3,2.5,1,0,PCOM,0,EM,0,5, ,0, ,0, ,0, ,0,0, ,0,0, ,0,0,0.091387581
646,MA,2019,HAW-4294,3,2.5,1,0,PCOM,0,BR,0,0, ,0, ,0, ,0, ,0,0, ,0,0, ,0,0,0.052469896
647,MA,2019,HAW-4294,3,2.5,1,0,PCOM,0,BR,0,10, ,0, ,0, ,0, ,0,0, ,0,0, ,0,0,0.156898215
648,MA,2019,HAW-4294,3,2.5,1,0,PCOM,0,BR,0,20, ,0, ,0, ,0, ,0,0, ,0,0, ,0,0,0.497523476
649,MA,2019,HAW-4294,3,2.5,1,0,PCOM,0,BR,0,40, ,0, ,0, ,0, ,0,0, ,0,0, ,0,0,0.445034156
650,MA,2019,HAW-4294,3,1,1,0,PCOM,0,KN,0,0, ,0, ,0, ,0, ,0,0, ,0,0, ,0,0,0.032086134
651,MA,2019,HAW-4294,3,1,1,0,PCOM,0,KN,0,0, ,0, ,0, ,0, ,0,0, ,0,0, ,0,0,0.014469969
652,MA,2019,HAW-4294,3,2.5,1,0,PCOM,0,EC,0,15, ,0, ,0, ,0, ,0,0, ,0,0, ,0,0,0.121775942
653,MA,2019,HAW-4294,3,1,1,0,PCOM,0,KN,0,0, ,0, ,0, ,0, ,0,0, ,0,0, ,0,0,0.031726645
654,MA,2019,HAW-4294,3,2.5,1,0,PCOM,-1,BR,0,80, ,0, ,0, ,0, ,0,0, ,0,0, ,0,0,0.163409088
655,MA,2019,HAW-4294,3,2.5,1,0,PCOM,0,BR,0,25, ,0, ,0, ,0, ,0,0, ,0,0, ,0,0,0.237372639
656,MA,2019,HAW-4294,3,2.5,1,0,PCOM,0,CO,0,30, ,0, ,0, ,0, ,0,0, ,0,0, ,0,0,0.213854014
657,MA,2019,HAW-4294,3,2.5,1,0,PCOM,0,EC,0,0, ,0, ,0, ,0, ,0,0, ,0,0, ,0,0,0.075804223
658,MA,2019,HAW-4294,3,2.5,1,0,PCOM,0,BR,0,5, ,0, ,0, ,0, ,0,0, ,0,0, ,0,0,0.119209814
659,MA,2019,HAW-4294,3,2.5,1,0,PCOM,0,CO,0,3, ,0, ,0, ,0, ,0,0, ,0,0, ,0,0,0.083356164
660,MA,2019,HAW-4294,3,2.5,1,0,PCOM,0,BR,0,70, ,0, ,0, ,0, ,0,0, ,0,0, ,0,0,0.249138215
661,MA,2019,HAW-4294,3,2.5,1,0,PCOM,-1,BR,0,20, ,0, ,0, ,0, ,0,0, ,0,0, ,0,0,0.165068501
662,MA,2019,HAW-4294,3,2.5,1,0,POSP,0,MD,0,3, ,0, ,0, ,0, ,0,0, ,0,0, ,0,0,0.084407642
663,MA,2019,HAW-4294,3,2.5,1,0,PCOM,0,BR,0,0, ,0, ,0, ,0, ,0,0, ,0,0, ,0,0,0.198834831
664,MA,2019,HAW-4294,3,2.5,1,0,PCOM,0,BR,0,30, ,0, ,0, ,0, ,0,0, ,0,0, ,0,0,0.420388974
665,MA,2019,HAW-4294,3,2.5,1,0,PCOM,0,BR,0,5, ,0, ,0, ,0, ,0,0, ,0,0, ,0,0,0.113501586
666,MA,2019,HAW-4294,3,2.5,1,0,PCOM,0,BR,0,10, ,0, ,0, ,0, ,0,0, ,0,0, ,0,0,0.079184341
667,MA,2019,HAW-4294,3,2.5,1,0,PCOM,0,BR,0,5, ,0, ,0, ,0,BLE,10,1, ,0,0, ,0,0,0.172511594
668,MA,2019,HAW-4294,3,2.5,1,0,PCOM,0,EC,0,2, ,0, ,0, ,0, ,0,0, ,0,0, ,0,0,0.073348279
669,MA,2019,HAW-4294,3,2.5,1,0,PCOM,-1,BR,0,25, ,0, ,0, ,0, ,0,0, ,0,0, ,0,0,0.073447259
670,MA,2019,HAW-4294,3,2.5,1,0,PCOM,0,CO,0,5, ,0, ,0, ,0, ,0,0, ,0,0, ,0,0,0.075307702
671,MA,2019,HAW-4294,3,2.5,1,0,PCOM,0,CO,0,25,PRED,3, ,0, ,0,ALG,2,0, ,0,0, ,0,0,1.528208641
672,MA,2019,HAW-4294,3,2.5,1,0,PCOM,0,BR,0,5, ,0, ,0, ,0, ,0,0, ,0,0, ,0,0,0.206555294
673,MA,2019,HAW-4294,3,2.5,1,0,PCOM,0,EC,0,0, ,0, ,0, ,0, ,0,0, ,0,0, ,0,0,0.108973575
674,MA,2019,HAW-4294,3,2.5,1,0,PCOM,0,CO,0,0, ,0, ,0, ,0, ,0,0, ,0,0, ,0,0,0.063972494
675,MA,2019,HAW-4294,3,2.5,1,0,PCOM,0,BR,0,10, ,0, ,0, ,0, ,0,0, ,0,0, ,0,0,0.404545733
676,MA,2019,HAW-4294,3,2.5,1,0,POSP,0,MD,0,45, ,0, ,0, ,0, ,0,0, ,0,0, ,0,0,0.276162271
677,MA,2019,HAW-4294,3,2.5,1,0,PCOM,0,KN,0,0, ,0, ,0, ,0, ,0,0, ,0,0, ,0,0,0.054280936
678,MA,2019,HAW-4294,3,2.5,1,0,PCOM,-1,BR,0,70, ,0, ,0, ,0, ,0,0, ,0,0, ,0,0,0.154970256
679,MA,2019,HAW-4294,3,2.5,1,0,PCOM,-1,BR,0,30, ,0, ,0, ,0, ,0,0, ,0,0, ,0,0,0.186069369
680,MA,2019,HAW-4294,3,2.5,1,0,PCOM,0,EC,0,15, ,0, ,0, ,0, ,0,0, ,0,0, ,0,0,0.144782906
681,MA,2019,HAW-4294,3,2.5,1,0,PCOM,0,KN,0,0, ,0, ,0, ,0, ,0,0, ,0,0, ,0,0,0.060529414
682,MA,2019,HAW-4294,3,2.5,1,0,PVAR,0,EM,0,3, ,0, ,0, ,0, ,0,0, ,0,0, ,0,0,0.082024204
683,MA,2019,HAW-4294,3,2.5,1,0,PCOM,0,BR,0,5, ,0, ,0, ,0, ,0,0, ,0,0, ,0,0,0.233229266
684,MA,2019,HAW-4294,3,2.5,1,0,PCOM,0,KN,0,3, ,0, ,0, ,0, ,0,0, ,0,0, ,0,0,0.059634303
685,MA,2019,HAW-4294,3,2.5,1,0,PCOM,0,EC,0,10, ,0, ,0, ,0, ,0,0, ,0,0, ,0,0,0.093528873
686,MA,2019,HAW-4294,3,2.5,1,0,PCOM,-1,BR,0,20, ,0, ,0, ,0, ,0,0, ,0,0, ,0,0,0.245178831
687,MA,2019,HAW-4294,3,2.5,1,0,PLOB,0,MD,0,5, ,0, ,0, ,0, ,0,0, ,0,0, ,0,0,0.11449214
688,MA,2019,HAW-4294,3,2.5,1,0,PCOM,0,BR,0,3, ,0, ,0, ,0, ,0,0, ,0,0, ,0,0,0.162800123
689,MA,2019,HAW-4294,3,1,1,0,PCOM,0,EC,0,0, ,0, ,0, ,0, ,0,0, ,0,0, ,0,0,0.032112458
690,MA,2019,HAW-4294,3,2.5,1,0,PCOM,0,BR,0,0, ,0, ,0, ,0, ,0,0, ,0,0, ,0,0,0.089048359
691,MA,2019,HAW-4294,3,2.5,1,0,PCOM,0,BR,0,5, ,0, ,0, ,0, ,0,0, ,0,0, ,0,0,0.130869133
692,MA,2019,HAW-4294,3,2.5,1,0,PCOM,0,BR,0,10, ,0, ,0, ,0, ,0,0, ,0,0, ,0,0,0.122794543
693,MA,2019,HAW-4294,3,2.5,1,0,PCOM,0,BR,0,10, ,0, ,0, ,0, ,0,0, ,0,0, ,0,0,0.147506238
694,MA,2019,HAW-4294,3,2.5,1,0,PCOM,0,BR,0,20, ,0, ,0, ,0, ,0,0, ,0,0, ,0,0,0.27867194
695,MA,2019,HAW-4294,3,2.5,1,0,PCOM,0,BR,0,0, ,0, ,0, ,0, ,0,0, ,0,0, ,0,0,0.059339364
696,MA,2019,HAW-4294,3,2.5,1,0,PVAR,0,EM,-1,0, ,0, ,0, ,0, ,0,0, ,0,0, ,0,0,2.621982594
697,MA,2019,HAW-4294,3,2.5,1,0,PCOM,0,KN,0,20, ,0, ,0, ,0, ,0,0, ,0,0, ,0,0,0.114875671
698,MA,2019,HAW-4294,3,2.5,1,0,PCOM,0,BR,0,0,PRED,3, ,0, ,0, ,0,0, ,0,0, ,0,0,0.170576963
699,MA,2019,HAW-4294,3,2.5,1,0,PCOM,0,MD,0,5, ,0, ,0, ,0, ,0,0, ,0,0, ,0,0,0.082462356
700,MA,2019,HAW-4294,3,2.5,1,0,PCOM,0,BR,0,0, ,0, ,0, ,0, ,0,0, ,0,0, ,0,0,0.084240607
701,MA,2019,HAW-4294,3,2.5,1,0,PCOM,0,BR,0,0, ,0, ,0, ,0, ,0,0, ,0,0, ,0,0,0.070873972
702,AH,2019,HAW-4294,3,2.5,1,0,PCOM,0,BR,0,10, ,0, ,0, ,0, ,0,0, ,0,0, ,0,0,0.129881947
703,AH,2019,HAW-4294,3,2.5,1,0,PCOM,0,BR,0,0, ,0, ,0, ,0, ,0,0, ,0,0, ,0,0,0.06832313
704,AH,2019,HAW-4294,3,2.5,1,0,PCOM,0,BR,0,40, ,0, ,0, ,0, ,0,0, ,0,0, ,0,0,0.148308126
705,AH,2019,HAW-4294,3,2.5,1,0,PCOM,0,BR,0,40, ,0, ,0, ,0, ,0,0, ,0,0, ,0,0,0.177329438
706,AH,2019,HAW-4294,3,2.5,1,0,PCOM,0,BR,0,0, ,0, ,0, ,0, ,0,0, ,0,0, ,0,0,0.016760072
707,AH,2019,HAW-4294,3,2.5,1,0,PCOM,0,BR,0,0, ,0, ,0, ,0, ,0,0, ,0,0, ,0,0,0.018216475
708,AH,2019,HAW-4294,3,2.5,1,0,PCOM,0,BR,0,0, ,0, ,0, ,0, ,0,0, ,0,0, ,0,0,0.02000025
709,AH,2019,HAW-4294,3,2.5,1,0,PVAR,0,EF,0,30, ,0, ,0, ,0, ,0,0, ,0,0, ,0,0,0.048518553
710,AH,2019,HAW-4294,3,2.5,1,0,PCOM,0,BR,0,2, ,0, ,0, ,0, ,0,0, ,0,0, ,0,0,0.144355568
711,AH,2019,HAW-4294,3,2.5,1,0,PCOM,0,BR,0,3, ,0, ,0, ,0, ,0,0, ,0,0, ,0,0,0.241317923
712,AH,2019,HAW-4294,3,2.5,1,0,PCOM,0,BR,0,30, ,0, ,0, ,0, ,0,0, ,0,0, ,0,0,0.099078223
713,AH,2019,HAW-4294,3,2.5,1,0,PCOM,0,BR,0,2, ,0, ,0, ,0, ,0,0, ,0,0, ,0,0,0.12829127
714,AH,2019,HAW-4294,3,2.5,1,0,PCOM,0,BR,0,15, ,0, ,0, ,0, ,0,0, ,0,0, ,0,0,0.080460736
715,AH,2019,HAW-4294,3,2.5,1,0,PCOM,0,BR,0,0, ,0, ,0, ,0, ,0,0, ,0,0, ,0,0,0.026265187
716,AH,2019,HAW-4294,3,2.5,1,0,PCOM,0,BR,0,20, ,0, ,0, ,0, ,0,0, ,0,0, ,0,0,0.19119647
717,AH,2019,HAW-4294,3,2.5,1,0,PVAR,0,EF,0,50, ,0, ,0, ,0, ,0,0, ,0,0, ,0,0,0.06267639
718,AH,2019,HAW-4294,3,2.5,1,0,PCOM,0,BR,0,65, ,0, ,0, ,0, ,0,0, ,0,0, ,0,0,0.155187145
719,AH,2019,HAW-4294,3,2.5,1,0,PLOB,0,MD,0,8, ,0, ,0, ,0, ,0,0, ,0,0, ,0,0,0.122891214
720,AH,2019,HAW-4294,3,2.5,1,0,PCOM,0,BR,0,2, ,0, ,0, ,0, ,0,0, ,0,0, ,0,0,0.085478945
721,AH,2019,HAW-4294,3,2.5,1,0,PCOM,0,BR,0,20, ,0, ,0, ,0, ,0,0, ,0,0, ,0,0,0.430049544
722,AH,2019,HAW-4294,3,2.5,1,0,PCOM,0,BR,0,33, ,0, ,0, ,0, ,0,0, ,0,0, ,0,0,0.289878681
723,AH,2019,HAW-4294,3,2.5,1,0,PCOM,0,BR,0,20, ,0, ,0, ,0, ,0,0, ,0,0, ,0,0,0.125147273
724,AH,2019,HAW-4294,3,2.5,1,0,PCOM,0,BR,0,25, ,0, ,0, ,0,BLE,100,1, ,0,0, ,0,0,0.071044
725,AH,2019,HAW-4294,3,2.5,1,0,PCOM,0,BR,0,15, ,0, ,0, ,0, ,0,0, ,0,0, ,0,0,0.073683105
726,AH,2019,HAW-4294,3,2.5,1,0,PVAR,0,EF,0,65, ,0, ,0, ,0, ,0,0, ,0,0, ,0,0,0.186212889
727,AH,2019,HAW-4294,3,2.5,1,0,PCOM,0,BR,0,17, ,0, ,0, ,0, ,0,0, ,0,0, ,0,0,0.23098645
728,AH,2019,HAW-4294,3,2.5,1,0,PCOM,0,BR,0,1, ,0, ,0, ,0, ,0,0, ,0,0, ,0,0,0.060843159
729,AH,2019,HAW-4294,3,2.5,1,0,PCOM,0,BR,0,40, ,0, ,0, ,0, ,0,0, ,0,0, ,0,0,0.174915208
730,AH,2019,HAW-4294,3,2.5,1,0,PCOM,0,BR,0,30, ,0, ,0, ,0, ,0,0, ,0,0, ,0,0,0.14795675
731,AH,2019,HAW-4294,3,2.5,1,0,PCOM,0,EF,0,85, ,0, ,0, ,0, ,0,0, ,0,0, ,0,0,0.156568261
732,AH,2019,HAW-4294,3,2.5,1,0,PCOM,0,BR,0,60, ,0, ,0, ,0,BLE,35,1, ,0,0, ,0,0,0.085057216
733,AH,2019,HAW-4294,3,2.5,1,0,PVAR,0,EF,0,15, ,0, ,0, ,0, ,0,0, ,0,0, ,0,0,0.077828337
734,AH,2019,HAW-4294,3,2.5,1,0,PCOM,0,BR,0,20, ,0, ,0, ,0, ,0,0, ,0,0, ,0,0,1.284194196
735,AH,2019,HAW-4294,3,2.5,1,0,PVAR,0,EF,0,30, ,0, ,0, ,0, ,0,0, ,0,0, ,0,0,0.56882892
736,AH,2019,HAW-4294,3,2.5,1,0,PLOB,0,MD,0,50, ,0, ,0, ,0, ,0,0, ,0,0, ,0,0,0.190406407
737,AH,2019,HAW-4294,3,2.5,1,0,PLOB,0,EM,0,70, ,0, ,0, ,0, ,0,0, ,0,0, ,0,0,0.180663887
738,AH,2019,HAW-4294,3,2.5,1,0,PCOM,0,BR,0,10, ,0, ,0, ,0, ,0,0, ,0,0, ,0,0,0.209478328
739,AH,2019,HAW-4294,3,2.5,1,0,PCOM,0,BR,0,3, ,0, ,0, ,0, ,0,0, ,0,0, ,0,0,0.194514498
740,AH,2019,HAW-4294,3,2.5,1,0,PCOM,0,KN,0,5, ,0, ,0, ,0, ,0,0, ,0,0, ,0,0,0.179744262
741,AH,2019,HAW-4294,3,2.5,1,0,PCOM,0,BR,0,0,PRED,50, ,0, ,0,BLE,0,0, ,0,0, ,0,0,0.050266888
742,AH,2019,HAW-4294,3,2.5,1,0,PCOM,0,KN,0,0, ,0, ,0, ,0, ,0,0, ,0,0, ,0,0,0.049673435
743,AH,2019,HAW-4294,3,2.5,1,0,PCOM,0,BR,0,40, ,0, ,0, ,0, ,0,0, ,0,0, ,0,0,0.281351543
744,AH,2019,HAW-4294,3,2.5,1,0,PCOM,0,KN,0,50, ,0, ,0, ,0, ,0,0, ,0,0, ,0,0,0.159631732
745,AH,2019,HAW-4294,3,2.5,1,0,PCOM,0,KN,0,35, ,0, ,0, ,0,DIS,60,0, ,0,0, ,0,0,0.097196811
746,AH,2019,HAW-4294,3,2.5,1,0,PCOM,0,KN,0,2, ,0, ,0, ,0, ,0,0, ,0,0, ,0,0,0.081620157
747,AH,2019,HAW-4294,3,2.5,1,0,PCOM,0,KN,0,15, ,0, ,0, ,0, ,0,0, ,0,0, ,0,0,0.062300963
748,AH,2019,HAW-4294,3,2.5,1,0,PCOM,0,BR,0,5,PRED,3, ,0, ,0, ,0,0, ,0,0, ,0,0,0.162988988
749,AH,2019,HAW-4294,3,2.5,1,0,PCOM,0,BR,0,70, ,0, ,0, ,0,DIS,30,0, ,0,0, ,0,0,0.428104953
750,AH,2019,HAW-4294,3,2.5,1,0,PCOM,0,BR,0,1, ,0, ,0, ,0, ,0,0, ,0,0, ,0,0,0.122420995
751,AH,2019,HAW-4294,3,2.5,1,0,PCOM,0,KN,0,0, ,0, ,0, ,0, ,0,0, ,0,0, ,0,0,0.076144402
752,AH,2019,HAW-4294,3,2.5,1,0,PCOM,0,KN,0,15, ,0, ,0, ,0, ,0,0, ,0,0, ,0,0,0.085383839
753,AH,2019,HAW-4294,3,2.5,1,0,PCOM,0,BR,0,80, ,0, ,0, ,0, ,0,0, ,0,0, ,0,0,0.136541276
754,AH,2019,HAW-4294,3,2.5,1,0,PCOM,0,KN,0,25, ,0, ,0, ,0, ,0,0, ,0,0, ,0,0,0.159606641
755,AH,2019,HAW-4294,3,2.5,1,0,PCOM,0,BR,0,15, ,0, ,0, ,0, ,0,0, ,0,0, ,0,0,0.116218501
756,AH,2019,HAW-4294,3,2.5,1,0,PCOM,0,BR,0,20, ,0, ,0, ,0, ,0,0, ,0,0, ,0,0,0.484128516
757,AH,2019,HAW-4294,3,2.5,1,0,PCOM,0,BR,0,3, ,0, ,0, ,0, ,0,0, ,0,0, ,0,0,0.159307564
758,AH,2019,HAW-4294,3,2.5,1,0,PCOM,0,BR,0,15,UNKN,5, ,0, ,0, ,0,0, ,0,0, ,0,0,0.15832135
759,AH,2019,HAW-4294,3,2.5,1,0,POSP,0,EM,0,5, ,0, ,0, ,0, ,0,0, ,0,0, ,0,0,0.086802074
760,AH,2019,HAW-4294,3,2.5,1,0,PCOM,0,KN,0,25, ,0, ,0, ,0, ,0,0, ,0,0, ,0,0,0.108111516
761,AH,2019,HAW-4294,3,2.5,1,0,PCOM,0,KN,0,0, ,0, ,0, ,0, ,0,0, ,0,0, ,0,0,0.041990593
762,AH,2019,HAW-4294,3,2.5,1,0,PCOM,0,KN,0,0, ,0, ,0, ,0, ,0,0, ,0,0, ,0,0,0.014469969
763,AH,2019,HAW-4294,3,2.5,1,0,PCOM,0,BR,0,50, ,0, ,0, ,0, ,0,0, ,0,0, ,0,0,0.447241556
764,AH,2019,HAW-4294,3,2.5,1,0,PCOM,0,CO,0,30, ,0, ,0, ,0, ,0,0, ,0,0, ,0,0,0.219545714
765,AH,2019,HAW-4294,3,2.5,1,0,PCOM,0,CO,0,5,UNKN,20, ,0, ,0, ,0,0, ,0,0, ,0,0,0.081494171
766,FL,2019,HAW-4294,5,2.5,1,0,PCOM,0,KN,0,0, ,0, ,0, ,0, ,0,0, ,0,0, ,0,0,0.091419089
767,FL,2019,HAW-4294,5,2.5,1,0,PCOM,0,KN,0,15, ,0, ,0, ,0, ,0,0, ,0,0, ,0,0,1.320760629
768,FL,2019,HAW-4294,5,2.5,1,0,PLOB,0,MD,0,40, ,0, ,0, ,0, ,0,0, ,0,0, ,0,0,0.150018832
769,FL,2019,HAW-4294,5,2.5,1,0,PCOM,0,KN,0,0, ,0, ,0, ,0, ,0,0, ,0,0, ,0,0,0.066376578
770,FL,2019,HAW-4294,5,2.5,1,0,PCOM,0,KN,0,0,PRED,10, ,0, ,0, ,0,0, ,0,0, ,0,0,0.066376578
771,FL,2019,HAW-4294,5,2.5,1,0,PCOM,0,BR,0,25, ,0, ,0, ,0, ,0,0, ,0,0, ,0,0,0.092407413
772,FL,2019,HAW-4294,5,2.5,1,0,PCOM,0,BR,0,0, ,0, ,0, ,0, ,0,0, ,0,0, ,0,0,0.079921272
773,FL,2019,HAW-4294,5,2.5,1,0,PCOM,0,KN,0,25, ,0, ,0, ,0, ,0,0, ,0,0, ,0,0,0.113817398
774,FL,2019,HAW-4294,5,2.5,1,0,PCOM,0,BR,0,0, ,0, ,0, ,0, ,0,0, ,0,0, ,0,0,0.144554557
775,FL,2019,HAW-4294,5,2.5,1,0,PCOM,0,BR,0,15, ,0, ,0, ,0, ,0,0, ,0,0, ,0,0,0.430631398
776,FL,2019,HAW-4294,5,2.5,1,0,PCOM,0,BR,0,10, ,0, ,0, ,0, ,0,0, ,0,0, ,0,0,0.142802136
777,FL,2019,HAW-4294,5,2.5,1,0,PCOM,0,KN,0,10, ,0, ,0, ,0, ,0,0, ,0,0, ,0,0,0.146201574
778,FL,2019,HAW-4294,5,2.5,1,0,PLOB,0,MD,0,5, ,0, ,0, ,0, ,0,0, ,0,0, ,0,0,0.120953307
779,FL,2019,HAW-4294,5,2.5,1,0,PVAR,0,EC,0,0, ,0, ,0, ,0, ,0,0, ,0,0, ,0,0,0.190214309
780,FL,2019,HAW-4294,5,2.5,1,0,PVAR,0,EC,0,0, ,0, ,0, ,0, ,0,0, ,0,0, ,0,0,0.070292603
781,FL,2019,HAW-4294,5,2.5,1,0,PCOM,0,KN,0,15, ,0, ,0, ,0, ,0,0, ,0,0, ,0,0,0
782,FL,2019,HAW-4294,5,2.5,1,0,PVAR,0,EC,0,30, ,0, ,0, ,0, ,0,0, ,0,0, ,0,0,0.059405219
783,FL,2019,HAW-4294,5,2.5,1,0,PCOM,0,BR,0,3, ,0, ,0, ,0, ,0,0, ,0,0, ,0,0,0.1395439
784,FL,2019,HAW-4294,5,2.5,1,0,PCOM,0,BR,0,3, ,0, ,0, ,0, ,0,0, ,0,0, ,0,0,0.121524359
785,FL,2019,HAW-4294,5,2.5,1,0,PCOM,0,BR,0,40, ,0, ,0, ,0, ,0,0, ,0,0, ,0,0,0.122794543
786,FL,2019,HAW-4294,5,2.5,1,0,PCOM,0,BR,0,0, ,0, ,0, ,0, ,0,0, ,0,0, ,0,0,0.12920685
787,FL,2019,HAW-4294,5,2.5,1,0,PCOM,0,BR,0,0, ,0, ,0, ,0, ,0,0, ,0,0, ,0,0,0.173829457
788,FL,2019,HAW-4294,5,2.5,1,0,PCOM,0,BR,0,0, ,0, ,0, ,0, ,0,0, ,0,0, ,0,0,0.20546574
789,FL,2019,HAW-4294,5,2.5,1,0,PCOM,0,KN,0,20, ,0, ,0, ,0, ,0,0, ,0,0, ,0,0,0.204633233
790,FL,2019,HAW-4294,5,2.5,1,0,PCOM,0,BR,0,40, ,0, ,0, ,0, ,0,0, ,0,0, ,0,0,0.289916573
791,FL,2019,HAW-4294,5,2.5,1,0,PCOM,0,BR,0,20, ,0, ,0, ,0, ,0,0, ,0,0, ,0,0,0.428898927
792,FL,2019,HAW-4294,5,2.5,1,0,PCOM,0,BR,0,0, ,0, ,0, ,0, ,0,0, ,0,0, ,0,0,0.119661272
793,FL,2019,HAW-4294,5,2.5,1,0,PCOM,0,MD,0,0, ,0, ,0, ,0, ,0,0, ,0,0, ,0,0,0.075804223
794,FL,2019,HAW-4294,5,2.5,1,0,PCOM,0,BR,0,60, ,0, ,0, ,0, ,0,0, ,0,0, ,0,0,0.148324575
795,FL,2019,HAW-4294,5,1,1,0,PCOM,0,BR,0,0, ,0, ,0, ,0, ,0,0, ,0,0, ,0,0,0.029982662
796,FL,2019,HAW-4294,5,2.5,1,0,PCOM,0,BR,0,20, ,0, ,0, ,0, ,0,0, ,0,0, ,0,0,0.174331295
797,FL,2019,HAW-4294,5,2.5,1,0,PCOM,0,BR,0,50, ,0, ,0, ,0, ,0,0, ,0,0, ,0,0,0.129041466
798,FL,2019,HAW-4294,5,2.5,1,0,PCOM,0,BR,0,0, ,0, ,0, ,0, ,0,0, ,0,0, ,0,0,0.084763967
799,FL,2019,HAW-4294,5,1,1,0,PCOM,0,EM,0,0, ,0, ,0, ,0, ,0,0, ,0,0, ,0,0,0.026265187
800,FL,2019,HAW-4294,5,2.5,1,0,PCOM,0,BR,0,5, ,0, ,0, ,0, ,0,0, ,0,0, ,0,0,0.092869802
801,FL,2019,HAW-4294,5,2.5,1,0,PCOM,0,BR,0,25, ,0, ,0, ,0, ,0,0, ,0,0, ,0,0,0.140227315
802,FL,2019,HAW-4294,5,1,1,0,PCOM,0,BR,0,0, ,0, ,0, ,0, ,0,0, ,0,0, ,0,0,0.046774886
803,FL,2019,HAW-4294,5,2.5,1,0,PCOM,0,BR,0,0, ,0, ,0, ,0, ,0,0, ,0,0, ,0,0,0.206555294
804,FL,2019,HAW-4294,5,2.5,1,0,PCOM,0,BR,0,20, ,0, ,0, ,0, ,0,0, ,0,0, ,0,0,0.275284615
805,FL,2019,HAW-4294,5,2.5,1,0,PCOM,0,MD,0,30, ,0, ,0, ,0, ,0,0, ,0,0, ,0,0,0.209566648
806,FL,2019,HAW-4294,5,2.5,1,0,PLOB,0,EM,0,60, ,0, ,0, ,0, ,0,0, ,0,0, ,0,0,0.170276775
807,FL,2019,HAW-4294,5,2.5,1,0,PCOM,0,KN,0,40, ,0, ,0, ,0, ,0,0, ,0,0, ,0,0,0.143116911
808,FL,2019,HAW-4294,5,2.5,1,0,PCOM,0,EM,0,0, ,0, ,0, ,0, ,0,0, ,0,0, ,0,0,0.081527051
809,FL,2019,HAW-4294,5,2.5,1,0,PCOM,0,EM,0,15, ,0, ,0, ,0, ,0,0, ,0,0, ,0,0,0.062300963
810,FL,2019,HAW-4294,5,2.5,1,0,PCOM,0,CO,0,15,PRED,40, ,0, ,0, ,0,0, ,0,0, ,0,0,0.059394359
811,FL,2019,HAW-4294,5,2.5,1,0,PCOM,0,CO,0,10, ,0, ,0, ,0, ,0,0, ,0,0, ,0,0,0.207778971
812,FL,2019,HAW-4294,5,2.5,1,0,PCOM,0,BR,0,10, ,0, ,0, ,0, ,0,0, ,0,0, ,0,0,0.150705308
813,FL,2019,HAW-4294,5,2.5,1,0,PCOM,0,KN,0,0, ,0, ,0, ,0, ,0,0, ,0,0, ,0,0,0.166832251
814,FL,2019,HAW-4294,5,2.5,1,0,PCOM,0,KN,0,40, ,0, ,0, ,0, ,0,0, ,0,0, ,0,0,0.137027076
815,FL,2019,HAW-4294,5,1,1,0,PCOM,0,MD,0,0, ,0, ,0, ,0, ,0,0, ,0,0, ,0,0,0.049673435
816,FL,2019,HAW-4294,5,2.5,1,0,PCOM,0,KN,0,10, ,0, ,0, ,0, ,0,0, ,0,0, ,0,0,0.200777539
817,FL,2019,HAW-4294,5,2.5,1,0,PCOM,0,BR,0,80, ,0, ,0, ,0, ,0,0, ,0,0, ,0,0,0.148789382
818,RS,2019,HAW-4294,5,2.5,1,0,PCOM,0,MD,0,5, ,0, ,0, ,0, ,0,0, ,0,0, ,0,0,0.113405643
819,RS,2019,HAW-4294,5,2.5,1,0,PCOM,0,BR,0,10, ,0, ,0, ,0, ,0,0, ,0,0, ,0,0,0.502541033
820,RS,2019,HAW-4294,5,2.5,1,0,PCOM,0,KN,0,0,PRED,5, ,0, ,0, ,0,0, ,0,0, ,0,0,0.091419089
821,RS,2019,HAW-4294,5,2.5,1,0,PCOM,0,BR,0,30, ,0, ,0, ,0, ,0,0, ,0,0, ,0,0,0.122301471
822,RS,2019,HAW-4294,5,2.5,1,0,PCOM,0,BR,0,0, ,0, ,0, ,0, ,0,0, ,0,0, ,0,0,0.079921272
823,RS,2019,HAW-4294,5,2.5,1,0,PCOM,0,BR,0,0, ,0, ,0, ,0, ,0,0, ,0,0, ,0,0,0.132307408
824,RS,2019,HAW-4294,5,2.5,1,0,PCOM,0,KN,0,20, ,0, ,0, ,0, ,0,0, ,0,0, ,0,0,0.126043564
825,RS,2019,HAW-4294,5,2.5,1,0,PCOM,0,BR,0,15, ,0, ,0, ,0, ,0,0, ,0,0, ,0,0,0.236742244
826,RS,2019,HAW-4294,5,2.5,1,0,PLOB,0,MD,0,20, ,0, ,0, ,0, ,0,0, ,0,0, ,0,0,0.149713894
827,RS,2019,HAW-4294,5,2.5,1,0,PCOM,0,BR,0,20, ,0, ,0, ,0, ,0,0, ,0,0, ,0,0,0.189960444
828,RS,2019,HAW-4294,5,2.5,1,0,PLOB,0,MD,0,5, ,0, ,0, ,0, ,0,0, ,0,0, ,0,0,0.106716915
829,RS,2019,HAW-4294,5,2.5,1,0,PCOM,0,BR,0,0, ,0, ,0, ,0, ,0,0, ,0,0, ,0,0,0.087453758
830,RS,2019,HAW-4294,5,2.5,1,0,PCOM,0,BR,0,15, ,0, ,0, ,0, ,0,0, ,0,0, ,0,0,0.186404104
831,RS,2019,HAW-4294,5,2.5,1,0,PCOM,0,BR,0,15, ,0, ,0, ,0,BLE,5,2, ,0,0, ,0,0,0.421954049
832,RS,2019,HAW-4294,5,2.5,1,0,PCOM,0,BR,0,0, ,0, ,0, ,0, ,0,0, ,0,0, ,0,0,0.199045924
833,RS,2019,HAW-4294,5,2.5,1,0,PCOM,0,BR,0,30, ,0, ,0, ,0, ,0,0, ,0,0, ,0,0,0.131107169
834,RS,2019,HAW-4294,5,2.5,1,0,PCOM,0,MD,0,0, ,0, ,0, ,0, ,0,0, ,0,0, ,0,0,0.086786231
835,RS,2019,HAW-4294,5,2.5,1,0,PCOM,0,BR,0,5, ,0, ,0, ,0, ,0,0, ,0,0, ,0,0,0.122983942
836,RS,2019,HAW-4294,5,2.5,1,0,PCOM,0,MD,0,0, ,0, ,0, ,0, ,0,0, ,0,0, ,0,0,0.075586044
837,RS,2019,HAW-4294,5,2.5,1,0,PCOM,0,CO,0,20, ,0, ,0, ,0, ,0,0, ,0,0, ,0,0,0.21089905
838,RS,2019,HAW-4294,5,1,1,0,PCOM,0,MD,0,0, ,0, ,0, ,0, ,0,0, ,0,0, ,0,0,0.043727566
839,RS,2019,HAW-4294,5,2.5,1,0,PCOM,0,BR,0,5, ,0, ,0, ,0, ,0,0, ,0,0, ,0,0,0.152171021
840,RS,2019,HAW-4294,5,2.5,1,0,PCOM,0,KN,0,0,DAMG,5, ,0, ,0, ,0,0, ,0,0, ,0,0,0.066945426
841,RS,2019,HAW-4294,5,2.5,1,0,PCOM,0,BR,0,0, ,0, ,0, ,0, ,0,0, ,0,0, ,0,0,0.135662411
842,RS,2019,HAW-4294,5,2.5,1,0,PVAR,0,EM,0,30, ,0, ,0, ,0, ,0,0, ,0,0, ,0,0,0.081297725
843,RS,2019,HAW-4294,5,1,1,0,PVAR,0,EM,0,0, ,0, ,0, ,0, ,0,0, ,0,0, ,0,0,0.030168195
844,RS,2019,HAW-4294,5,2.5,1,0,PCOM,0,BR,0,20, ,0, ,0, ,0, ,0,0, ,0,0, ,0,0,0.127694518
845,RS,2019,HAW-4294,5,2.5,1,0,PCOM,0,BR,0,10, ,0, ,0, ,0, ,0,0, ,0,0, ,0,0,0.102374851
846,RS,2019,HAW-4294,5,2.5,1,0,PCOM,0,MD,0,0, ,0, ,0, ,0, ,0,0, ,0,0, ,0,0,0.075886889
847,RS,2019,HAW-4294,5,2.5,1,0,PCOM,0,BR,0,5, ,0, ,0, ,0, ,0,0, ,0,0, ,0,0,0.123021989
848,RS,2019,HAW-4294,5,2.5,1,0,PVAR,0,EM,0,20, ,0, ,0, ,0, ,0,0, ,0,0, ,0,0,0.187696164
849,RS,2019,HAW-4294,5,2.5,1,0,PCOM,0,BR,0,10, ,0, ,0, ,0, ,0,0, ,0,0, ,0,0,0.207184653
850,RS,2019,HAW-4294,5,2.5,1,0,PCOM,0,BR,0,25, ,0, ,0, ,0, ,0,0, ,0,0, ,0,0,0.176812272
851,RS,2019,HAW-4294,5,2.5,1,0,PCOM,0,BR,0,10, ,0, ,0, ,0, ,0,0, ,0,0, ,0,0,0.203026329
852,RS,2019,HAW-4294,5,2.5,1,0,PCOM,0,BR,0,5, ,0, ,0, ,0, ,0,0, ,0,0, ,0,0,0.097822798
853,RS,2019,HAW-4294,5,2.5,1,0,PCOM,0,BR,0,10, ,0, ,0, ,0, ,0,0, ,0,0, ,0,0,0.106482862
854,RS,2019,HAW-4294,5,2.5,1,0,PCOM,0,BR,0,10, ,0, ,0, ,0, ,0,0, ,0,0, ,0,0,0.133192868
855,RS,2019,HAW-4294,5,2.5,1,0,PVAR,0,EM,0,5, ,0, ,0, ,0, ,0,0, ,0,0, ,0,0,0.079726094
856,RS,2019,HAW-4294,5,2.5,1,0,PCOM,0,MD,0,0, ,0, ,0, ,0, ,0,0, ,0,0, ,0,0,0.053948493
857,RS,2019,HAW-4294,5,2.5,1,0,PCOM,-1,BR,0,0, ,0, ,0, ,0, ,0,0, ,0,0, ,0,0,0.064354099
858,RS,2019,HAW-4294,5,2.5,1,0,PCOM,0,MD,0,0, ,0, ,0, ,0, ,0,0, ,0,0, ,0,0,0.059754581
859,RS,2019,HAW-4294,5,2.5,1,0,PVAR,0,EM,0,0, ,0, ,0, ,0, ,0,0, ,0,0, ,0,0,0.073089602
860,RS,2019,HAW-4294,5,2.5,1,0,PVAR,0,EM,0,20, ,0, ,0, ,0, ,0,0, ,0,0, ,0,0,0.711495221
861,RS,2019,HAW-4294,5,2.5,1,0,PCOM,0,BR,0,0, ,0, ,0, ,0, ,0,0, ,0,0, ,0,0,0.066383506
862,RS,2019,HAW-4294,5,2.5,1,0,PCOM,0,BR,0,0, ,0, ,0, ,0, ,0,0, ,0,0, ,0,0,0.098285502
863,RS,2019,HAW-4294,5,2.5,1,0,PCOM,0,MD,0,30, ,0, ,0, ,0, ,0,0, ,0,0, ,0,0,0.149935785
864,RS,2019,HAW-4294,5,2.5,1,0,PCOM,0,BR,0,0, ,0, ,0, ,0, ,0,0, ,0,0, ,0,0,0.079240647
865,RS,2019,HAW-4294,5,2.5,1,0,PCOM,0,MD,0,0, ,0, ,0, ,0, ,0,0, ,0,0, ,0,0,0.051931205
866,RS,2019,HAW-4294,5,2.5,1,0,PCOM,0,CO,0,15, ,0, ,0, ,0, ,0,0, ,0,0, ,0,0,1.304556055
867,RS,2019,HAW-4294,5,2.5,1,0,PVAR,0,EM,0,35, ,0, ,0, ,0, ,0,0, ,0,0, ,0,0,0.983127551
868,RS,2019,HAW-4294,5,2.5,1,0,PCOM,0,BR,0,0, ,0, ,0, ,0, ,0,0, ,0,0, ,0,0,0.167184838
869,RS,2019,HAW-4294,5,2.5,1,0,PCOM,0,MD,0,10, ,0, ,0, ,0, ,0,0, ,0,0, ,0,0,0.070189815
870,RS,2019,HAW-4294,5,2.5,1,0,PCOM,0,MD,0,0, ,0, ,0, ,0, ,0,0, ,0,0, ,0,0,0.082240197
871,RS,2019,HAW-4294,5,2.5,1,0,PCOM,0,BR,0,0,PRED,50, ,0, ,0, ,0,0, ,0,0, ,0,0,0.06028897
872,RS,2019,HAW-4294,5,2.5,1,0,PCOM,0,CO,0,30, ,0, ,0, ,0, ,0,0, ,0,0, ,0,0,0.569399701
873,RS,2019,HAW-4294,5,2.5,1,0,PCOM,0,BR,0,30, ,0, ,0, ,0, ,0,0, ,0,0, ,0,0,0.21188924
874,RS,2019,HAW-4294,5,2.5,1,0,PCOM,0,BR,0,5, ,0, ,0, ,0, ,0,0, ,0,0, ,0,0,0.170276775
875,RS,2019,HAW-4294,5,2.5,1,0,PCOM,0,MD,0,30, ,0, ,0, ,0, ,0,0, ,0,0, ,0,0,0.20922354
876,RS,2019,HAW-4294,5,2.5,1,0,PCOM,0,BR,0,0, ,0, ,0, ,0, ,0,0, ,0,0, ,0,0,0.057783217
877,RS,2019,HAW-4294,5,2.5,1,0,PCOM,0,BR,0,10, ,0, ,0, ,0, ,0,0, ,0,0, ,0,0,0.079562931
878,RS,2019,HAW-4294,5,2.5,1,0,PCOM,0,BR,0,0, ,0, ,0, ,0, ,0,0, ,0,0, ,0,0,0.155997852
879,RS,2019,HAW-4294,5,1,1,0,PCOM,0,MD,0,0, ,0, ,0, ,0, ,0,0, ,0,0, ,0,0,0.013792751
880,RS,2019,HAW-4294,5,1,1,0,PCOM,0,MD,0,0, ,0, ,0, ,0, ,0,0, ,0,0, ,0,0,0.021924415
881,RS,2019,HAW-4294,5,1,1,0,PCOM,0,MD,0,0, ,0, ,0, ,0, ,0,0, ,0,0, ,0,0,0.031187818
882,RS,2019,HAW-4294,5,2.5,1,0,PCOM,0,BR,0,0, ,0, ,0, ,0, ,0,0, ,0,0, ,0,0,0.086653563
883,RS,2019,HAW-4294,5,1,1,0,PCOM,0,MD,0,0, ,0, ,0, ,0, ,0,0, ,0,0, ,0,0,0.032432237
884,RS,2019,HAW-4294,5,1,1,0,PCOM,0,MD,0,0, ,0, ,0, ,0, ,0,0, ,0,0, ,0,0,0.035389971
885,RS,2019,HAW-4294,5,2.5,1,0,PCOM,0,BR,0,0, ,0, ,0, ,0, ,0,0, ,0,0, ,0,0,0.061149408
886,RS,2019,HAW-4294,5,2.5,1,0,PCOM,0,KN,0,0, ,0, ,0, ,0, ,0,0, ,0,0, ,0,0,0.066837265
887,RS,2019,HAW-4294,5,2.5,1,0,PCOM,0,BR,0,0, ,0, ,0, ,0, ,0,0, ,0,0, ,0,0,0.061085596
888,RS,2019,HAW-4294,5,2.5,1,0,PCOM,0,CO,0,0, ,0, ,0, ,0, ,0,0, ,0,0, ,0,0,0.062272385
889,RS,2019,HAW-4294,5,2.5,1,0,PCOM,0,MD,0,0, ,0, ,0, ,0, ,0,0, ,0,0, ,0,0,0.106886857
0,ML,2019,HAW_4221,0,2.5,1,0,PLOB,0,EM,0,25,MACA,1, , , , ,TIN,1,, , , , , , ,0.479803668
1,ML,2019,HAW_4221,0,2.5,1,0,PLOB,0,EM,0,5, , , , , , , , , , , , , , , ,0.095771655
2,ML,2019,HAW_4221,0,2.5,1,0,PLOB,0,EM,0,40,MACA,1, , , , ,TIN,1,,PRS,10,1, , , ,0.444437814
3,ML,2019,HAW_4221,0,1,1,0,PLOB,0,KN,0,0, , , , , , , , , , , , , , , ,0.01715634
4,ML,2019,HAW_4221,0,1,1,0,PLOB,0,EM,0,0, , , , , , , , , , , , , , , ,0.006646804
5,ML,2019,HAW_4221,0,2.5,1,0,PLOB,0,EM,0,0, ,5, , , , ,TIN,1,, , , , , , ,0.117619472
6,ML,2019,HAW_4221,0,1,1,0,PLOB,0,EM,0,0, , , , , , , , , , , , , , , ,0.009936297
7,ML,2019,HAW_4221,0,2.5,1,0,PLOB,0,EM,0,15,TLS,5, , , , ,PRS,5,, , , , , , ,0.191992708
8,ML,2019,HAW_4221,0,2.5,1,0,PLOB,0,EM,0,1,PRED,1, , , , , , , , , , , , , ,0.189638868
9,ML,2019,HAW_4221,0,2.5,1,0,PLOB,0,EM,0,1,PRED,1, , , , ,TIN,1,, , , , , , ,0.193423707
10,ML,2019,HAW_4221,0,2.5,1,0,PLOB,0,EM,0,1,PRED,1, , , , , , , , , , , , , ,0.207051346
11,ML,2019,HAW_4221,0,2.5,1,0,PLOB,0,EM,0,30,SEDI,1, , , , ,TIN,1,, , , , , , ,0.252068641
12,ML,2019,HAW_4221,0,2.5,1,0,PLOB,0,EM,0,50, , , , , , , , , , , , , , , ,0.11348326
13,ML,2019,HAW_4221,0,2.5,1,0,PLOB,0,EM,0,1, , , , , , ,PRS,1,, , , , , , ,0.353601541
14,ML,2019,HAW_4221,0,2.5,1,0,PMEA,0,BR,0,5,TLS,1, , , , ,BLE,5,2, , , , , , ,0.190752458
15,ML,2019,HAW_4221,0,2.5,1,0,PMEA,0,BR,0,50, , , , , , ,BLE,100,2, , , , , , ,0.307383181
16,ML,2019,HAW_4221,0,2.5,1,0,PLOB,0,EM,0,1, , , , , , ,BLE,10,1, , , , , , ,0.114448328
17,ML,2019,HAW_4221,0,2.5,1,0,PLOB,0,EM,0,90, , , , , , , , , , , , , , , ,0.209489378
18,ML,2019,HAW_4221,0,2.5,1,0,PMEA,0,KN,0,0, , , , , , ,BLE,50,2, , , , , , ,0.058764956
19,ML,2019,HAW_4221,0,2.5,1,0,PLOB,0,EM,0,10,TLS,5, , , , ,TIN,1,, , , , , , ,0.372305264
20,ML,2019,HAW_4221,0,1,1,0,MPAT,0,EF,0,0, , , , , , , , , , , , , , , ,0.03721626
21,ML,2019,HAW_4221,0,1,1,0,PLOB,0,EM,0,0, , , , , , , , , , , , , , , ,0.018668155
22,ML,2019,HAW_4221,0,2.5,1,0,PLOB,0,EM,0,5,MACA,1, , , , ,PRS,1,,TIN,1,1, , , ,0.2125068
23,ML,2019,HAW_4221,0,2.5,1,0,PMEA,0,BR,0,0, , , , , , , , , , , , , , , ,0.090811562
24,ML,2019,HAW_4221,0,2.5,1,0,PMEA,0,BR,0,0, , , , , , , , , , , , , , , ,0.082152298
25,ML,2019,HAW_4221,0,2.5,1,0,PLOB,0,EM,0,1, , , , , , , , , , , , , , , ,0.099227415
26,ML,2019,HAW_4221,0,2.5,1,0,PLOB,0,EM,0,40,PRED,1, , , , ,TIN,1,, , , , , , ,0.363128022
27,ML,2019,HAW_4221,0,1,1,0,PLOB,0,EM,0,0, , , , , , , , , , , , , , , ,0.00655515
28,ML,2019,HAW_4263,5,2.5,1,0,PCOM,0,BR,0,0, , , , , , , , , , , , , , , ,0.076698435
29,ML,2019,HAW_4263,5,2.5,1,0,PLOB,0,EM,0,10, , , , , , ,DIS,1,, , , , , , ,0.347204061
30,ML,2019,HAW_4263,5,2.5,1,0,PLOB,0,EM,0,5, , , , , , , , , , , , , , , ,0.194089671
31,ML,2019,HAW_4263,5,2.5,1,0,PLOB,0,EM,0,0, , , , , , , , , , , , , , , ,0.0571638
32,ML,2019,HAW_4263,5,1,1,0,PLOB,0,EM,0,0, , , , , , , , , , , , , , , ,0.036432129
33,ML,2019,HAW_4263,5,2.5,1,0,PLOB,0,EM,0,0, , , , , , , , , , , , , , , ,0.092468913
34,ML,2019,HAW_4263,5,2.5,1,0,PCOM,0,BR,0,1, , , , , , , , , , , , , , , ,0.110020044
35,ML,2019,HAW_4263,5,2.5,1,0,PLOB,0,EM,0,30, , , , , , ,TIN,1,, , , , , , ,0.171368259
36,ML,2019,HAW_4263,5,2.5,1,0,PLOB,0,EM,0,1, , , , , , ,TIN,1,, , , , , , ,0.18067767
37,ML,2019,HAW_4263,5,2.5,1,0,PLOB,0,EM,0,1, , , , , , , , , , , , , , , ,0.237423884
38,ML,2019,HAW_4263,5,2.5,1,0,PLOB,0,EM,0,1, , , , , , , , , , , , , , , ,0.188408094
39,ML,2019,HAW_4263,5,2.5,1,0,PLOB,0,EM,0,0, , , , , , , , , , , , , , , ,0.063051249
40,ML,2019,HAW_4263,5,1,1,0,PLOB,0,EM,0,0, , , , , , , , , , , , , , , ,0.042746812
41,ML,2019,HAW_4263,5,2.5,1,0,PLOB,0,EM,0,1, , , , , , , , , , , , , , , ,0.069176272
42,ML,2019,HAW_4263,5,1,1,0,MCAP,0,EF,0,0, , , , , , , , , , , , , , , ,0.047712682
43,ML,2019,HAW_4263,5,2.5,1,0,PLOB,0,EM,0,0, , , , , , , , , , , , , , , ,0.052098081
44,ML,2019,HAW_4263,5,1,1,0,PLOB,0,EM,0,0, , , , , , , , , , , , , , , ,0.037889313
45,ML,2019,HAW_4263,5,2.5,1,0,PLOB,0,EM,0,5, , , , , , , , , , , , , , , ,0.09357318
46,ML,2019,HAW_4263,5,2.5,1,0,PLOB,0,EM,0,0, , , , , , , , , , , , , , , ,0.062707973
47,ML,2019,HAW_4263,5,2.5,1,0,PLOB,0,EM,0,1, , , , , , , , , , , , , , , ,0.10817398
48,ML,2019,HAW_4263,5,2.5,1,0,PCOM,0,BR,0,30,MACA,1, , , , , , , , , , , , , ,0.6199672
49,ML,2019,HAW_4263,5,2.5,1,0,PLOB,0,EM,0,1, , , , , , , , , , , , , , , ,0.196958498
50,ML,2019,HAW_4263,5,1,1,0,PMEA,0,KN,0,0, , , , , , ,BLE,90,2, , , , , , ,0.044385245
51,ML,2019,HAW_4263,5,2.5,1,0,PLOB,0,EM,0,0, , , , , , , , , , , , , , , ,0.084043381
52,ML,2019,HAW_4263,5,2.5,1,0,PLOB,0,EM,0,0, , , , , , , , , , , , , , , ,0.0695
53,ML,2019,HAW_4263,5,2.5,1,0,PLOB,0,EM,0,30,MACA,1, , , , , , , , , , , , , ,0.494217399
54,ML,2019,HAW_4294,5,2.5,1,0,PVAR,0,EF,-1,0, , , , , , , , , , , , , , , ,0.001414213
55,ML,2019,HAW_4294,5,2.5,1,0,PCOM,0,BR,0,0, , , , , , , , , , , , , , , ,0.10626194
56,ML,2019,HAW_4294,5,2.5,1,0,PCOM,0,BR,0,5, , , , , , , , , , , , , , , ,0.265866207
57,ML,2019,HAW_4294,5,2.5,1,0,PCOM,0,BR,0,1, , , , , , , , , , , , , , , ,0.300386567
58,ML,2019,HAW_4294,5,2.5,1,0,PCOM,0,BR,0,0,TLS,50, , , , , , , , , , , , , ,0.19229584
59,ML,2019,HAW_4294,5,2.5,1,0,PLOB,0,EM,0,50, , , , , , , , , , , , , , , ,0.14404836
60,ML,2019,HAW_4294,5,2.5,1,0,PCOM,0,BR,0,0,DAMG,5, , , , , , , , , , , , , ,0.096462688
61,ML,2019,HAW_4294,5,2.5,1,0,PCOM,0,BR,0,1, , , , , , , , , , , , , , , ,0.501380375
62,ML,2019,HAW_4294,5,2.5,1,0,PCOM,0,BR,0,5, , , , , , , , , , , , , , , ,0.270577529
63,ML,2019,HAW_4294,5,2.5,1,0,PCOM,0,BR,0,10, , , , , , , , , , , , , , , ,0.227456237
64,ML,2019,HAW_4294,5,2.5,1,0,PCOM,0,BR,0,90, , , , , , , , , , , , , , , ,0.145675564
65,ML,2019,HAW_4294,5,2.5,1,0,PCOM,0,BR,0,10, , , , , , , , , , , , , , , ,0.20796358
66,ML,2019,HAW_4294,5,2.5,1,0,PCOM,0,BR,0,0, , , , , , , , , , , , , , , ,0.139229666
67,ML,2019,HAW_4294,5,2.5,1,0,PCOM,0,BR,0,0, , , , , , , , , , , , , , , ,0.071181248
68,ML,2019,HAW_4294,5,2.5,1,0,PCOM,0,BR,0,0, , , , , , , , , , , , , , , ,0.15868891
69,ML,2019,HAW_4294,5,2.5,1,0,PCOM,0,BR,0,5, , , , , , , , , , , , , , , ,0.076277454
70,ML,2019,HAW_4294,5,2.5,1,0,PCOM,0,BR,0,5,PRED,1, , , , , , , , , , , , , ,0.617282723
71,ML,2019,HAW_4294,5,2.5,1,0,PCOM,0,BR,0,40, , , , , , ,TIN,1,, , , , , , ,0.369438547
72,ML,2019,HAW_4294,5,2.5,1,0,PCOM,0,BR,0,50,DAMG,1, , , , , , , , , , , , , ,0.132370995
73,ML,2019,HAW_4294,5,2.5,1,0,PLOB,0,EM,0,0, , , , , , , , , , , , , , , ,0.073192963
74,ML,2019,HAW_4294,5,2.5,1,0,PCOM,0,BR,0,20, , , , , , , , , , , , , , , ,0.256855018
75,ML,2019,HAW_4294,5,2.5,1,0,PCOM,0,BR,0,50, , , , , , , , , , , , , , , ,0.143116911
76,ML,2019,HAW_4294,5,2.5,1,0,PCOM,0,BR,0,20,PRED,1, , , , , , , , , , , , , ,1.435574452
77,ML,2019,HAW_4294,5,2.5,1,0,PCOM,0,BR,0,5, , , , , , , , , , , , , , , ,0.27186927
78,ML,2019,HAW_4294,5,2.5,1,0,PLOB,0,EM,0,10, , , , , , , , , , , , , , , ,0.217194222
79,ML,2019,HAW_4294,5,2.5,1,0,PCOM,0,BR,0,50, , , , , , , , , , , , , , , ,0.403612314
80,ML,2019,HAW_4294,5,2.5,1,0,PCOM,0,BR,0,5, , , , , , , , , , , , , , , ,0.235538066
81,ML,2019,HAW_4294,5,2.5,1,0,PCOM,0,BR,0,20, , , , , , , , , , , , , , , ,0.467364526
82,ML,2019,HAW_4294,5,2.5,1,0,PLOB,0,EM,0,0,MACA,5, , , , , , , , , , , , , ,0.113792794
83,ML,2019,HAW_4294,5,2.5,1,0,PCOM,0,BR,0,10, , , , , , , , , , , , , , , ,0.205656534
84,ML,2019,HAW_4294,5,2.5,1,0,PCOM,0,BR,0,1, , , , , , , , , , , , , , , ,0.160485762
85,ML,2019,KAU_2160,5,1,1,0,PLOB,0,EM,0,0, , , , , , , , , , , , , , , ,0.049399824
86,ML,2019,KAU_2160,5,2.5,1,0,MPAT,0,EF,0,30, , , , , , ,BLE,5,1, , , , , , ,0.067125703
87,ML,2019,KAU_2160,5,1,1,0,MPAT,0,EF,0,50, , , , , , , , , , , , , , , ,0.027286078
88,ML,2019,KAU_2160,5,2.5,1,0,PDUE,0,EM,0,5, , , , , , ,PRS,1,, , , , , , ,0.077147262
89,ML,2019,KAU_2160,5,1,1,0,MPAT,0,EF,0,0, , , , , , , , , , , , , , , ,0.02433927
90,ML,2019,KAU_2160,5,2.5,1,0,PMEA,0,BR,0,0, , , , , , ,BLE,10,1, , , , , , ,0.061576374
91,ML,2019,KAU_2160,5,2.5,1,0,PMEA,0,BR,0,1, , , , , , , , , , , , , , , ,0.233253961
92,ML,2019,KAU_2160,5,2.5,1,0,PLOB,0,EM,0,50, , , , , , , , , , , , , , , ,0.065293185
93,ML,2019,KAU_2160,5,2.5,1,0,MPAT,0,EF,0,50, , , , , , ,BLE,1,2, , , , , , ,0.346714767
94,ML,2019,KAU_2160,5,2.5,1,0,PVAR,0,EF,0,40,MACA,5, , , , , , , , , , , , , ,0.110453792
95,ML,2019,KAU_2160,5,2.5,1,0,PVAR,0,EF,0,70,MACA,50, , , , , , , , , , , , , ,0.158817946
96,ML,2019,KAU_2160,5,2.5,1,0,PDUE,0,EM,0,70,MACA,1, , , , , , , , , , , , , ,0.146884784
97,ML,2019,KAU_2160,5,2.5,1,0,PLOB,0,EM,0,60,MACA,1, , , , , , , , , , , , , ,0.639841737
98,ML,2019,KAU_2160,5,2.5,1,0,PMEA,0,BR,0,0, , , , , , , , , , , , , , , ,0.189726356
99,ML,2019,KAU_2160,5,2.5,1,0,MPAT,0,EF,0,30, , , , , , ,BLE,1,1, , , , , , ,0.268168604
100,ML,2019,KAU_2160,5,2.5,1,0,PLOB,0,EM,0,20,MACA,5, , , , , , , , , , , , , ,0.094865484
101,ML,2019,KAU_2160,5,2.5,1,0,PLOB,0,EM,0,70,TLS,5, , , , , , , , , , , , , ,0.10889853
102,ML,2019,KAU_2160,5,2.5,1,0,MPAT,0,EF,0,80, , , , , , ,TIN,1,,BLE,5,2, , , ,0.359863529
103,ML,2019,KAU_2160,5,2.5,1,0,PLOB,0,EM,0,80, , , , , , , , , , , , , , , ,0.329627137
104,ML,2019,KAU_2160,5,2.5,1,0,MPAT,0,EF,0,10, , , , , , ,BLE,10,2, , , , , , ,0.126159344
105,ML,2019,KAU_2160,5,2.5,1,0,MPAT,0,EF,0,40, , , , , , , , , , , , , , , ,0.128281915
106,ML,2019,KAU_2160,5,2.5,1,0,MPAT,0,EF,0,80, , , , , , ,BLE,50,2, , , , , , ,0.329072347
107,ML,2019,KAU_2160,5,2.5,1,0,MPAT,0,EF,0,65, , , , , , ,BLE,90,1, , , , , , ,0.222978071
108,ML,2019,KAU_2160,5,2.5,1,0,PMEA,0,BR,0,0, , , , , , , , , , , , , , , ,0.211706825
109,ML,2019,KAU_2160,5,2.5,1,0,PMEA,0,BR,0,10, , , , , , ,TIN,1,, , , , , , ,0.169776824
110,ML,2019,KAU_2160,5,2.5,1,0,PMEA,0,BR,0,0, , , , , , , , , , , , , , , ,0.174417918
111,ML,2019,KAU_2160,5,2.5,1,0,MPAT,0,EF,0,20, , , , , , ,TIN,1,, , , , , , ,0.32323807
112,ML,2019,KAU_2160,5,2.5,1,0,PLOB,0,EM,0,0, , , , , , , , , , , , , , , ,0.097696059
113,ML,2019,KAU_2160,5,2.5,1,0,PDUE,0,EM,0,60, , , , , , , , , , , , , , , ,0.140275906
114,ML,2019,KAU_2160,5,2.5,1,0,PMEA,0,KN,0,0, , , , , , , , , , , , , , , ,0.069722666
115,ML,2019,KAU_2160,5,2.5,1,0,MPAT,0,EF,0,70, , , , , , ,BLE,30,1, , , , , , ,0.451212811
116,ML,2019,KAU_2160,5,1,1,0,PLOB,0,KN,0,0, , , , , , , , , , , , , , , ,0.025612951
117,ML,2019,KAU_2160,5,1,1,0,PLOB,0,EM,0,0, , , , , , , , , , , , , , , ,0.025426167
118,ML,2019,KAU_2160,5,2.5,1,0,PMEA,0,BR,0,0, , , , , , , , , , , , , , , ,0.193742122
119,ML,2019,OAH_3234,5,1,1,0,PLOB,0,EM,0,0, , , , , , , , , , , , , , , ,0.046197944
120,ML,2019,OAH_3234,5,1,1,0,PLOB,0,EM,0,0, , , , , , , , , , , , , , , ,0.017790166
121,ML,2019,OAH_3234,5,1,1,0,PLOB,0,EM,0,0, , , , , , , , , , , , , , , ,0.012379419
122,ML,2019,OAH_3234,5,1,1,0,PLOB,0,EM,0,0, , , , , , , , , , , , , , , ,0.041484937
123,ML,2019,OAH_3234,5,1,1,0,PLOB,0,EM,0,0, , , , , , , , , , , , , , , ,0.024005207
124,ML,2019,OAH_3234,5,1,1,0,PLOB,0,EM,0,0, , , , , , , , , , , , , , , ,0.013682471
125,ML,2019,OAH_3234,5,1,1,0,PMEA,0,KN,0,0, , , , , , , , , , , , , , , ,0.040880314
126,ML,2019,OAH_3234,5,1,1,0,PMEA,0,KN,0,0, , , , , , , , , , , , , , , ,0.0131
127,ML,2019,OAH_3234,5,2.5,1,0,MPAT,0,EF,0,0, , , , , , ,BLE,50,2, , , , , , ,0.082859157
128,ML,2019,OAH_3234,5,2.5,1,0,PMEA,0,BR,0,0, , , , , , , , , , , , , , , ,0.074255303
129,ML,2019,OAH_3234,5,2.5,1,0,PLOB,0,EM,0,0, , , , , , , , , , , , , , , ,0.063590959
130,ML,2019,OAH_3234,5,2.5,1,0,MPAT,0,EF,0,50, , , , , , , , , , , , , , , ,0.170954526
131,ML,2019,OAH_3234,5,2.5,1,0,PMEA,0,BR,0,0, , , , , , , , , , , , , , , ,0.051922441
132,ML,2019,OAH_3234,5,2.5,1,0,PLOB,0,EM,0,10, , , , , , ,TIN,1,, , , , , , ,0.114502096
133,ML,2019,OAH_3234,5,1,1,0,PMEA,0,KN,0,0, , , , , , ,BLE,100,1, , , , , , ,0.048438415
134,ML,2019,OAH_3234,5,1,1,0,PMEA,0,KN,0,0, , , , , , , , , , , , , , , ,0.048481439
135,ML,2019,OAH_3234,5,1,1,0,PLOB,0,EM,0,0, , , , , , , , , , , , , , , ,0.010904129
136,ML,2019,OAH_3234,5,1,1,0,PLOB,0,EM,0,0, , , , , , , , , , , , , , , ,0.012720064
