FID,ANALYST,OBS_YEAR,MISSION_ID,SITE,TRANSECT,SEGMENT,SEGLENGTH,SEGWIDTH,NO_COLONY,SPCODE,EX_BOUND,JUVENILE,FRAGMENT,REMNANT,OLDDEAD,MORPH_CODE,RDCAUSE1,RD_1,RDCAUSE2,RD_2,RDCAUSE3,RD_3,CON_1,EXTENT_1,SEV_1,CON_2,EXTENT_2,SEV_2,CON_3,EXTENT_3,SEV_3,Shape_Leng
0,AH,2019,SE1902,HAW-4277,A,0,2.5,1, ,POSP, , , , ,75,MD, ,0, ,0, ,0, ,0,0, ,0,0, ,0,0,0.441584102
1,AH,2019,SE1902,HAW-4277,A,0,1,1, ,PLOB, ,-1, , ,0,EM, ,0, ,0, ,0, ,0,0, ,0,0, ,0,0,0.029966149
2,AH,2019,SE1902,HAW-4277,A,0,1,1, ,PLOB, ,-1, , ,0,EM, ,0, ,0, ,0, ,0,0, ,0,0, ,0,0,0.03697702
3,AH,2019,SE1902,HAW-4277,A,0,2.5,1, ,MCAP, ,0, , ,30,EM, ,0, ,0, ,0, ,0,0, ,0,0, ,0,0,0.126206696
4,AH,2019,SE1902,HAW-4277,A,0,2.5,1, ,PLOB, , , , ,0,MD, ,0, ,0, ,0, ,0,0, ,0,0, ,0,0,0.197189502
5,AH,2019,SE1902,HAW-4277,A,0,2.5,1, ,PLOB, , , , ,70,MD, ,0, ,0, ,0, ,0,0, ,0,0, ,0,0,0.223173138
6,AH,2019,SE1902,HAW-4277,A,0,1,1, ,POSP, , , ,-1,0,EM, ,0, ,0, ,0, ,0,0, ,0,0, ,0,0,0.041044
7,AH,2019,SE1902,HAW-4277,A,0,2.5,1, ,PLOB, , , , ,0,EM, ,0, ,0, ,0, ,0,0, ,0,0, ,0,0,0.085700058
8,AH,2019,SE1902,HAW-4277,A,0,2.5,1, ,POSP, , , , ,20,MD, ,0, ,0, ,0, ,0,0, ,0,0, ,0,0,0.207705103
9,AH,2019,SE1902,HAW-4277,A,0,2.5,1, ,POSP, , , , ,25,EM, ,0, ,0, ,0, ,0,0, ,0,0, ,0,0,0.115302907
10,AH,2019,SE1902,HAW-4277,A,0,2.5,1, ,POSP, , , , ,85,MD, ,0, ,0, ,0, ,0,0, ,0,0, ,0,0,0.141315604
11,AH,2019,SE1902,HAW-4277,A,0,2.5,1, ,POSP, , , , ,90,MD, ,0, ,0, ,0, ,0,0, ,0,0, ,0,0,0.094254973
12,AH,2019,SE1902,HAW-4277,A,0,2.5,1, ,MCAP, , , , ,5,EM, ,0, ,0, ,0, ,0,0, ,0,0, ,0,0,0.071309047
13,AH,2019,SE1902,HAW-4277,A,0,2.5,1, ,POSP, , , , ,1,MD, ,0, ,0, ,0,ALG,2,0, ,0,0, ,0,0,0.10499719
14,AH,2019,SE1902,HAW-4277,A,0,1,1, ,POSP, ,-1, , ,0,EM, ,0, ,0, ,0, ,0,0, ,0,0, ,0,0,0.034780022
15,AH,2019,SE1902,HAW-4277,A,0,2.5,1, ,PMEA, , , , ,98,BR, ,0, ,0, ,0,BLE,2,1, ,0,0, ,0,0,0.292634107
16,AH,2019,SE1902,HAW-4277,A,0,2.5,1, ,POSP, , , , ,0,MD, ,0, ,0, ,0, ,0,0, ,0,0, ,0,0,0.137090408
17,AH,2019,SE1902,HAW-4277,A,0,1,1, ,POSP, ,-1, , ,0,MD, ,0, ,0, ,0, ,0,0, ,0,0, ,0,0,0.03239892
18,AH,2019,SE1902,HAW-4277,A,0,1,1, ,POSP, ,-1, , ,0,EM, ,0, ,0, ,0, ,0,0, ,0,0, ,0,0,0.018201649
19,AH,2019,SE1902,HAW-4277,A,0,1,1, ,POSP, , , ,-1,0,EM, ,0, ,0, ,0, ,0,0, ,0,0, ,0,0,0.01884728
20,AH,2019,SE1902,HAW-4277,A,0,2.5,1, ,POSP, , , , ,10,MD, ,0, ,0, ,0, ,0,0, ,0,0, ,0,0,0.148951066
21,AH,2019,SE1902,HAW-4277,A,0,2.5,1, ,POSP, , , , ,15,MD, ,0, ,0, ,0, ,0,0, ,0,0, ,0,0,0.165222093
22,AH,2019,SE1902,HAW-4277,A,0,2.5,1, ,POSP, , , , ,5,EM, ,0, ,0, ,0, ,0,0, ,0,0, ,0,0,0.050978427
23,AH,2019,SE1902,HAW-4277,A,0,2.5,1, ,PLOB, , , , ,25,EM, ,0, ,0, ,0, ,0,0, ,0,0, ,0,0,0.073952213
24,AH,2019,SE1902,HAW-4277,A,0,2.5,1, ,POSP, , , , ,60,MD, ,0, ,0, ,0, ,0,0, ,0,0, ,0,0,0.181392667
25,AH,2019,SE1902,HAW-4277,A,0,2.5,1, ,POSP, , , , ,5,MD, ,0, ,0, ,0, ,0,0, ,0,0, ,0,0,0.07714616
26,AH,2019,SE1902,HAW-4277,A,0,2.5,1, ,PMEA, , , , ,99,BR, ,0, ,0, ,0, ,0,0, ,0,0, ,0,0,0.298194987
27,AH,2019,SE1902,HAW-4277,A,0,2.5,1, ,POSP, , , , ,85,MD, ,0, ,0, ,0, ,0,0, ,0,0, ,0,0,0.2321056
28,AH,2019,SE1902,HAW-4277,A,0,2.5,1, ,PLOB, , , , ,0,EM, ,0, ,0, ,0, ,0,0, ,0,0, ,0,0,0.050565304
29,AH,2019,SE1902,HAW-4277,A,0,2.5,1, ,POSP, , , , ,0,MD, ,0, ,0, ,0, ,0,0, ,0,0, ,0,0,0.069980712
30,AH,2019,SE1902,HAW-4277,A,0,2.5,1, ,POSP, , , , ,5,MD, ,0, ,0, ,0, ,0,0, ,0,0, ,0,0,0.097854024
31,AH,2019,SE1902,HAW-4277,A,0,2.5,1, ,POSP, , , , ,15,MD, ,0, ,0, ,0, ,0,0, ,0,0, ,0,0,0.138920733
32,AH,2019,SE1902,HAW-4277,A,0,2.5,1, ,POSP, , , , ,20,MD, ,0, ,0, ,0, ,0,0, ,0,0, ,0,0,0.097111121
33,AH,2019,SE1902,HAW-4277,A,0,2.5,1, ,POSP, , , , ,5,MD, ,0, ,0, ,0,ALG,1,0, ,0,0, ,0,0,0.065180519
34,AH,2019,SE1902,HAW-4277,A,0,2.5,1, ,POSP, , , , ,40,EM, ,0, ,0, ,0,ALG,3,0, ,0,0, ,0,0,0.174162051
35,AH,2019,SE1902,HAW-4277,A,0,2.5,1, ,PLOB, , , , ,60,EM, ,0, ,0, ,0, ,0,0, ,0,0, ,0,0,0.082140368
36,AH,2019,SE1902,HAW-4277,A,0,2.5,1, ,MCAP, , , , ,0,EM, ,0, ,0, ,0, ,0,0, ,0,0, ,0,0,0.106120921
37,AH,2019,SE1902,HAW-4277,A,0,2.5,1, ,POSP, , , , ,65,MD, ,0, ,0, ,0, ,0,0, ,0,0, ,0,0,0.119840937
38,AH,2019,SE1902,HAW-4277,A,0,2.5,1, ,POSP, , , , ,35,MD, ,0, ,0, ,0, ,0,0, ,0,0, ,0,0,0.128382436
39,AH,2019,SE1902,HAW-4277,A,0,2.5,1, ,POSP, , , , ,30,MD, ,0, ,0, ,0,ALG,3,0, ,0,0, ,0,0,0.124243672
40,AH,2019,SE1902,HAW-4277,A,0,2.5,1, ,PLUT, , , , ,5,MD, ,0, ,0, ,0, ,0,0, ,0,0, ,0,0,0.114381818
41,AH,2019,SE1902,HAW-4277,A,0,2.5,1, ,PLUT, , , , ,10,MD, ,0, ,0, ,0, ,0,0, ,0,0, ,0,0,0.202974209
42,AH,2019,SE1902,HAW-4277,A,0,2.5,1, ,PLOB, , , , ,50,EM, ,0, ,0, ,0, ,0,0, ,0,0, ,0,0,0.112677282
43,AH,2019,SE1902,HAW-4277,A,0,2.5,1, ,PLUT, , , , ,40,MD, ,0, ,0, ,0, ,0,0, ,0,0, ,0,0,0.251270711
44,AH,2019,SE1902,HAW-4277,A,0,2.5,1, ,POSP, , , , ,40,EM, ,0, ,0, ,0, ,0,0, ,0,0, ,0,0,0.136557753
45,AH,2019,SE1902,HAW-4277,A,0,2.5,1, ,POSP, , , , ,25,MD, ,0, ,0, ,0,ALG,4,0, ,0,0, ,0,0,0.253492878
46,AH,2019,SE1902,HAW-4277,A,0,2.5,1, ,POSP, , , , ,30,MD, ,0, ,0, ,0,ALG,2,0, ,0,0, ,0,0,0.101801374
47,AH,2019,SE1902,HAW-4277,A,0,2.5,1, ,POSP, , , , ,20,EM, ,0, ,0, ,0, ,0,0, ,0,0, ,0,0,0.072458678
48,AH,2019,SE1902,HAW-4277,A,0,2.5,1, ,POSP, , , , ,15,MD, ,0, ,0, ,0, ,0,0, ,0,0, ,0,0,0.081948093
49,AH,2019,SE1902,HAW-4277,A,0,2.5,1, ,POSP, , , , ,85,MD, ,0, ,0, ,0, ,0,0, ,0,0, ,0,0,0.161818293
50,AH,2019,SE1902,HAW-4277,A,0,2.5,1, ,POSP, , , , ,75,EM, ,0, ,0, ,0, ,0,0, ,0,0, ,0,0,0.150180191
51,AH,2019,SE1902,HAW-4277,A,0,2.5,1, ,POSP, , , , ,70,EM,TLS,3, ,0, ,0,BLE,5,1, ,0,0, ,0,0,0.268494842
52,AH,2019,SE1902,HAW-4277,A,0,2.5,1, ,POSP, , , , ,50,MD, ,0, ,0, ,0, ,0,0, ,0,0, ,0,0,0.0720184
53,AH,2019,SE1902,HAW-4277,A,0,2.5,1, ,POSP, , , ,-1,0,EM, ,0, ,0, ,0, ,0,0, ,0,0, ,0,0,0.065012153
54,AH,2019,SE1902,HAW-4277,A,0,2.5,1, ,PLUT, , , , ,0,MD, ,0, ,0, ,0, ,0,0, ,0,0, ,0,0,0.07627175
55,AH,2019,SE1902,HAW-4277,A,0,2.5,1, ,POSP, , , , ,50,EM, ,0, ,0, ,0, ,0,0, ,0,0, ,0,0,0.218995388
56,AH,2019,SE1902,HAW-4277,A,0,2.5,1, ,MCAP, , , , ,90,EM, ,0, ,0, ,0, ,0,0, ,0,0, ,0,0,0.077595168
57,AH,2019,SE1902,HAW-4277,A,0,2.5,1, ,PMEA, , , , ,99,BR, ,0, ,0, ,0, ,0,0, ,0,0, ,0,0,0.367936041
58,AH,2019,SE1902,HAW-4277,A,5,1,1, ,PMEA, ,-1, , ,0,KN, ,0, ,0, ,0, ,0,0, ,0,0, ,0,0,0.030714818
59,AH,2019,SE1902,HAW-4277,A,5,2.5,1, ,PLOB, , , , ,40,MD, ,0, ,0, ,0, ,0,0, ,0,0, ,0,0,0.10150197
60,AH,2019,SE1902,HAW-4277,A,5,1,1, ,PLOB, ,-1, , ,0,MD, ,0, ,0, ,0, ,0,0, ,0,0, ,0,0,0.048071302
61,AH,2019,SE1902,HAW-4277,A,5,1,1, ,POCS, ,-1, , ,0,KN, ,0, ,0, ,0, ,0,0, ,0,0, ,0,0,0.018146625
62,AH,2019,SE1902,HAW-4277,A,5,2.5,1, ,PLUT, , , , ,20,MD, ,0, ,0, ,0, ,0,0, ,0,0, ,0,0,0.142853106
63,AH,2019,SE1902,HAW-4277,A,5,2.5,1, ,POSP, , , , ,30,MD, ,0, ,0, ,0, ,0,0, ,0,0, ,0,0,0.073921918
64,AH,2019,SE1902,HAW-4277,A,5,2.5,1, ,POSP, , , , ,55,MD, ,0, ,0, ,0, ,0,0, ,0,0, ,0,0,0.05464522
65,AH,2019,SE1902,HAW-4277,A,5,1,1, ,POSP, ,-1, , ,0,EM, ,0, ,0, ,0,BLE,100,2, ,0,0, ,0,0,0.02066422
66,AH,2019,SE1902,HAW-4277,A,5,1,1, ,POSP, , , ,-1,0,EM, ,0, ,0, ,0,BLE,100,1,ALG,1,0, ,0,0,0.042778733
67,AH,2019,SE1902,HAW-4277,A,5,1,1, ,POSP, ,-1, , ,0,EM, ,0, ,0, ,0, ,0,0, ,0,0, ,0,0,0.033953645
68,AH,2019,SE1902,HAW-4277,A,5,1,1, ,POSP, ,-1, , ,0,EM, ,0, ,0, ,0, ,0,0, ,0,0, ,0,0,0.022240729
69,AH,2019,SE1902,HAW-4277,A,5,2.5,1, ,POSP, , , , ,5,MD, ,0, ,0, ,0, ,0,0, ,0,0, ,0,0,0.062171538
70,AH,2019,SE1902,HAW-4277,A,5,1,1, ,POSP, , , ,-1,0,MD, ,0, ,0, ,0, ,0,0, ,0,0, ,0,0,0.021070596
71,AH,2019,SE1902,HAW-4277,A,5,1,1, ,POSP, ,-1, , ,0,EM, ,0, ,0, ,0, ,0,0, ,0,0, ,0,0,0.027518176
72,AH,2019,SE1902,HAW-4277,A,5,1,1, ,POSP, , , ,-1,0,EM, ,0, ,0, ,0, ,0,0, ,0,0, ,0,0,0.022116283
73,AH,2019,SE1902,HAW-4277,A,5,1,1, ,POSP, , , ,-1,0,MD, ,0, ,0, ,0, ,0,0, ,0,0, ,0,0,0.032318725
74,AH,2019,SE1902,HAW-4277,A,5,1,1, ,POSP, , , ,-1,0,EM, ,0, ,0, ,0, ,0,0, ,0,0, ,0,0,0.0164
75,AH,2019,SE1902,HAW-4277,A,5,2.5,1, ,POSP, , , , ,70,MD, ,0, ,0, ,0,ALG,10,0, ,0,0, ,0,0,0.143333179
76,AH,2019,SE1902,HAW-4277,A,5,2.5,1, ,POSP, , , , ,10,MD, ,0, ,0, ,0, ,0,0, ,0,0, ,0,0,0.090800717
77,AH,2019,SE1902,HAW-4277,A,5,2.5,1, ,POSP, , , , ,20,MD, ,0, ,0, ,0,ALG,5,0, ,0,0, ,0,0,0.056485484
78,AH,2019,SE1902,HAW-4277,A,5,1,1, ,POSP, ,-1, , ,0,EM, ,0, ,0, ,0, ,0,0, ,0,0, ,0,0,0.012180312
79,AH,2019,SE1902,HAW-4277,A,5,1,1, ,POSP, ,-1, , ,0,EM, ,0, ,0, ,0, ,0,0, ,0,0, ,0,0,0.020298769
80,AH,2019,SE1902,HAW-4277,A,5,2.5,1, ,PLOB, , , , ,20,MD, ,0, ,0, ,0,ALG,2,0, ,0,0, ,0,0,0.172126582
81,AH,2019,SE1902,HAW-4277,A,5,2.5,1, ,POSP, , , , ,20,MD, ,0, ,0, ,0, ,0,0, ,0,0, ,0,0,0.056803168
82,AH,2019,SE1902,HAW-4277,A,5,2.5,1, ,POSP, , , , ,2,EM, ,0, ,0, ,0, ,0,0, ,0,0, ,0,0,0.051792277
83,AH,2019,SE1902,HAW-4277,A,5,2.5,1, ,POSP, , , , ,0,MD, ,0, ,0, ,0, ,0,0, ,0,0, ,0,0,0.10051771
84,AH,2019,SE1902,HAW-4277,A,5,2.5,1, ,PLUT, , , , ,25,MD, ,0, ,0, ,0, ,0,0, ,0,0, ,0,0,0.297106058
85,AH,2019,SE1902,HAW-4277,A,5,2.5,1, ,PLUT, , , , ,15,MD,FISH,3, ,0, ,0,DIS,10,0, ,0,0, ,0,0,0.128200038
86,AH,2019,SE1902,HAW-4277,A,5,2.5,1, ,PLUT, , , , ,65,MD, ,0, ,0, ,0, ,0,0, ,0,0, ,0,0,0.162047709
87,AH,2019,SE1902,HAW-4277,A,5,2.5,1, ,PLUT, , , , ,2,MD, ,0, ,0, ,0, ,0,0, ,0,0, ,0,0,0.092020107
88,AH,2019,SE1902,HAW-4277,A,5,2.5,1, ,POSP, , , , ,90,MD, ,0, ,0, ,0, ,0,0, ,0,0, ,0,0,0.222599034
89,AH,2019,SE1902,HAW-4277,A,5,2.5,1, ,PLUT, , , , ,0,MD, ,0, ,0, ,0, ,0,0, ,0,0, ,0,0,0.050224497
90,AH,2019,SE1902,HAW-4277,A,5,2.5,1, ,PLUT, , , , ,90,EM, ,0, ,0, ,0, ,0,0, ,0,0, ,0,0,0.18179648
91,AH,2019,SE1902,HAW-4277,A,5,2.5,1, ,PLUT, , , , ,80,MD, ,0, ,0, ,0, ,0,0, ,0,0, ,0,0,0.088628556
92,AH,2019,SE1902,HAW-4277,A,5,2.5,1, ,PLUT, , , , ,30,MD, ,0, ,0, ,0, ,0,0, ,0,0, ,0,0,0.185315542
93,AH,2019,SE1902,HAW-4277,A,10,2.5,1, ,PLUT, , , , ,30,MD, ,0, ,0, ,0, ,0,0, ,0,0, ,0,0,0.086311355
94,AH,2019,SE1902,HAW-4277,A,10,1,1, ,POSP, ,-1, , ,0,EM, ,0, ,0, ,0, ,0,0, ,0,0, ,0,0,0.044716216
95,AH,2019,SE1902,HAW-4277,A,10,2.5,1, ,PLUT, , , , ,40,MD, ,0, ,0, ,0,BLE,15,1, ,0,0, ,0,0,0.174862717
96,AH,2019,SE1902,HAW-4277,A,10,2.5,1, ,PLUT, , , , ,60,MD, ,0, ,0, ,0, ,0,0, ,0,0, ,0,0,0.244721883
97,AH,2019,SE1902,HAW-4277,A,10,2.5,1, ,POSP, , , , ,15,EM, ,0, ,0, ,0, ,0,0, ,0,0, ,0,0,0.112071093
98,AH,2019,SE1902,HAW-4277,A,10,2.5,1, ,POSP, , , , ,80,MD, ,0, ,0, ,0, ,0,0, ,0,0, ,0,0,0.181408931
99,AH,2019,SE1902,HAW-4277,A,10,2.5,1, ,POSP, , , , ,25,MD, ,0, ,0, ,0, ,0,0, ,0,0, ,0,0,0.218137227
100,AH,2019,SE1902,HAW-4277,A,10,2.5,1, ,POSP, , , , ,70,MD,PRED,12, ,0, ,0, ,0,0, ,0,0, ,0,0,0.238680143
101,AH,2019,SE1902,HAW-4277,A,10,2.5,1, ,PLUT, , , , ,2,MD, ,0, ,0, ,0, ,0,0, ,0,0, ,0,0,0.106832205
102,AH,2019,SE1902,HAW-4277,A,10,2.5,1, ,POSP, , , , ,65,MD, ,0, ,0, ,0, ,0,0, ,0,0, ,0,0,0.197402051
103,AH,2019,SE1902,HAW-4277,A,10,2.5,1, ,POSP, , , , ,25,MD, ,0, ,0, ,0,BLP,5,2,ALG,2,0, ,0,0,0.260297848
104,AH,2019,SE1902,HAW-4277,A,10,2.5,1, ,PLUT, , , , ,35,MD, ,0, ,0, ,0, ,0,0, ,0,0, ,0,0,0.199792818
105,AH,2019,SE1902,HAW-4277,A,10,2.5,1, ,PLUT, , , , ,20,MD, ,0, ,0, ,0, ,0,0, ,0,0, ,0,0,0.184805006
106,AH,2019,SE1902,HAW-4277,A,10,2.5,1, ,PLUT, , , , ,65,MD, ,0, ,0, ,0, ,0,0, ,0,0, ,0,0,0.384219338
107,AH,2019,SE1902,HAW-4277,A,10,1,1, ,POSP, ,-1, , ,0,MD, ,0, ,0, ,0, ,0,0, ,0,0, ,0,0,0.027674175
108,AH,2019,SE1902,HAW-4277,A,10,1,1, ,POSP, ,-1, , ,0,MD, ,0, ,0, ,0, ,0,0, ,0,0, ,0,0,0.023231228
109,AH,2019,SE1902,HAW-4277,A,10,1,1, ,PVAR, ,-1, , ,0,EM, ,0, ,0, ,0, ,0,0, ,0,0, ,0,0,0.026053789
110,AH,2019,SE1902,HAW-4277,A,10,2.5,1, ,POSP, , , , ,20,MD, ,0, ,0, ,0, ,0,0, ,0,0, ,0,0,0.178066168
111,AH,2019,SE1902,HAW-4277,A,10,2.5,1, ,MCAP, , , , ,15,EM, ,0, ,0, ,0,BLE,100,2, ,0,0, ,0,0,0.074667597
112,AH,2019,SE1902,HAW-4277,A,10,2.5,1, ,POSP, , , , ,30,MD, ,0, ,0, ,0, ,0,0, ,0,0, ,0,0,0.090227823
113,AH,2019,SE1902,HAW-4277,A,10,2.5,1, ,POSP, , , , ,0,MD, ,0, ,0, ,0, ,0,0, ,0,0, ,0,0,0.093265321
114,AH,2019,SE1902,HAW-4277,A,10,2.5,1, ,POSP, , , , ,25,MD, ,0, ,0, ,0, ,0,0, ,0,0, ,0,0,0.058207388
115,AH,2019,SE1902,HAW-4277,A,10,1,1, ,POSP, ,-1, , ,2,EM, ,0, ,0, ,0, ,0,0, ,0,0, ,0,0,0.040441191
116,AH,2019,SE1902,HAW-4277,A,10,1,1, ,POSP, ,-1, , ,0,EM, ,0, ,0, ,0, ,0,0, ,0,0, ,0,0,0.046640111
117,AH,2019,SE1902,HAW-4277,A,10,1,1, ,POSP, ,-1, , ,0,MD, ,0, ,0, ,0, ,0,0, ,0,0, ,0,0,0.024660291
118,AH,2019,SE1902,HAW-4277,A,10,1,1, ,POSP, ,-1, , ,0,MD, ,0, ,0, ,0, ,0,0, ,0,0, ,0,0,0.045268975
119,AH,2019,SE1902,HAW-4277,A,10,2.5,1, ,POSP, , , , ,35,MD, ,0, ,0, ,0, ,0,0, ,0,0, ,0,0,0.130222272
120,AH,2019,SE1902,HAW-4277,A,10,1,1, ,POSP, ,-1, , ,0,MD, ,0, ,0, ,0, ,0,0, ,0,0, ,0,0,0.028393837
121,AH,2019,SE1902,HAW-4277,A,10,1,1, ,POSP, ,-1, , ,0,MD, ,0, ,0, ,0, ,0,0, ,0,0, ,0,0,0.031308146
122,AH,2019,SE1902,HAW-4277,A,10,1,1, ,POSP, ,-1, , ,0,MD, ,0, ,0, ,0, ,0,0, ,0,0, ,0,0,0.013124404
123,AH,2019,SE1902,HAW-4277,A,10,1,1, ,POSP, ,-1, , ,0,EM, ,0, ,0, ,0, ,0,0, ,0,0, ,0,0,0.03720336
124,AH,2019,SE1902,HAW-4277,A,10,2.5,1, ,POSP, , , , ,5,EM, ,0, ,0, ,0, ,0,0, ,0,0, ,0,0,0.050224496
125,AH,2019,SE1902,HAW-4277,A,10,2.5,1, ,POSP, , , , ,10,MD, ,0, ,0, ,0, ,0,0, ,0,0, ,0,0,0.092051508
126,AH,2019,SE1902,HAW-4277,A,10,2.5,1, ,POSP, , , , ,15,MD, ,0, ,0, ,0, ,0,0, ,0,0, ,0,0,0.103085062
127,AH,2019,SE1902,HAW-4277,A,10,2.5,1, ,MCAP, , , , ,15,EM, ,0, ,0, ,0, ,0,0, ,0,0, ,0,0,0.06637025
128,AH,2019,SE1902,HAW-4277,A,10,2.5,1, ,POSP, , , , ,40,MD, ,0, ,0, ,0, ,0,0, ,0,0, ,0,0,0.069386022
129,AH,2019,SE1902,HAW-4277,A,10,2.5,1, ,POSP, , , , ,10,MD, ,0, ,0, ,0,ALG,10,0, ,0,0, ,0,0,0.062517998
130,AH,2019,SE1902,HAW-4277,A,10,2.5,1, ,POSP, , , , ,10,MD, ,0, ,0, ,0,ALG,15,0, ,0,0, ,0,0,0.169446422
131,AH,2019,SE1902,HAW-4277,A,10,2.5,1, ,POSP, , , , ,10,MD, ,0, ,0, ,0, ,0,0, ,0,0, ,0,0,0.081608149
132,AH,2019,SE1902,HAW-4277,A,10,2.5,1, ,POSP, , , , ,40,MD, ,0, ,0, ,0, ,0,0, ,0,0, ,0,0,0.106807537
133,AH,2019,SE1902,HAW-4277,A,10,2.5,1, ,POSP, , , , ,50,MD, ,0, ,0, ,0, ,0,0, ,0,0, ,0,0,0.078008525
134,AH,2019,SE1902,HAW-4277,A,10,2.5,1, ,PLUT, , , , ,10,MD, ,0, ,0, ,0, ,0,0, ,0,0, ,0,0,0.086409779
135,AH,2019,SE1902,HAW-4277,A,10,2.5,1, ,POSP, , , , ,60,EM, ,0, ,0, ,0, ,0,0, ,0,0, ,0,0,0.084451939
136,AH,2019,SE1902,HAW-4277,A,10,2.5,1, ,POSP, , , , ,25,EM, ,0, ,0, ,0, ,0,0, ,0,0, ,0,0,0.140223036
137,AH,2019,SE1902,HAW-4277,A,10,2.5,1, ,PCOM, , , , ,45,BR, ,0, ,0, ,0, ,0,0, ,0,0, ,0,0,0.113475019
138,AH,2019,SE1902,HAW-4277,A,10,2.5,1, ,POSP, , , , ,0,MD, ,0, ,0, ,0, ,0,0, ,0,0, ,0,0,0.059340795
139,AH,2019,SE1902,HAW-4277,A,10,2.5,1, ,PLUT, , , , ,2,MD, ,0, ,0, ,0, ,0,0, ,0,0, ,0,0,0.128540187
140,AH,2019,SE1902,HAW-4277,A,10,2.5,1, ,POSP, , , , ,10,MD, ,0, ,0, ,0, ,0,0, ,0,0, ,0,0,0.094194056
141,AH,2019,SE1902,HAW-4277,A,10,2.5,1, ,POSP, , , , ,0,MD, ,0, ,0, ,0, ,0,0, ,0,0, ,0,0,0.108763643
142,AH,2019,SE1902,HAW-4277,A,10,2.5,1, ,MCAP, , , , ,70,EM, ,0, ,0, ,0,BLE,30,2, ,0,0, ,0,0,0.203167813
143,AH,2019,SE1902,HAW-4277,A,10,2.5,1, ,POSP, , , , ,60,MD, ,0, ,0, ,0, ,0,0, ,0,0, ,0,0,0.093029243
144,AH,2019,SE1902,HAW-4277,A,10,2.5,1, ,POSP, , , , ,50,MD, ,0, ,0, ,0, ,0,0, ,0,0, ,0,0,0.055254773
145,AH,2019,SE1902,HAW-4277,A,10,2.5,1, ,POSP, , , , ,40,EM, ,0, ,0, ,0, ,0,0, ,0,0, ,0,0,0.068889768
146,AH,2019,SE1902,HAW-4277,A,10,2.5,1, ,PCOM, , , , ,25,BR,DAMG,5, ,0, ,0, ,0,0, ,0,0, ,0,0,0.133976491
147,AH,2019,SE1902,HAW-4277,A,10,2.5,1, ,POSP, , , , ,10,MD, ,0, ,0, ,0, ,0,0, ,0,0, ,0,0,0.24306748
148,AH,2019,SE1902,HAW-4277,A,10,2.5,1, ,MCAP, , , , ,75,EM, ,0, ,0, ,0, ,0,0, ,0,0, ,0,0,0.127615437
149,AH,2019,SE1902,HAW-4277,A,10,2.5,1, ,POSP, , , , ,40,EM, ,0, ,0, ,0, ,0,0, ,0,0, ,0,0,0.123267919
150,AH,2019,SE1902,HAW-4277,A,10,2.5,1, ,POSP, , , , ,2,MD, ,0, ,0, ,0, ,0,0, ,0,0, ,0,0,0.098356292
151,AH,2019,SE1902,HAW-4277,A,10,2.5,1, ,POSP, , , , ,0,MD, ,0, ,0, ,0, ,0,0, ,0,0, ,0,0,0.056222593
152,AH,2019,SE1902,HAW-4277,A,10,2.5,1, ,POSP, , , , ,40,MD, ,0, ,0, ,0, ,0,0, ,0,0, ,0,0,0.081188731
153,AH,2019,SE1902,HAW-4277,A,10,2.5,1, ,POSP, , , , ,25,EM, ,0, ,0, ,0, ,0,0, ,0,0, ,0,0,0.082386224
154,AH,2019,SE1902,HAW-4277,A,10,2.5,1, ,PCOM, , , , ,70,BR, ,0, ,0, ,0, ,0,0, ,0,0, ,0,0,0.19248161
155,AH,2019,SE1902,HAW-4277,A,10,2.5,1, ,POSP, , , , ,20,EM, ,0, ,0, ,0, ,0,0, ,0,0, ,0,0,0.134479477
156,AH,2019,SE1902,HAW-4277,A,10,2.5,1, ,MCAP, , , , ,5,EM, ,0, ,0, ,0, ,0,0, ,0,0, ,0,0,0.069757436
157,AH,2019,SE1902,HAW-4277,A,10,2.5,1, ,POSP, , , , ,0,MD, ,0, ,0, ,0, ,0,0, ,0,0, ,0,0,0.05707057
158,AH,2019,SE1902,HAW-4277,A,10,2.5,1, ,PLUT, , , , ,60,MD, ,0, ,0, ,0, ,0,0, ,0,0, ,0,0,0.141640813
159,AH,2019,SE1902,HAW-4277,A,10,2.5,1, ,PLUT, , , , ,15,MD, ,0, ,0, ,0, ,0,0, ,0,0, ,0,0,0.095320984
160,AH,2019,SE1902,HAW-4277,A,10,2.5,1, ,PLUT, , , , ,20,MD, ,0, ,0, ,0, ,0,0, ,0,0, ,0,0,0.15230581
161,AH,2019,SE1902,HAW-4277,A,10,2.5,1, ,PLUT, , , , ,70,MD, ,0, ,0, ,0, ,0,0, ,0,0, ,0,0,0.125489482
162,AH,2019,SE1902,HAW-4277,A,15,2.5,1, ,POSP, , , , ,30,MD, ,0, ,0, ,0, ,0,0, ,0,0, ,0,0,0.087550043
163,AH,2019,SE1902,HAW-4277,A,15,2.5,1, ,PLUT, , , , ,15,MD, ,0, ,0, ,0, ,0,0, ,0,0, ,0,0,0.105126401
164,AH,2019,SE1902,HAW-4277,A,15,2.5,1, ,POSP, , , , ,20,MD, ,0, ,0, ,0, ,0,0, ,0,0, ,0,0,0.105524594
165,AH,2019,SE1902,HAW-4277,A,15,2.5,1, ,MCAP, , , , ,5,EM, ,0, ,0, ,0, ,0,0, ,0,0, ,0,0,0.064594505
166,AH,2019,SE1902,HAW-4277,A,15,2.5,1, ,PLUT, , , , ,10,MD, ,0, ,0, ,0,ALG,5,0, ,0,0, ,0,0,0.182527725
167,AH,2019,SE1902,HAW-4277,A,15,2.5,1, ,POSP, , , , ,0,MD, ,0, ,0, ,0, ,0,0, ,0,0, ,0,0,0.077711904
168,AH,2019,SE1902,HAW-4277,A,15,2.5,1, ,PLUT, , , , ,25,MD, ,0, ,0, ,0, ,0,0, ,0,0, ,0,0,0.127704971
169,AH,2019,SE1902,HAW-4277,A,15,2.5,1, ,POSP, , , , ,55,EM, ,0, ,0, ,0, ,0,0, ,0,0, ,0,0,0.208595902
170,AH,2019,SE1902,HAW-4277,A,15,2.5,1, ,POSP, , , , ,65,MD, ,0, ,0, ,0, ,0,0, ,0,0, ,0,0,0.073070103
171,AH,2019,SE1902,HAW-4277,A,15,2.5,1, ,POSP, , , , ,50,MD, ,0, ,0, ,0, ,0,0, ,0,0, ,0,0,0.102015097
172,AH,2019,SE1902,HAW-4277,A,15,2.5,1, ,POSP, , , , ,65,BR, ,0, ,0, ,0, ,0,0, ,0,0, ,0,0,0.162461872
173,AH,2019,SE1902,HAW-4277,A,15,2.5,1, ,POSP, , , , ,0,MD, ,0, ,0, ,0, ,0,0, ,0,0, ,0,0,0.063844263
174,AH,2019,SE1902,HAW-4277,A,15,2.5,1, ,POSP, , , , ,0,EM, ,0, ,0, ,0, ,0,0, ,0,0, ,0,0,0.100822864
175,AH,2019,SE1902,HAW-4277,A,15,2.5,1, ,PLUT, , , , ,30,MD, ,0, ,0, ,0, ,0,0, ,0,0, ,0,0,0.099849887
176,AH,2019,SE1902,HAW-4277,A,15,2.5,1, ,PLUT, , , , ,25,MD, ,0, ,0, ,0, ,0,0, ,0,0, ,0,0,0.11500826
177,AH,2019,SE1902,HAW-4277,A,15,2.5,1, ,PLUT, , , , ,40,MD, ,0, ,0, ,0, ,0,0, ,0,0, ,0,0,0.06652353
178,AH,2019,SE1902,HAW-4277,A,15,2.5,1, ,POSP, , , , ,60,EM, ,0, ,0, ,0, ,0,0, ,0,0, ,0,0,0.152836252
179,AH,2019,SE1902,HAW-4277,A,15,2.5,1, ,POSP, , , , ,15,MD, ,0, ,0, ,0, ,0,0, ,0,0, ,0,0,0.060125285
180,AH,2019,SE1902,HAW-4277,A,15,2.5,1, ,POSP, , , , ,0,MD, ,0, ,0, ,0, ,0,0, ,0,0, ,0,0,0.055677105
181,AH,2019,SE1902,HAW-4277,A,15,2.5,1, ,POSP, , , , ,10,EM, ,0, ,0, ,0, ,0,0, ,0,0, ,0,0,0.053160322
182,AH,2019,SE1902,HAW-4277,A,15,2.5,1, ,PLUT, , , , ,30,MD, ,0, ,0, ,0, ,0,0, ,0,0, ,0,0,0.218480778
183,AH,2019,SE1902,HAW-4277,A,15,2.5,1, ,POSP, , , , ,15,MD, ,0, ,0, ,0,ALG,5,0, ,0,0, ,0,0,0.080443582
184,AH,2019,SE1902,HAW-4277,A,15,2.5,1, ,POSP, , , , ,10,MD, ,0, ,0, ,0, ,0,0, ,0,0, ,0,0,0.180800443
185,AH,2019,SE1902,HAW-4277,A,15,2.5,1, ,POSP, , , , ,20,MD, ,0, ,0, ,0, ,0,0, ,0,0, ,0,0,0.067076821
186,AH,2019,SE1902,HAW-4277,A,15,2.5,1, ,POSP, , , , ,75,EM, ,0, ,0, ,0,ALG,3,0, ,0,0, ,0,0,0.195454138
187,AH,2019,SE1902,HAW-4277,A,15,2.5,1, ,POSP, , , , ,0,MD, ,0, ,0, ,0, ,0,0, ,0,0, ,0,0,0.051606791
188, ,0, , , ,0,0,0, , , , , , ,0, , ,0, ,0, ,0, ,0,0, ,0,0, ,0,0,0
189,AH,2019,SE1902,HAW-4300,A,0,2.5,1, ,POSP, , , , ,30,MD, ,0, ,0, ,0, ,0,0, ,0,0, ,0,0,0.214580987
190,AH,2019,SE1902,HAW-4300,A,0,2.5,1, ,PCOM, , , , ,40,BR, ,0, ,0, ,0, ,0,0, ,0,0, ,0,0,0.138059009
191,AH,2019,SE1902,HAW-4300,A,0,1,1, ,POSP, ,-1, , ,0,EM, ,0, ,0, ,0, ,0,0, ,0,0, ,0,0,0.041034253
192,AH,2019,SE1902,HAW-4300,A,0,2.5,1, ,POSP, , , , ,75,EM, ,0, ,0, ,0, ,0,0, ,0,0, ,0,0,0.131936727
193,AH,2019,SE1902,HAW-4300,A,0,2.5,1, ,PCOM, , , , ,40,BR, ,0, ,0, ,0,BLE,40,3,BLE,10,4, ,0,0,0.26028809
194,AH,2019,SE1902,HAW-4300,A,0,2.5,1, ,POSP, , , , ,50,MD, ,0, ,0, ,0, ,0,0, ,0,0, ,0,0,0.094269241
195,AH,2019,SE1902,HAW-4300,A,0,2.5,1, ,PCOM, , , , ,20,BR,DAMG,1, ,0, ,0, ,0,0, ,0,0, ,0,0,0.162427
196,AH,2019,SE1902,HAW-4300,A,0,2.5,1, ,POSP, , , , ,50,MD,PRED,5, ,0, ,0,ALG,3,0, ,0,0, ,0,0,0.215841516
197,AH,2019,SE1902,HAW-4300,A,0,2.5,1, ,PLUT, , , , ,0,MD, ,0, ,0, ,0, ,0,0, ,0,0, ,0,0,0.074029792
198,AH,2019,SE1902,HAW-4300,A,0,1,1, ,PCOM, ,-1, , ,0,KN, ,0, ,0, ,0, ,0,0, ,0,0, ,0,0,0.044925828
199,AH,2019,SE1902,HAW-4300,A,0,2.5,1, ,POSP, , , , ,5,MD, ,0, ,0, ,0, ,0,0, ,0,0, ,0,0,0.069956058
200,AH,2019,SE1902,HAW-4300,A,0,1,1, ,POSP, ,-1, , ,0,MD, ,0, ,0, ,0, ,0,0, ,0,0, ,0,0,0.030866325
201,AH,2019,SE1902,HAW-4300,A,0,2.5,1, ,POSP, ,0, ,-1,0,MD, ,0, ,0, ,0, ,0,0, ,0,0, ,0,0,0.020889231
202,AH,2019,SE1902,HAW-4300,A,0,1,1, ,POSP, ,-1, , ,0,MD, ,0, ,0, ,0, ,0,0, ,0,0, ,0,0,0.031952464
203,AH,2019,SE1902,HAW-4300,A,0,2.5,1, ,POSP, , , ,-1,0,EM, ,0, ,0, ,0, ,0,0, ,0,0, ,0,0,0.032437633
204,AH,2019,SE1902,HAW-4300,A,0,2.5,1, ,POSP, , , ,-1,0,EM, ,0, ,0, ,0, ,0,0, ,0,0, ,0,0,0.011438967
205,AH,2019,SE1902,HAW-4300,A,0,2.5,1, ,POSP, , , , ,2,MD, ,0, ,0, ,0, ,0,0, ,0,0, ,0,0,0.060209799
206,AH,2019,SE1902,HAW-4300,A,0,1,1, ,MCAP, ,-1, , ,0,EM, ,0, ,0, ,0, ,0,0, ,0,0, ,0,0,0.044413624
207,AH,2019,SE1902,HAW-4300,A,0,2.5,1, ,POSP, , , ,-1,0,MD, ,0, ,0, ,0, ,0,0, ,0,0, ,0,0,0.038351271
208,AH,2019,SE1902,HAW-4300,A,0,2.5,1, ,PLUT, , , , ,15,MD, ,0, ,0, ,0,ALG,5,0, ,0,0, ,0,0,0.0970285
209,AH,2019,SE1902,HAW-4300,A,0,2.5,1, ,PLUT, , , , ,5,MD, ,0, ,0, ,0, ,0,0, ,0,0, ,0,0,0.075106658
210,AH,2019,SE1902,HAW-4300,A,0,2.5,1, ,POSP, , , , ,5,MD, ,0, ,0, ,0, ,0,0, ,0,0, ,0,0,0.063371445
211,AH,2019,SE1902,HAW-4300,A,0,2.5,1, ,POSP, , , , ,65,MD, ,0, ,0, ,0, ,0,0, ,0,0, ,0,0,0.246553868
212,AH,2019,SE1902,HAW-4300,A,0,2.5,1, ,POSP, ,0, ,-1,0,EM, ,0, ,0, ,0, ,0,0, ,0,0, ,0,0,0.033817895
213,AH,2019,SE1902,HAW-4300,A,0,2.5,1, ,POSP, , , , ,70,EM, ,0, ,0, ,0, ,0,0, ,0,0, ,0,0,0.106567162
214,AH,2019,SE1902,HAW-4300,A,0,2.5,1, ,PLUT, , , , ,0, , ,0, ,0, ,0, ,0,0, ,0,0, ,0,0,0.14800223
215,AH,2019,SE1902,HAW-4300,A,0,1,1, ,POSP, ,-1, , ,0,MD, ,0, ,0, ,0, ,0,0, ,0,0, ,0,0,0.027033683
216,AH,2019,SE1902,HAW-4300,A,0,2.5,1, ,PCOM, , , , ,0,BR, ,0, ,0, ,0, ,0,0, ,0,0, ,0,0,0.091872575
217,AH,2019,SE1902,HAW-4300,A,0,2.5,1, ,POSP, , , ,-1,0,EM, ,0, ,0, ,0, ,0,0, ,0,0, ,0,0,0.046456969
218,AH,2019,SE1902,HAW-4300,A,0,2.5,1, ,PLUT, , , , ,20,MD, ,0, ,0, ,0,ALG,3,0, ,0,0, ,0,0,0.199338756
219,AH,2019,SE1902,HAW-4300,A,0,2.5,1, ,POSP, , , , ,5,EM, ,0, ,0, ,0, ,0,0, ,0,0, ,0,0,0.076157731
220,AH,2019,SE1902,HAW-4300,A,0,2.5,1, ,PLUT, , , , ,25,MD, ,0, ,0, ,0, ,0,0, ,0,0, ,0,0,0.069372401
221,AH,2019,SE1902,HAW-4300,A,0,2.5,1, ,PLUT, , , , ,0,MD, ,0, ,0, ,0, ,0,0, ,0,0, ,0,0,0.05091326
222,AH,2019,SE1902,HAW-4300,A,0,2.5,1, ,POSP, , , ,-1,0,EM, ,0, ,0, ,0, ,0,0, ,0,0, ,0,0,0.0516
223,AH,2019,SE1902,HAW-4300,A,0,2.5,1, ,POSP, , , , ,30,MD, ,0, ,0, ,0, ,0,0, ,0,0, ,0,0,0.106241706
224,AH,2019,SE1902,HAW-4300,A,0,2.5,1, ,POSP, , , , ,5,MD, ,0, ,0, ,0, ,0,0, ,0,0, ,0,0,0.072261539
225,AH,2019,SE1902,HAW-4300,A,0,2.5,1, ,PCOM, , ,-1, ,0,BR, ,0, ,0, ,0, ,0,0, ,0,0, ,0,0,0.051293761
226,AH,2019,SE1902,HAW-4300,A,0,2.5,1, ,PCOM, , , , ,15,KN, ,0, ,0, ,0, ,0,0, ,0,0, ,0,0,0.082562098
227,AH,2019,SE1902,HAW-4300,A,0,2.5,1, ,PLUT, , , , ,3,MD, ,0, ,0, ,0, ,0,0, ,0,0, ,0,0,0.115321117
228,AH,2019,SE1902,HAW-4300,A,0,2.5,1, ,PLUT, , , , ,40,MD, ,0, ,0, ,0, ,0,0, ,0,0, ,0,0,0.108588811
229,AH,2019,SE1902,HAW-4300,A,0,2.5,1, ,MCAP, , , , ,60,EM, ,0, ,0, ,0,BLE,40,2, ,0,0, ,0,0,0.101854062
230,AH,2019,SE1902,HAW-4300,A,0,2.5,1, ,POSP, , , , ,80,MD, ,0, ,0, ,0, ,0,0, ,0,0, ,0,0,0.190076248
231,AH,2019,SE1902,HAW-4300,A,0,2.5,1, ,MCAP, , , , ,20,EM, ,0, ,0, ,0,BLE,80,2, ,0,0, ,0,0,0.062089049
232,AH,2019,SE1902,HAW-4300,A,0,2.5,1, ,POSP, , , ,-1,0,EM, ,0, ,0, ,0, ,0,0, ,0,0, ,0,0,0.053861396
233,AH,2019,SE1902,HAW-4300,A,0,2.5,1, ,POSP, , , , ,15,MD, ,0, ,0, ,0,ALG,5,0, ,0,0, ,0,0,0.099958492
234,AH,2019,SE1902,HAW-4300,A,0,2.5,1, ,POSP, , , , ,35,MD, ,0, ,0, ,0, ,0,0, ,0,0, ,0,0,0.052972824
235,AH,2019,SE1902,HAW-4300,A,0,2.5,1, ,POSP, , , , ,2,EM, ,0, ,0, ,0, ,0,0, ,0,0, ,0,0,0.178252994
236,AH,2019,SE1902,HAW-4300,A,0,2.5,1, ,POSP, , , , ,60,MD, ,0, ,0, ,0,ALG,3,0, ,0,0, ,0,0,0.226771515
237,AH,2019,SE1902,HAW-4300,A,0,2.5,1, ,POSP, , , , ,50,MD, ,0, ,0, ,0, ,0,0, ,0,0, ,0,0,0.575476569
238,AH,2019,SE1902,HAW-4300,A,0,2.5,1, ,PCOM, , , , ,70,BR,DAMG,3, ,0, ,0, ,0,0, ,0,0, ,0,0,0.442346922
239,AH,2019,SE1902,HAW-4300,A,0,2.5,1, ,PCOM, , , , ,60,BR,DAMG,2, ,0, ,0, ,0,0, ,0,0, ,0,0,0.208275393
240,AH,2019,SE1902,HAW-4300,A,0,2.5,1, ,POSP, , , , ,20,MD, ,0, ,0, ,0, ,0,0, ,0,0, ,0,0,0.120192596
241,AH,2019,SE1902,HAW-4300,A,0,2.5,1, ,POSP, , , , ,45,MD, ,0, ,0, ,0, ,0,0, ,0,0, ,0,0,0.119276023
242,AH,2019,SE1902,HAW-4300,A,0,2.5,1, ,POSP, , , , ,80,MD, ,0, ,0, ,0, ,0,0, ,0,0, ,0,0,0.094794514
243,AH,2019,SE1902,HAW-4300,A,0,2.5,1, ,MCAP, , , , ,5,EM, ,0, ,0, ,0,BLE,50,1, ,0,0, ,0,0,0.083198559
244,AH,2019,SE1902,HAW-4300,A,0,2.5,1, ,POSP, , , , ,3,EM, ,0, ,0, ,0, ,0,0, ,0,0, ,0,0,0.075416974
245,AH,2019,SE1902,HAW-4300,A,0,2.5,1, ,PCOM, , , , ,70,BR,DAMG,2, ,0, ,0, ,0,0, ,0,0, ,0,0,0.407384044
246,AH,2019,SE1902,HAW-4300,A,0,2.5,1, ,PLUT, , , , ,1,MD, ,0, ,0, ,0, ,0,0, ,0,0, ,0,0,0.134874237
247,AH,2019,SE1902,HAW-4300,A,0,2.5,1, ,PLUT, , , , ,2,MD, ,0, ,0, ,0, ,0,0, ,0,0, ,0,0,0.140041207
248,AH,2019,SE1902,HAW-4300,A,0,2.5,1, ,POSP, , , , ,50,MD, ,0, ,0, ,0, ,0,0, ,0,0, ,0,0,0.092599999
249,AH,2019,SE1902,HAW-4300,A,0,2.5,1, ,POSP, , , , ,10,MD, ,0, ,0, ,0, ,0,0, ,0,0, ,0,0,0.153227184
250,AH,2019,SE1902,HAW-4300,A,0,2.5,1, ,MCAP, , , , ,5,EM, ,0, ,0, ,0,BLE,90,1, ,0,0, ,0,0,0.054684733
251,AH,2019,SE1902,HAW-4300,A,0,2.5,1, ,PCOM, , , , ,0,BR, ,0, ,0, ,0, ,0,0, ,0,0, ,0,0,0.098432363
252,AH,2019,SE1902,HAW-4300,A,0,2.5,1, ,MCAP, , , , ,10,EM, ,0, ,0, ,0, ,0,0, ,0,0, ,0,0,0.087986476
253,AH,2019,SE1902,HAW-4300,A,0,2.5,1, ,PCOM, , , , ,25,BR, ,0, ,0, ,0, ,0,0, ,0,0, ,0,0,0.177259696
254,AH,2019,SE1902,HAW-4300,A,0,2.5,1, ,POSP, , , , ,5,EM, ,0, ,0, ,0, ,0,0, ,0,0, ,0,0,0.075028661
255,AH,2019,SE1902,HAW-4300,A,5,1,1, ,POSP, ,-1, , ,0,MD, ,0, ,0, ,0, ,0,0, ,0,0, ,0,0,0.026488489
256,AH,2019,SE1902,HAW-4300,A,5,1,1, ,POCS, ,-1, , ,0,KN, ,0, ,0, ,0, ,0,0, ,0,0, ,0,0,0.018298088
257,AH,2019,SE1902,HAW-4300,A,5,1,1, ,POSP, ,-1, , ,0,MD, ,0, ,0, ,0, ,0,0, ,0,0, ,0,0,0.016929264
258,AH,2019,SE1902,HAW-4300,A,5,2.5,1, ,POSP, , , , ,10,EM, ,0, ,0, ,0, ,0,0, ,0,0, ,0,0,0.050239824
259,AH,2019,SE1902,HAW-4300,A,5,2.5,1, ,POSP, , , , ,0,MD, ,0, ,0, ,0, ,0,0, ,0,0, ,0,0,0.064474802
260,AH,2019,SE1902,HAW-4300,A,5,2.5,1, ,POSP, , , , ,40,EM, ,0, ,0, ,0, ,0,0, ,0,0, ,0,0,0.085732432
261,AH,2019,SE1902,HAW-4300,A,5,1,1, ,POSP, ,-1, , ,0,MD, ,0, ,0, ,0, ,0,0, ,0,0, ,0,0,0.018076781
262,AH,2019,SE1902,HAW-4300,A,5,1,1, ,POSP, ,-1, , ,0,MD, ,0, ,0, ,0, ,0,0, ,0,0, ,0,0,0.019304145
263,AH,2019,SE1902,HAW-4300,A,5,2.5,1, ,POSP, , , , ,5,MD, ,0, ,0, ,0,ALG,2,0, ,0,0, ,0,0,0.073221444
264,AH,2019,SE1902,HAW-4300,A,5,2.5,1, ,PCOM, , , , ,15,BR, ,0, ,0, ,0, ,0,0, ,0,0, ,0,0,0.141494205
265,AH,2019,SE1902,HAW-4300,A,5,1,1, ,POSP, ,-1, , ,0, , ,0, ,0, ,0, ,0,0, ,0,0, ,0,0,0.027846903
266,AH,2019,SE1902,HAW-4300,A,5,2.5,1, ,POSP, , , ,-1,0,MD, ,0, ,0, ,0, ,0,0, ,0,0, ,0,0,0.023700211
267,AH,2019,SE1902,HAW-4300,A,5,1,1, ,POSP, ,-1, , ,0,MD, ,0, ,0, ,0, ,0,0, ,0,0, ,0,0,0.010929319
268,AH,2019,SE1902,HAW-4300,A,5,1,1, ,POSP, ,-1, , ,0,MD, ,0, ,0, ,0, ,0,0, ,0,0, ,0,0,0.016389325
269,AH,2019,SE1902,HAW-4300,A,5,2.5,1, ,POSP, , , ,-1,0,MD, ,0, ,0, ,0, ,0,0, ,0,0, ,0,0,0.032830626
270,AH,2019,SE1902,HAW-4300,A,5,1,1, ,POSP, ,-1, , ,0,EM, ,0, ,0, ,0, ,0,0, ,0,0, ,0,0,0.024941932
271,AH,2019,SE1902,HAW-4300,A,5,2.5,1, ,PLUT, , , , ,40,MD, ,0, ,0, ,0, ,0,0, ,0,0, ,0,0,0.109678667
272,AH,2019,SE1902,HAW-4300,A,5,2.5,1, ,PLUT, , , , ,3,EM, ,0, ,0, ,0, ,0,0, ,0,0, ,0,0,0.074887783
273,AH,2019,SE1902,HAW-4300,A,5,1,1, ,POSP, ,-1, , ,0,EM, ,0, ,0, ,0, ,0,0, ,0,0, ,0,0,0.018282231
274,AH,2019,SE1902,HAW-4300,A,5,1,1, ,POSP, ,-1, , ,0,EM, ,0, ,0, ,0, ,0,0, ,0,0, ,0,0,0.038133581
275,AH,2019,SE1902,HAW-4300,A,5,2.5,1, ,POSP, , , , ,25,MD,PRED,5, ,0, ,0, ,0,0, ,0,0, ,0,0,0.103918622
276,AH,2019,SE1902,HAW-4300,A,5,1,1, ,POSP, ,-1, , ,0,MD, ,0, ,0, ,0, ,0,0, ,0,0, ,0,0,0.026802984
277,AH,2019,SE1902,HAW-4300,A,5,2.5,1, ,POSP, , , , ,0,MD, ,0, ,0, ,0, ,0,0, ,0,0, ,0,0,0.072700825
278,AH,2019,SE1902,HAW-4300,A,5,1,1, ,MCAP, ,-1, , ,0,EM, ,0, ,0, ,0, ,0,0, ,0,0, ,0,0,0.013280061
279,AH,2019,SE1902,HAW-4300,A,5,2.5,1, ,PLUT, , , , ,3,MD, ,0, ,0, ,0, ,0,0, ,0,0, ,0,0,0.057404007
280,AH,2019,SE1902,HAW-4300,A,5,1,1, ,PLUT, ,-1, , ,0,MD, ,0, ,0, ,0, ,0,0, ,0,0, ,0,0,0.031618349
281,AH,2019,SE1902,HAW-4300,A,5,1,1, ,POSP, ,-1, ,0,0,MD, ,0, ,0, ,0, ,0,0, ,0,0, ,0,0,0.037388367
282,AH,2019,SE1902,HAW-4300,A,5,1,1, ,POSP, ,-1, , ,0,MD, ,0, ,0, ,0, ,0,0, ,0,0, ,0,0,0.020752349
283,AH,2019,SE1902,HAW-4300,A,5,2.5,1, ,POSP, , , ,-1,0,MD, ,0, ,0, ,0, ,0,0, ,0,0, ,0,0,0.020929644
284,AH,2019,SE1902,HAW-4300,A,5,2.5,1, ,MCAP, , , , ,60,EM, ,0, ,0, ,0,BLE,40,1, ,0,0, ,0,0,0.116117225
285,AH,2019,SE1902,HAW-4300,A,5,1,1, ,POSP, ,-1, , ,0,MD, ,0, ,0, ,0, ,0,0, ,0,0, ,0,0,0.021705758
286,AH,2019,SE1902,HAW-4300,A,5,1,1, ,POSP, ,-1, , ,0,MD, ,0, ,0, ,0, ,0,0, ,0,0, ,0,0,0.02479516
287,AH,2019,SE1902,HAW-4300,A,5,1,1, ,POSP, ,-1, , ,0,EM, ,0, ,0, ,0, ,0,0, ,0,0, ,0,0,0.036062723
288,AH,2019,SE1902,HAW-4300,A,5,1,1, ,PLUT, ,-1, , ,0,MD, ,0, ,0, ,0, ,0,0, ,0,0, ,0,0,0.035215052
289,AH,2019,SE1902,HAW-4300,A,5,2.5,1, ,POSP, , , ,-1,0,EM, ,0, ,0, ,0, ,0,0, ,0,0, ,0,0,0.026600188
290,AH,2019,SE1902,HAW-4300,A,5,2.5,1, ,PCOM, , , , ,15,BR, ,0, ,0, ,0, ,0,0, ,0,0, ,0,0,0.167196441
291,AH,2019,SE1902,HAW-4300,A,5,1,1, ,POSP, ,-1, , ,0,EM, ,0, ,0, ,0, ,0,0, ,0,0, ,0,0,0.030116606
292,AH,2019,SE1902,HAW-4300,A,5,1,1, ,POSP, ,-1, , ,0,MD, ,0, ,0, ,0, ,0,0, ,0,0, ,0,0,0.016385664
293,AH,2019,SE1902,HAW-4300,A,5,2.5,1, ,PLUT, , , , ,40,MD, ,0, ,0, ,0,ALG,10,0, ,0,0, ,0,0,0.085020291
294,AH,2019,SE1902,HAW-4300,A,5,2.5,1, ,POSP, , , , ,30,MD, ,0, ,0, ,0, ,0,0, ,0,0, ,0,0,0.094844347
295,AH,2019,SE1902,HAW-4300,A,5,1,1, ,POSP, ,-1, , ,0,MD, ,0, ,0, ,0, ,0,0, ,0,0, ,0,0,0.029920729
296,AH,2019,SE1902,HAW-4300,A,5,1,1, ,POSP, ,-1, , ,0,MD, ,0, ,0, ,0, ,0,0, ,0,0, ,0,0,0.024947945
297,AH,2019,SE1902,HAW-4300,A,5,2.5,1, ,POSP, , , , ,15,MD, ,0, ,0, ,0,ALG,5,0, ,0,0, ,0,0,0.136844218
298,AH,2019,SE1902,HAW-4300,A,5,1,1, ,POSP, ,-1, , ,0,MD, ,0, ,0, ,0, ,0,0, ,0,0, ,0,0,0.026951995
299,AH,2019,SE1902,HAW-4300,A,5,2.5,1, ,POSP, , , , ,70,EM, ,0, ,0, ,0, ,0,0, ,0,0, ,0,0,0.188532491
300,AH,2019,SE1902,HAW-4300,A,5,1,1, ,POSP, ,-1, , ,0,MD, ,0, ,0, ,0, ,0,0, ,0,0, ,0,0,0.022726635
301,AH,2019,SE1902,HAW-4300,A,5,2.5,1, ,POSP, , , , ,35,MD, ,0, ,0, ,0, ,0,0, ,0,0, ,0,0,0.063046807
302,AH,2019,SE1902,HAW-4300,A,5,1,1, ,PLUT, ,-1, , ,0,MD, ,0, ,0, ,0, ,0,0, ,0,0, ,0,0,0.040071562
303,AH,2019,SE1902,HAW-4300,A,5,2.5,1, ,POSP, , , , ,10,MD, ,0, ,0, ,0, ,0,0, ,0,0, ,0,0,0.064309954
304,AH,2019,SE1902,HAW-4300,A,5,2.5,1, ,POSP, , , ,-1,0,EM, ,0, ,0, ,0, ,0,0, ,0,0, ,0,0,0.036499999
305,AH,2019,SE1902,HAW-4300,A,5,2.5,1, ,POSP, , , ,-1,0,EM, ,0, ,0, ,0, ,0,0, ,0,0, ,0,0,0.014080127
306,AH,2019,SE1902,HAW-4300,A,5,1,1, ,POSP, ,-1, , ,0,EM, ,0, ,0, ,0, ,0,0, ,0,0, ,0,0,0.031953874
307,AH,2019,SE1902,HAW-4300,A,5,1,1, ,POSP, ,-1, , ,0,EM, ,0, ,0, ,0, ,0,0, ,0,0, ,0,0,0.022146106
308,AH,2019,SE1902,HAW-4300,A,5,2.5,1, ,POSP, , , , ,30,MD, ,0, ,0, ,0,ALG,10,0, ,0,0, ,0,0,0.142936244
309,AH,2019,SE1902,HAW-4300,A,5,2.5,1, ,POSP, , , , ,35,MD, ,0, ,0, ,0,ALG,5,0, ,0,0, ,0,0,0.056618813
310,AH,2019,SE1902,HAW-4300,A,5,1,1, ,POSP, ,-1, , ,0,EM, ,0, ,0, ,0, ,0,0, ,0,0, ,0,0,0.035252943
311,AH,2019,SE1902,HAW-4300,A,5,2.5,1, ,POSP, , , ,-1,0,EM, ,0, ,0, ,0, ,0,0, ,0,0, ,0,0,0.012376043
312,AH,2019,SE1902,HAW-4300,A,5,2.5,1, ,POSP, , , ,-1,0,EM, ,0, ,0, ,0, ,0,0, ,0,0, ,0,0,0.009924717
313,AH,2019,SE1902,HAW-4300,A,5,1,1, ,POSP, ,-1, , ,0,MD, ,0, ,0, ,0, ,0,0, ,0,0, ,0,0,0.022765324
314,AH,2019,SE1902,HAW-4300,A,5,2.5,1, ,PLUT, , , , ,40,MD, ,0, ,0, ,0, ,0,0, ,0,0, ,0,0,0.087611186
315,AH,2019,SE1902,HAW-4300,A,5,1,1, ,POSP, ,-1, , ,0,MD, ,0, ,0, ,0, ,0,0, ,0,0, ,0,0,0.044525274
316,AH,2019,SE1902,HAW-4300,A,5,1,1, ,POSP, ,-1, , ,0,MD, ,0, ,0, ,0, ,0,0, ,0,0, ,0,0,0.028412146
317,AH,2019,SE1902,HAW-4300,A,5,2.5,1, ,PLUT, , , ,-1,0,MD, ,0, ,0, ,0, ,0,0, ,0,0, ,0,0,0.019212756
318,AH,2019,SE1902,HAW-4300,A,5,1,1, ,POSP, ,-1, , ,0,MD, ,0, ,0, ,0, ,0,0, ,0,0, ,0,0,0.019743354
319,AH,2019,SE1902,HAW-4300,A,5,1,1, ,POSP, ,-1, , ,0,MD, ,0, ,0, ,0, ,0,0, ,0,0, ,0,0,0.014504136
320,AH,2019,SE1902,HAW-4300,A,5,1,1, ,POSP, ,-1, , ,0,EM, ,0, ,0, ,0, ,0,0, ,0,0, ,0,0,0.035464489
321,AH,2019,SE1902,HAW-4300,A,5,2.5,1, ,POSP, , , ,-1,0,EM, ,0, ,0, ,0, ,0,0, ,0,0, ,0,0,0.010489041
322,AH,2019,SE1902,HAW-4300,A,5,2.5,1, ,POSP, , , ,-1,0,MD, ,0, ,0, ,0, ,0,0, ,0,0, ,0,0,0.01188781
323,AH,2019,SE1902,HAW-4300,A,5,2.5,1, ,POSP, , , , ,30,EM, ,0, ,0, ,0, ,0,0, ,0,0, ,0,0,0.066233828
324,AH,2019,SE1902,HAW-4300,A,5,2.5,1, ,POSP, , , , ,60,MD, ,0, ,0, ,0,ALG,10,0, ,0,0, ,0,0,0.068041237
325,AH,2019,SE1902,HAW-4300,A,5,2.5,1, ,PCOM, , ,-1, ,0,BR, ,0, ,0, ,0, ,0,0, ,0,0, ,0,0,0.038183765
326,AH,2019,SE1902,HAW-4300,A,5,2.5,1, ,POSP, , , , ,40,MD, ,0, ,0, ,0, ,0,0, ,0,0, ,0,0,0.052613402
327,AH,2019,SE1902,HAW-4300,A,5,2.5,1, ,PCOM, , , , ,15,BR, ,0, ,0, ,0, ,0,0, ,0,0, ,0,0,0.072712585
328,AH,2019,SE1902,HAW-4300,A,5,2.5,1, ,POSP, , , , ,20,EM, ,0, ,0, ,0,ALG,3,0, ,0,0, ,0,0,0.129588965
329,AH,2019,SE1902,HAW-4300,A,5,2.5,1, ,POSP, , , , ,60,MD, ,0, ,0, ,0,ALG,5,0, ,0,0, ,0,0,0.139763121
330,AH,2019,SE1902,HAW-4300,A,5,2.5,1, ,PCOM, , , , ,80,BR,DAMG,2, ,0, ,0, ,0,0, ,0,0, ,0,0,0.211131925
331,AH,2019,SE1902,HAW-4300,A,5,2.5,1, ,PCOM, , , , ,15,BR, ,0, ,0, ,0,BLE,80,2,ALG,5,0, ,0,0,0.206315415
332,AH,2019,SE1902,HAW-4300,A,5,2.5,1, ,POSP, , , , ,70,EM, ,0, ,0, ,0,BLE,30,1, ,0,0, ,0,0,0.146412329
333,AH,2019,SE1902,HAW-4300,A,5,2.5,1, ,PCOM, , , , ,5,BR, ,0, ,0, ,0, ,0,0, ,0,0, ,0,0,0.077441203
334,AH,2019,SE1902,HAW-4300,A,5,2.5,1, ,POSP, , , , ,60,MD, ,0, ,0, ,0,ALG,5,0,BLE,0,0, ,0,0,0.230708669
335,AH,2019,SE1902,HAW-4300,A,5,2.5,1, ,PCOM, , , , ,0,BR, ,0, ,0, ,0,BLE,100,2,ALG,2,0, ,0,0,0.104532914
336,AH,2019,SE1902,HAW-4300,A,5,2.5,1, ,POSP, , , , ,80,MD, ,0, ,0, ,0, ,0,0, ,0,0, ,0,0,0.193841276
337,AH,2019,SE1902,HAW-4300,A,5,2.5,1, ,PCOM, , , , ,5,BR, ,0, ,0, ,0,BLE,30,1, ,0,0, ,0,0,0.099480701
338,AH,2019,SE1902,HAW-4300,A,5,2.5,1, ,POSP, , , , ,60,MD, ,0, ,0, ,0, ,0,0, ,0,0, ,0,0,0.06632541
339,AH,2019,SE1902,HAW-4300,A,5,2.5,1, ,POSP, , , , ,20,MD, ,0, ,0, ,0,ALG,5,0, ,0,0, ,0,0,0.059310201
340,AH,2019,SE1902,HAW-4300,A,5,2.5,1, ,MCAP, , , , ,10,EM, ,0, ,0, ,0,BLE,30,1,BLE,10,2, ,0,0,0.080203864
341,AH,2019,SE1902,HAW-4300,A,5,2.5,1, ,PCOM, , , , ,80,BR, ,0, ,0, ,0, ,0,0, ,0,0, ,0,0,0.231318178
342,AH,2019,SE1902,HAW-4300,A,5,2.5,1, ,POSP, , , , ,50,MD, ,0, ,0, ,0, ,0,0, ,0,0, ,0,0,0.131134473
343,AH,2019,SE1902,HAW-4300,A,5,2.5,1, ,PLUT, , , , ,20,MD, ,0, ,0, ,0, ,0,0, ,0,0, ,0,0,0.275618614
344,AH,2019,SE1902,HAW-4300,A,5,2.5,1, ,PCOM, , , , ,90,BR, ,0, ,0, ,0, ,0,0, ,0,0, ,0,0,0.21413874
345,AH,2019,SE1902,HAW-4300,A,10,2.5,1, ,PLUT, , , , ,5,MD, ,0, ,0, ,0, ,0,0, ,0,0, ,0,0,0.193206469
346,AH,2019,SE1902,HAW-4300,A,10,2.5,1, ,POSP, , , , ,2,MD, ,0, ,0, ,0,SGA,5,0, ,0,0, ,0,0,0.051131399
347,AH,2019,SE1902,HAW-4300,A,10,2.5,1, ,POSP, , , , ,35,MD, ,0, ,0, ,0, ,0,0, ,0,0, ,0,0,0.099475274
348,AH,2019,SE1902,HAW-4300,A,10,2.5,1, ,POSP, , , , ,0,MD, ,0, ,0, ,0, ,0,0, ,0,0, ,0,0,0.09024838
349,AH,2019,SE1902,HAW-4300,A,10,2.5,1, ,POSP, , , , ,30,MD, ,0, ,0, ,0, ,0,0, ,0,0, ,0,0,0.125756749
350,AH,2019,SE1902,HAW-4300,A,10,2.5,1, ,PCOM, , , , ,60,BR, ,0, ,0, ,0, ,0,0, ,0,0, ,0,0,0.084148261
351,AH,2019,SE1902,HAW-4300,A,10,2.5,1, ,POSP, , , , ,5,EM, ,0, ,0, ,0, ,0,0, ,0,0, ,0,0,0.072083077
352,AH,2019,SE1902,HAW-4300,A,10,2.5,1, ,POSP, , , , ,0,MD, ,0, ,0, ,0, ,0,0, ,0,0, ,0,0,0.084601301
353,AH,2019,SE1902,HAW-4300,A,10,2.5,1, ,PLUT, , , , ,10,MD, ,0, ,0, ,0, ,0,0, ,0,0, ,0,0,0.093523045
354,AH,2019,SE1902,HAW-4300,A,10,2.5,1, ,PLUT, , , , ,5,MD, ,0, ,0, ,0,SGA,2,0, ,0,0, ,0,0,0.246163463
355,AH,2019,SE1902,HAW-4300,A,10,2.5,1, ,POSP, , , , ,0,MD, ,0, ,0, ,0, ,0,0, ,0,0, ,0,0,0.065119735
356,AH,2019,SE1902,HAW-4300,A,10,2.5,1, ,PCOM, , , , ,15,BR, ,0, ,0, ,0, ,0,0, ,0,0, ,0,0,0.130754502
357,AH,2019,SE1902,HAW-4300,A,10,2.5,1, ,PLUT, , , , ,2,MD, ,0, ,0, ,0, ,0,0, ,0,0, ,0,0,0.159189196
358,AH,2019,SE1902,HAW-4300,A,10,2.5,1, ,POSP, , , , ,40,EM, ,0, ,0, ,0, ,0,0, ,0,0, ,0,0,0.105131964
359,AH,2019,SE1902,HAW-4300,A,10,2.5,1, ,POSP, , , , ,3,MD, ,0, ,0, ,0, ,0,0, ,0,0, ,0,0,0.132025186
360,AH,2019,SE1902,HAW-4300,A,10,2.5,1, ,PLUT, , , , ,10,MD, ,0, ,0, ,0, ,0,0, ,0,0, ,0,0,0.147716385
361,AH,2019,SE1902,HAW-4300,A,10,2.5,1, ,POSP, , , , ,20,MD, ,0, ,0, ,0,BLE,60,1, ,0,0, ,0,0,0.271840634
362,AH,2019,SE1902,HAW-4300,A,10,2.5,1, ,POSP, , , , ,35,MD, ,0, ,0, ,0, ,0,0, ,0,0, ,0,0,0.375116849
363,AH,2019,SE1902,HAW-4300,A,10,2.5,1, ,POSP, , , , ,30,KN, ,0, ,0, ,0, ,0,0, ,0,0, ,0,0,0.170511143
364,AH,2019,SE1902,HAW-4300,A,10,2.5,1, ,MCAP, , , , ,0,EM, ,0, ,0, ,0, ,0,0, ,0,0, ,0,0,0.056441829
365,AH,2019,SE1902,HAW-4300,A,10,2.5,1, ,POSP, , , , ,20,MD, ,0, ,0, ,0, ,0,0, ,0,0, ,0,0,0.115028041
366,AH,2019,SE1902,HAW-4300,A,10,2.5,1, ,POSP, , , , ,5,MD, ,0, ,0, ,0, ,0,0, ,0,0, ,0,0,0.157665754
367,AH,2019,SE1902,HAW-4300,A,10,2.5,1, ,PCOM, , , , ,60,BR, ,0, ,0, ,0, ,0,0, ,0,0, ,0,0,0.445888831
368,AH,2019,SE1902,HAW-4300,A,10,2.5,1, ,PCOM, , , , ,75,BR, ,0, ,0, ,0,ALG,5,0, ,0,0, ,0,0,0.347881273
369,AH,2019,SE1902,HAW-4300,A,10,2.5,1, ,PCOM, , , , ,85,BR, ,0, ,0, ,0,BLE,5,4,BLE,5,3, ,0,0,1.416291672
370,AH,2019,SE1902,HAW-4300,A,10,2.5,1, ,POSP, , , , ,50,MD, ,0, ,0, ,0, ,0,0, ,0,0, ,0,0,0.32068851
371,AH,2019,SE1902,HAW-4300,A,10,2.5,1, ,POSP, , , , ,40,MD, ,0, ,0, ,0, ,0,0, ,0,0, ,0,0,0.172622159
372,AH,2019,SE1902,HAW-4300,A,10,2.5,1, ,PCOM, , , , ,70,BR,DZGN,2, ,0, ,0,BLE,20,1, ,0,0, ,0,0,0.528621272
373,AH,2019,SE1902,HAW-4300,A,10,2.5,1, ,POSP, , , , ,40,MD, ,0, ,0, ,0, ,0,0, ,0,0, ,0,0,0.226916064
374,AH,2019,SE1902,HAW-4300,A,10,2.5,1, ,POSP, , , , ,60,EM, ,0, ,0, ,0, ,0,0, ,0,0, ,0,0,0.654233048
375,AH,2019,SE1902,HAW-4300,A,10,2.5,1, ,POSP, , , , ,0,EM, ,0, ,0, ,0, ,0,0, ,0,0, ,0,0,0.059962072
376,AH,2019,SE1902,HAW-4300,A,10,2.5,1, ,POSP, , , , ,65,MD, ,0, ,0, ,0, ,0,0, ,0,0, ,0,0,0.182436236
377,AH,2019,SE1902,HAW-4300,A,10,2.5,1, ,PLUT, , , , ,1,MD, ,0, ,0, ,0,ALG,3,0, ,0,0, ,0,0,0.092086916
378,AH,2019,SE1902,HAW-4300,A,10,2.5,1, ,PLUT, , , , ,20,MD, ,0, ,0, ,0, ,0,0, ,0,0, ,0,0,0.250661067
379,AH,2019,SE1902,HAW-4300,A,10,2.5,1, ,PLUT, , , , ,15,MD, ,0, ,0, ,0, ,0,0, ,0,0, ,0,0,0.515414444
380,AH,2019,SE1902,HAW-4300,A,10,2.5,1, ,MCAP, , , , ,5,EM, ,0, ,0, ,0,BLE,20,1, ,0,0, ,0,0,0.109249531
381,AH,2019,SE1902,HAW-4300,A,10,2.5,1, ,MCAP, , , , ,0,EM, ,0, ,0, ,0,BLE,20,1, ,0,0, ,0,0,0.128071387
382,AH,2019,SE1902,HAW-4300,A,10,2.5,1, ,PCOM, , , , ,80,BR,TLS,5, ,0, ,0, ,0,0, ,0,0, ,0,0,0.346628217
383,AH,2019,SE1902,HAW-4300,A,10,2.5,1, ,PCOM, , , , ,50,BR, ,0, ,0, ,0,BLE,40,1, ,0,0, ,0,0,0.258860967
384,AH,2019,SE1902,HAW-4300,A,10,2.5,1, ,POSP, , , , ,15,MD, ,0, ,0, ,0, ,0,0, ,0,0, ,0,0,0.127684142
385,AH,2019,SE1902,HAW-4300,A,10,2.5,1, ,PLUT, , , , ,45,MD, ,0, ,0, ,0,SGA,5,0, ,0,0, ,0,0,0.515145271
386,AH,2019,SE1902,HAW-4300,A,10,2.5,1, ,POSP, , , , ,10,MD, ,0, ,0, ,0, ,0,0, ,0,0, ,0,0,0.225275943
387,AH,2019,SE1902,HAW-4300,A,10,2.5,1, ,PLUT, , , , ,30,MD, ,0, ,0, ,0,PTR,10,0, ,0,0, ,0,0,0.217891831
388,AH,2019,SE1902,HAW-4300,A,10,2.5,1, ,POSP, , , , ,25,MD, ,0, ,0, ,0,ALG,2,0, ,0,0, ,0,0,0.177372433
389,AH,2019,SE1902,HAW-4300,A,10,2.5,1, ,POSP, , , , ,20,MD, ,0, ,0, ,0, ,0,0, ,0,0, ,0,0,0.167925847
390,AH,2019,SE1902,HAW-4300,A,10,2.5,1, ,PLUT, , , , ,20,MD, ,0, ,0, ,0,BLE,5,3, ,0,0, ,0,0,0.440856496
391,AH,2019,SE1902,HAW-4300,A,10,2.5,1, ,POSP, , , , ,20,MD, ,0, ,0, ,0,ALG,2,0, ,0,0, ,0,0,0.251079787
392,AH,2019,SE1902,HAW-4300,A,10,2.5,1, ,POSP, , , , ,0,EM, ,0, ,0, ,0, ,0,0, ,0,0, ,0,0,0.064458514
393,AH,2019,SE1902,HAW-4300,A,10,2.5,1, ,POSP, , , , ,0,EM, ,0, ,0, ,0, ,0,0, ,0,0, ,0,0,0.053519529
394,AH,2019,SE1902,HAW-4300,A,10,2.5,1, ,PCOM, , , , ,15,BR, ,0, ,0, ,0, ,0,0, ,0,0, ,0,0,0.2992587
395,AH,2019,SE1902,HAW-4300,A,10,2.5,1, ,MCAP, , , , ,0,EM, ,0, ,0, ,0, ,0,0, ,0,0, ,0,0,0.065012768
396,AH,2019,SE1902,HAW-4300,A,10,2.5,1, ,POSP, , , , ,2,EM, ,0, ,0, ,0, ,0,0, ,0,0, ,0,0,0.070718103
397,AH,2019,SE1902,HAW-4300,A,10,1,1, ,POSP, ,-1, , ,0,EM, ,0, ,0, ,0, ,0,0, ,0,0, ,0,0,0.037522526
398,AH,2019,SE1902,HAW-4300,A,10,1,1, ,POSP, ,-1, , ,0,EM, ,0, ,0, ,0, ,0,0, ,0,0, ,0,0,0.031041262
399,AH,2019,SE1902,HAW-4300,A,10,2.5,1, ,POSP, , , ,-1,0,MD, ,0, ,0, ,0, ,0,0, ,0,0, ,0,0,0.039719013
400,AH,2019,SE1902,HAW-4300,A,10,2.5,1, ,POSP, , , , ,0,MD, ,0, ,0, ,0, ,0,0, ,0,0, ,0,0,0.056985964
401,AH,2019,SE1902,HAW-4300,A,10,2.5,1, ,POSP, , , , ,0,MD, ,0, ,0, ,0, ,0,0, ,0,0, ,0,0,0.053160606
402,AH,2019,SE1902,HAW-4300,A,10,2.5,1, ,PCOM, , , , ,5,BR, ,0, ,0, ,0, ,0,0, ,0,0, ,0,0,0.07620794
403,AH,2019,SE1902,HAW-4300,A,10,1,1, ,MOSP, ,-1, , ,0,EM, ,0, ,0, ,0, ,0,0, ,0,0, ,0,0,0.00979847
404,AH,2019,SE1902,HAW-4300,A,10,2.5,1, ,POSP, , , , ,15,MD, ,0, ,0, ,0, ,0,0, ,0,0, ,0,0,0.288084188
405,AH,2019,SE1902,HAW-4300,A,10,2.5,1, ,POSP, , , , ,0,EM, ,0, ,0, ,0, ,0,0, ,0,0, ,0,0,0.153979382
406,AH,2019,SE1902,HAW-4300,A,10,2.5,1, ,POSP, , , , ,20,MD, ,0, ,0, ,0, ,0,0, ,0,0, ,0,0,0.146970065
407,AH,2019,SE1902,HAW-4300,A,10,2.5,1, ,MCAP, , , , ,20,EM, ,0, ,0, ,0,BLE,20,1,BLE,20,2, ,0,0,0.16907173
408,AH,2019,SE1902,KAH-659,A,0,2.5,1, ,PLUT, , , , ,15,MD, ,0, ,0, ,0,BLE,15,1, ,0,0, ,0,0,0.186933572
409,AH,2019,SE1902,KAH-659,A,0,2.5,1, ,POCS, , , , ,25,BR, ,0, ,0, ,0, ,0,0, ,0,0, ,0,0,0.17536733
410,AH,2019,SE1902,KAH-659,A,0,2.5,1, ,MCAP, , , ,-1,0,EM, ,0, ,0, ,0, ,0,0, ,0,0, ,0,0,0.023424134
411,AH,2019,SE1902,KAH-659,A,0,2.5,1, ,MOSP, , , , ,20,EM, ,0, ,0, ,0, ,0,0, ,0,0, ,0,0,0.153813393
412,AH,2019,SE1902,KAH-659,A,0,2.5,1, ,MCAP, , , , ,80,EM, ,0, ,0, ,0,BLE,10,1, ,0,0, ,0,0,0.183310801
413,AH,2019,SE1902,KAH-659,A,0,1,1, ,MOSP, ,-1, , ,0,EM, ,0, ,0, ,0, ,0,0, ,0,0, ,0,0,0.013350655
414,AH,2019,SE1902,KAH-659,A,0,2.5,1, ,MOSP, , , ,-1,0,EM, ,0, ,0, ,0, ,0,0, ,0,0, ,0,0,0.056814875
415,AH,2019,SE1902,KAH-659,A,0,2.5,1, ,POSP, , , , ,70,KN,TLS,3, ,0, ,0,BLE,20,1, ,0,0, ,0,0,0.257094321
416,AH,2019,SE1902,KAH-659,A,5,1,1, ,PLUT, ,-1, , ,0,MD, ,0, ,0, ,0, ,0,0, ,0,0, ,0,0,0.034763774
417,AH,2019,SE1902,KAH-659,A,5,1,1, ,MCAP, ,-1, , ,0,EM, ,0, ,0, ,0, ,0,0, ,0,0, ,0,0,0.034059947
418,AH,2019,SE1902,KAH-659,A,5,2.5,1, ,PMEA, , , , ,70,BR, ,0, ,0, ,0,BLE,0,0, ,0,0, ,0,0,0.316315933
419,AH,2019,SE1902,KAH-659,A,5,2.5,1, ,MCAP, , , , ,15,EM, ,0, ,0, ,0,BLE,50,1,BLE,20,2, ,0,0,0.177580546
420,AH,2019,SE1902,KAH-659,A,5,2.5,1, ,PLUT, , , , ,5,MD, ,0, ,0, ,0, ,0,0, ,0,0, ,0,0,0.056193328
421,AH,2019,SE1902,KAH-659,A,5,2.5,1, ,MPAT, , , , ,10,EM, ,0, ,0, ,0, ,0,0,BLE,20,1, ,0,0,0.287102943
422,AH,2019,SE1902,KAH-659,A,5,2.5,1, ,MPAT, , , , ,20,EM, ,0, ,0, ,0, ,0,0,BLE,30,1, ,0,0,0.063905007
423,AH,2019,SE1902,KAH-659,A,5,2.5,1, ,MCAP, , , , ,25,EM, ,0, ,0, ,0, ,0,0,BLE,30,2,BLE,30,2,0.226465052
424,AH,2019,SE1902,KAH-659,A,5,2.5,1, ,MPAT, , , , ,2,EM, ,0, ,0, ,0, ,0,0, ,0,0, ,0,0,0.061543481
425,AH,2019,SE1902,KAH-659,A,5,2.5,1, ,MCAP, , , , ,15,EM, ,0, ,0, ,0, ,0,0,BLE,10,1, ,0,0,0.347257714
426,AH,2019,SE1902,KAH-659,A,5,2.5,1, ,POSP, , , , ,40,EM, ,0, ,0, ,0, ,0,0, ,0,0, ,0,0,0.055857049
427,AH,2019,SE1902,KAH-659,A,5,2.5,1, ,MCAP, , , , ,0,EM, ,0, ,0, ,0, ,0,0,BLE,80,1, ,0,0,0.068645466
428,AH,2019,SE1902,KAH-659,A,5,2.5,1, ,PLUT, , , , ,20,MD, ,0, ,0, ,0, ,0,0, ,0,0, ,0,0,0.249239363
429,AH,2019,SE1902,KAH-659,A,5,2.5,1, ,PLUT, , , , ,15,MD, ,0, ,0, ,0,BLE,45,3,BLE,40,2, ,0,0,0.131000001
430,AH,2019,SE1902,KAH-659,A,5,2.5,1, ,MCAP, , , , ,3,EM, ,0, ,0, ,0,BLE,0,0, ,0,0, ,0,0,0.217790037
431,AH,2019,SE1902,KAH-659,A,5,2.5,1, ,MCAP, , , , ,20,EM, ,0, ,0, ,0,BLE,40,1,BLE,40,2, ,0,0,0.497295024
432,AH,2019,SE1902,KAH-659,A,5,2.5,1, ,POSP, , , , ,40,KN,TLS,5, ,0, ,0, ,0,0,ALG,5,0, ,0,0,0.367437845
433,AH,2019,SE1902,KAH-659,A,5,2.5,1, ,MCAP, , , , ,15,EM, ,0, ,0, ,0,BLE,50,1, ,0,0, ,0,0,0.128769716
434,AH,2019,SE1902,KAH-659,A,5,2.5,1, ,PLUT, , , , ,15,MD, ,0, ,0, ,0, ,0,0, ,0,0, ,0,0,0.127484156
435,AH,2019,SE1902,KAH-659,A,5,2.5,1, ,MPAT, , , , ,50,EM, ,0, ,0, ,0,BLE,30,1, ,0,0, ,0,0,0.167823985
436,AH,2019,SE1902,KAH-659,A,5,2.5,1, ,MPAT, , , , ,30,EM, ,0, ,0, ,0,BLE,20,1, ,0,0, ,0,0,0.122510817
437,AH,2019,SE1902,KAH-659,A,5,2.5,1, ,MCAP, , , , ,65,EM, ,0, ,0, ,0,BLE,15,1, ,0,0, ,0,0,0.906665727
438,AH,2019,SE1902,KAH-659,A,10,2.5,1, ,POCS, , , , ,40,BR, ,0, ,0, ,0,BLE,60,3, ,0,0, ,0,0,0.127788459
439,AH,2019,SE1902,KAH-659,A,10,2.5,1, ,PLUT, , , , ,15,MD, ,0, ,0, ,0,ALG,2,0, ,0,0, ,0,0,0.355695334
440,AH,2019,SE1902,KAH-659,A,10,2.5,1, ,MCAP, , , , ,40,EM, ,0, ,0, ,0,BLE,20,1, ,0,0, ,0,0,0.48645675
441,AH,2019,SE1902,KAH-659,A,10,2.5,1, ,MCAP, , , , ,20,EM, ,0, ,0, ,0,BLE,80,1, ,0,0, ,0,0,0.09380501
442,AH,2019,SE1902,KAH-659,A,15,2.5,1, ,MPAT, , , , ,10,EM, ,0, ,0, ,0,BLE,5,1, ,0,0, ,0,0,0.395679922
443,AH,2019,SE1902,KAH-659,A,15,2.5,1, ,MCAP, , , , ,35,EM, ,0, ,0, ,0,BLE,30,1,BLE,20,2, ,0,0,0.735531514
444,AH,2019,SE1902,KAH-659,A,15,2.5,1, ,PLUT, , , , ,35,MD, ,0, ,0, ,0, ,0,0, ,0,0, ,0,0,1.108255457
445,AH,2019,SE1902,KAH-659,A,15,2.5,1, ,POSP, , , , ,30,MD, ,0, ,0, ,0,BLE,70,2,ALG,10,0, ,0,0,0.474339372
446,AH,2019,SE1902,KAH-659,A,15,2.5,1, ,POSP, , , , ,25,MD, ,0, ,0, ,0,BLE,60,1,ALG,5,0, ,0,0,0.303048116
447,AH,2019,SE1902,KAH-659,A,15,2.5,1, ,MPAT, , , , ,25,EM, ,0, ,0, ,0, ,0,0, ,0,0, ,0,0,0.251335632
448,AH,2019,SE1902,KAH-659,A,15,2.5,1, ,MCAP, , , , ,30,EM, ,0, ,0, ,0,BLE,20,1, ,0,0, ,0,0,0.21940686
449,AH,2019,SE1902,KAH-659,A,15,2.5,1, ,MCAP, , , , ,25,EM, ,0, ,0, ,0,BLE,75,1, ,0,0, ,0,0,0.220144974
450,AH,2019,SE1902,KAH-659,A,15,2.5,1, ,MCAP, , , , ,70,EM, ,0, ,0, ,0,BLE,15,2,BLE,10,1, ,0,0,0.518626503
451,AH,2019,SE1902,KAH-659,A,15,2.5,1, ,PVAR, , , , ,30,EM, ,0, ,0, ,0, ,0,0, ,0,0, ,0,0,0.099563146
452,AH,2019,SE1902,KAH-659,A,15,2.5,1, ,MOSP, , , , ,15,LM, ,0, ,0, ,0,BLE,80,1, ,0,0, ,0,0,0.220601655
453,AH,2019,SE1902,KAH-659,A,15,2.5,1, ,MCAP, , , , ,20,EM, ,0, ,0, ,0,BLE,35,1, ,0,0, ,0,0,0.32510429
454,AH,2019,SE1902,KAH-659,A,15,2.5,1, ,MCAP, , , , ,40,EM, ,0, ,0, ,0,BLE,50,3,BLE,10,2, ,0,0,0.440600556
455,AH,2019,SE1902,KAH-659,A,15,2.5,1, ,PCOM, , , , ,40,BR, ,0, ,0, ,0,ALG,5,0,BLE,10,1, ,0,0,0.175401824
456,AH,2019,SE1902,KAH-659,A,15,2.5,1, ,MCAP, , , , ,25,BR, ,0, ,0, ,0,SGA,60,0,BLE,60,1,ALG,5,0,0.76522609
457,AH,2019,SE1902,KAH-659,A,15,2.5,1, ,MPAT, , , , ,50,EM, ,0, ,0, ,0,BLE,10,1,BLE,20,2,ALG,5,0,0.700320612
458,AH,2019,SE1902,KAH-659,A,15,2.5,1, ,MCAP, , , , ,5,EM, ,0, ,0, ,0,BLE,60,1, ,0,0, ,0,0,0.143824893
459,AH,2019,SE1902,KAH-659,A,15,2.5,1, ,PMEA, , , , ,20,BR, ,0, ,0, ,0, ,0,0, ,0,0, ,0,0,0.268646868
460,AH,2019,SE1902,KAH-659,A,15,2.5,1, ,MCAP, , , , ,55,EM, ,0, ,0, ,0,BLE,20,2,BLE,10,1, ,0,0,0.6047475
461,AH,2019,SE1902,KAH-662,A,0,1,1, ,POCS, ,-1, , ,0,KN, ,0, ,0, ,0, ,0,0, ,0,0, ,0,0,0.02616964
462,AH,2019,SE1902,KAH-662,A,0,2.5,1, ,PMEA, , , , ,45,BR,UNKN,2, ,0, ,0, ,0,0, ,0,0, ,0,0,0.219811215
463,AH,2019,SE1902,KAH-662,A,0,1,1, ,UNKN, ,-1, , ,0,EF, ,0, ,0, ,0, ,0,0, ,0,0, ,0,0,0.008044874
464,AH,2019,SE1902,KAH-662,A,0,2.5,1, ,PMEA, , , , ,20,BR, ,0, ,0, ,0, ,0,0, ,0,0, ,0,0,0.253231002
465,AH,2019,SE1902,KAH-662,A,0,1,1, ,POCS, , , , ,0,EF, ,0, ,0, ,0, ,0,0, ,0,0, ,0,0,0.029297951
466,AH,2019,SE1902,KAH-662,A,0,2.5,1, ,MPAT, , , , ,0,EF, ,0, ,0, ,0,BLE,40,2, ,0,0, ,0,0,0.050602964
467,AH,2019,SE1902,KAH-662,A,0,2.5,1, ,PMEA, , , , ,3,BR, ,0, ,0, ,0, ,0,0, ,0,0, ,0,0,0.244684491
468,AH,2019,SE1902,KAH-662,A,0,2.5,1, ,PMEA, , , , ,0,BR, ,0, ,0, ,0,BLE,20,1, ,0,0, ,0,0,0.053336761
469,AH,2019,SE1902,KAH-662,A,5,2.5,1, ,POSP, , , , ,30,EF, ,0, ,0, ,0,ALG,3,0, ,0,0, ,0,0,0.060969009
470,AH,2019,SE1902,KAH-662,A,5,2.5,1, ,POSP, , , , ,45,EF, ,0, ,0, ,0,BLE,0,0, ,0,0, ,0,0,0.064623912
471,AH,2019,SE1902,KAH-662,A,5,2.5,1, ,POSP, , , , ,20,MD, ,0, ,0, ,0, ,0,0, ,0,0, ,0,0,0.058060056
472,AH,2019,SE1902,KAH-662,A,5,2.5,1, ,PMEA, , , , ,3,BR, ,0, ,0, ,0,BLE,20,1, ,0,0, ,0,0,0.060389154
473,AH,2019,SE1902,KAH-662,A,5,2.5,1, ,PMEA, , , , ,3,BR, ,0, ,0, ,0, ,0,0, ,0,0, ,0,0,0.202432853
474,AH,2019,SE1902,KAH-662,A,5,1,1, ,PVAR, ,-1, , ,0,EM, ,0, ,0, ,0, ,0,0, ,0,0, ,0,0,0.034079466
475,AH,2019,SE1902,KAH-662,A,5,2.5,1, ,PMEA, , , , ,90,BR, ,0, ,0, ,0, ,0,0, ,0,0, ,0,0,0.210590147
476,AH,2019,SE1902,KAH-662,A,5,2.5,1, ,MPAT, , , , ,40,EF, ,0, ,0, ,0,BLE,20,1,ALG,10,0,DIS,5,0,0.205873068
477,AH,2019,SE1902,KAH-662,A,10,1,1, ,POCS, ,-1, , ,0,KN, ,0, ,0, ,0, ,0,0, ,0,0, ,0,0,0.038629134
478,AH,2019,SE1902,KAH-662,A,10,1,1, ,POCS, ,-1, , ,0,KN, ,0, ,0, ,0, ,0,0, ,0,0, ,0,0,0.025800001
479,AH,2019,SE1902,KAH-662,A,10,1,1, ,POCS, ,-1, , ,0,KN, ,0, ,0, ,0, ,0,0, ,0,0, ,0,0,0.026512638
480,AH,2019,SE1902,KAH-662,A,10,1,1, ,POCS, ,-1, , ,0,KN, ,0, ,0, ,0, ,0,0, ,0,0, ,0,0,0.047812656
481,AH,2019,SE1902,KAH-662,A,10,2.5,1, ,PMEA, , , , ,0,BR, ,0, ,0, ,0, ,0,0, ,0,0, ,0,0,0.070170365
482,AH,2019,SE1902,KAH-662,A,10,2.5,1, ,MPAT, , , , ,15,EF, ,0, ,0, ,0,BLE,20,2,BLE,50,1, ,0,0,0.102651303
483,AH,2019,SE1902,KAH-662,A,10,1,1, ,POCS, ,-1, , ,0,KN, ,0, ,0, ,0, ,0,0, ,0,0, ,0,0,0.021444812
484,AH,2019,SE1902,KAH-662,A,10,1,1, ,POCS, ,-1, , ,0,KN, ,0, ,0, ,0, ,0,0, ,0,0, ,0,0,0.02755449
485,AH,2019,SE1902,KAH-662,A,10,2.5,1, ,PMEA, , , , ,40,KN, ,0, ,0, ,0,BLE,10,1, ,0,0, ,0,0,0.082884981
486,AH,2019,SE1902,KAH-662,A,10,2.5,1, ,PMEA, , , , ,5,BR, ,0, ,0, ,0, ,0,0, ,0,0, ,0,0,0.143655177
487,AH,2019,SE1902,KAH-662,A,10,2.5,1, ,PMEA, , , , ,0,KN, ,0, ,0, ,0,BLE,50,1,BLE,50,2, ,0,0,0.055949442
488,AH,2019,SE1902,KAH-662,A,10,1,1, ,PMEA, ,-1, , ,0,KN, ,0, ,0, ,0, ,0,0, ,0,0, ,0,0,0.031862831
489,AH,2019,SE1902,KAH-662,A,10,2.5,1, ,PMEA, , , , ,5,BR, ,0, ,0, ,0,BLE,10,1, ,0,0, ,0,0,0.22910478
490,AH,2019,SE1902,KAH-662,A,15,2.5,1, ,PMEA, , , , ,5,BR, ,0, ,0, ,0, ,0,0, ,0,0, ,0,0,0.21721533
491,AH,2019,SE1902,KAH-662,A,15,2.5,1, ,MOSP, , , , ,70,EM, ,0, ,0, ,0,BLE,30,2,ALG,5,0, ,0,0,0.324768118
492, ,0, , , ,0,0,0, ,MCAP, , , , ,5,EM, ,0, ,0, ,0,BLE,50,1, ,0,0, ,0,0,0.184757246
493, ,0, , , ,0,0,0, ,POSP, , , , ,40,BR, ,0, ,0, ,0,BLE,5,1,ALG,0,0, ,0,0,0.247198322
494, ,0, , , ,0,0,0, ,POSP, , , , ,2,MD, ,0, ,0, ,0, ,0,0,ALG,2,0, ,0,0,0.130900916
495, ,0, , , ,0,0,0, ,PLOB, , , , ,1,MD, ,0, ,0, ,0, ,0,0, ,0,0, ,0,0,0.087152739
496, ,0, , , ,0,0,0, ,PLOB, , , , ,35,MD,TLS,5, ,0, ,0,BLE,5,1,ALG,4,0, ,0,0,0.14173962
497, ,0, , , ,0,0,0, ,MCAP, , , , ,10,KN, ,0, ,0, ,0,ALG,2,0,BLE,0,0, ,0,0,0.576184042
498, ,0, , , ,0,0,0, ,MCAP, , , , ,30,KN, ,0, ,0, ,0,ALG,5,0, ,0,0, ,0,0,0.234880841
499, ,0, , , ,0,0,0, ,MPAT, , , , ,35,EM,PRED,2, ,0, ,0,BLE,5,1, ,0,0, ,0,0,0.605376874
500, ,0, , , ,0,0,0, ,MPAT, , , , ,20,EM,TLS,10, ,0, ,0,ALG,5,0, ,0,0, ,0,0,0.103801975
501, ,0, , , ,0,0,0, ,MPAT, , , , ,10,EF, ,0, ,0, ,0,ALG,5,0, ,0,0, ,0,0,0.062751096
502, ,0, , , ,0,0,0, ,MCAP, , , , ,15,KN, ,0, ,0, ,0,BLE,30,2, ,0,0, ,0,0,0.219501458
503, ,0, , , ,0,0,0, ,POSP, , , ,-1,0,EF, ,0, ,0, ,0, ,0,0, ,0,0, ,0,0,0.019001052
504, ,0, , , ,0,0,0, ,PVAR, , , , ,30,EM, ,0, ,0, ,0,BLE,10,1,ALG,5,0, ,0,0,0.138843113
505, ,0, , , ,0,0,0, ,MCAP, , , , ,20,KN, ,0, ,0, ,0,ALG,3,0,BLE,5,1, ,0,0,0.180956182
506, ,0, , , ,0,0,0, ,MFLA, , , , ,25,EM, ,0, ,0, ,0,SGA,2,0,ALG,5,0, ,0,0,0.354504077
507, ,0, , , ,0,0,0, ,MCAP, , , , ,25,KN, ,0, ,0, ,0,ALG,5,0,BLE,30,1, ,0,0,0.555907916
508, ,0, , , ,0,0,0, ,POSP, , , , ,50,MD, ,0, ,0, ,0,BLE,20,2,BLE,30,1, ,0,0,0.060597359
509, ,0, , , ,0,0,0, ,MCAP, , , , ,30,KN, ,0, ,0, ,0,BLE,50,1,ALG,1,0, ,0,0,0.172896327
510, ,0, , , ,0,0,0, ,LBEW, , , , ,2,MD, ,0, ,0, ,0, ,0,0, ,0,0, ,0,0,0.102496097
511, ,0, , , ,0,0,0, ,MOSP, ,-1, , ,0,EM, ,0, ,0, ,0, ,0,0, ,0,0, ,0,0,0.017332627
512, ,0, , , ,0,0,0, ,MOSP, , , , ,20,EM, ,0, ,0, ,0,BLE,80,1, ,0,0, ,0,0,0.056399024
513, ,0, , , ,0,0,0, ,PDUE, , , ,-1,0,EM, ,0, ,0, ,0, ,0,0, ,0,0, ,0,0,0.019260582
514, ,0, , , ,0,0,0, ,PDUE, , , ,-1,0,EM, ,0, ,0, ,0, ,0,0, ,0,0, ,0,0,0.021622674
515, ,0, , , ,0,0,0, ,MPAT, , , ,-1,0,EM, ,0, ,0, ,0, ,0,0, ,0,0, ,0,0,0.038401172
516, ,0, , , ,0,0,0, ,PVAR, , , , ,0,EM, ,0, ,0, ,0, ,0,0, ,0,0, ,0,0,0.068392177
517, ,0, , , ,0,0,0, ,POSP, , , , ,60,EM, ,0, ,0, ,0,BLE,30,1,BLE,10,2,ALG,1,0,0.066565157
518, ,0, , , ,0,0,0, ,PMEA, , , , ,30,BR,TLS,3, ,0, ,0,BLE,50,1,BLE,15,2, ,0,0,0.376781967
519, ,0, , , ,0,0,0, ,COCE, , , , ,40,EM, ,0, ,0, ,0,ALG,5,0,BLE,20,1, ,0,0,0.100312162
520, ,0, , , ,0,0,0, ,MPAT, , , , ,15,EM, ,0, ,0, ,0,BLE,5,1,ALG,2,0, ,0,0,0.395712422
521, ,0, , , ,0,0,0, ,PVAR, , , , ,25,EM, ,0, ,0, ,0,BLE,10,1, ,0,0, ,0,0,0.071957558
522, ,0, , , ,0,0,0, ,COCE, ,-1, , ,0,EM, ,0, ,0, ,0, ,0,0, ,0,0, ,0,0,0.029570593
523, ,0, , , ,0,0,0, ,PVAR, , , , ,60,EM, ,0, ,0, ,0,BLE,2,1,ALG,5,0, ,0,0,0.397465785
524, ,0, , , ,0,0,0, ,UNKN, ,-1, , ,0,EM, ,0, ,0, ,0, ,0,0, ,0,0, ,0,0,0.00826075
525, ,0, , , ,0,0,0, ,PMEA, , , , ,20,BR, ,0, ,0, ,0,BLE,80,1, ,0,0, ,0,0,0.158302653
526, ,0, , , ,0,0,0, ,MCAP, , , , ,35,KN, ,0, ,0, ,0,BLE,30,1,ALG,3,0, ,0,0,0.696160686
527, ,0, , , ,0,0,0, ,MCAP, , , , ,3,KN, ,0, ,0, ,0,BLE,40,1, ,0,0, ,0,0,0.415583987
528, ,0, , , ,0,0,0, ,PDUE, , , , ,65,ML, ,0, ,0, ,0,BLE,2,4,BLE,15,3,BLE,10,2,0.240511974
529, ,0, , , ,0,0,0, ,COCE, , , , ,40,EM, ,0, ,0, ,0,BLE,40,2,ALG,2,0, ,0,0,0.062823325
530, ,0, , , ,0,0,0, ,COCE, , , , ,20,EF, ,0, ,0, ,0,BLE,25,1, ,0,0, ,0,0,0.062677667
531,AH,2019,SE1902,MOL-2194,A,0,2.5,1, ,PLOB, ,0, , ,0,MD, ,0, ,0, ,0, ,0,0, ,0,0, ,0,0,0.065099999
532,AH,2019,SE1902,MOL-2194,A,0,1,1, ,PLOB, ,-1, , ,0,EM, ,0, ,0, ,0, ,0,0, ,0,0, ,0,0,0.046924301
533,AH,2019,SE1902,MOL-2194,A,0,1,1, ,POSP, ,-1, , ,0,EM, ,0, ,0, ,0, ,0,0, ,0,0, ,0,0,0.020541177
534,AH,2019,SE1902,MOL-2194,A,0,1,1, ,POSP, ,-1, , ,0,MD, ,0, ,0, ,0, ,0,0, ,0,0, ,0,0,0.02222656
535,AH,2019,SE1902,MOL-2194,A,0,1,1, ,POSP, ,-1, , ,0,EM, ,0, ,0, ,0, ,0,0, ,0,0, ,0,0,0.017331185
536,AH,2019,SE1902,MOL-2194,A,0,1,1, ,POSP, ,-1, , ,0,EF, ,0, ,0, ,0, ,0,0, ,0,0, ,0,0,0.018422812
537,AH,2019,SE1902,MOL-2194,A,0,1,1, ,POCS, ,-1, , ,0,KN, ,0, ,0, ,0, ,0,0, ,0,0, ,0,0,0.011388591
538,AH,2019,SE1902,MOL-2194,A,0,1,1, ,POSP, ,-1, , ,0,EM, ,0, ,0, ,0, ,0,0, ,0,0, ,0,0,0.018553975
539,AH,2019,SE1902,MOL-2194,A,0,1,1, ,POSP, ,-1, , ,0,EM, ,0, ,0, ,0, ,0,0, ,0,0, ,0,0,0.016871573
540,AH,2019,SE1902,MOL-2194,A,0,1,1, ,PLOB, ,-1, , ,0,EM, ,0, ,0, ,0, ,0,0, ,0,0, ,0,0,0.038120991
541,AH,2019,SE1902,MOL-2194,A,0,1,1, ,POSP, ,-1, , ,0,EM, ,0, ,0, ,0, ,0,0, ,0,0, ,0,0,0.017608236
542,AH,2019,SE1902,MOL-2194,A,0,1,1, ,POSP, ,-1, , ,0,EM, ,0, ,0, ,0, ,0,0, ,0,0, ,0,0,0.016629193
543,AH,2019,SE1902,MOL-2194,A,0,1,1, ,POSP, ,-1, , ,0,EM, ,0, ,0, ,0, ,0,0, ,0,0, ,0,0,0.012647926
544,AH,2019,SE1902,MOL-2194,A,0,1,1, ,POSP, ,-1, , ,0,EM, ,0, ,0, ,0, ,0,0, ,0,0, ,0,0,0.011868024
545,AH,2019,SE1902,MOL-2194,A,0,1,1, ,POSP, ,-1, , ,0,EM, ,0, ,0, ,0, ,0,0, ,0,0, ,0,0,0.020630317
546,AH,2019,SE1902,MOL-2194,A,0,1,1, ,POSP, ,-1, , ,0,EM, ,0, ,0, ,0, ,0,0, ,0,0, ,0,0,0.010662082
547,AH,2019,SE1902,MOL-2194,A,0,1,1, ,POSP, ,-1, , ,0,EM, ,0, ,0, ,0, ,0,0, ,0,0, ,0,0,0.022282729
548,AH,2019,SE1902,MOL-2194,A,0,1,1, ,POSP, ,-1, , ,0,EM, ,0, ,0, ,0, ,0,0, ,0,0, ,0,0,0.016949926
549,AH,2019,SE1902,MOL-2194,A,0,1,1, ,POSP, ,-1, , ,0,EM, ,0, ,0, ,0, ,0,0, ,0,0, ,0,0,0.012463146
550,AH,2019,SE1902,MOL-2194,A,0,1,1, ,POSP, ,-1, , ,0,EM, ,0, ,0, ,0, ,0,0, ,0,0, ,0,0,0.016629191
551,AH,2019,SE1902,MOL-2194,A,0,1,1, ,POSP, ,-1, , ,0,EM, ,0, ,0, ,0, ,0,0, ,0,0, ,0,0,0.035130044
552,AH,2019,SE1902,MOL-2194,A,0,1,1, ,POSP, ,-1, , ,0,EF, ,0, ,0, ,0, ,0,0, ,0,0, ,0,0,0.030600816
553,AH,2019,SE1902,MOL-2194,A,0,1,1, ,POSP, ,-1, , ,0,EF, ,0, ,0, ,0, ,0,0, ,0,0, ,0,0,0.015749286
554,AH,2019,SE1902,MOL-2194,A,0,1,1, ,POCS, ,-1, , ,0,KN, ,0, ,0, ,0, ,0,0, ,0,0, ,0,0,0.019622945
555,AH,2019,SE1902,MOL-2194,A,0,1,1, ,POSP, ,-1, , ,0,EF, ,0, ,0, ,0, ,0,0, ,0,0, ,0,0,0.011140018
556,AH,2019,SE1902,MOL-2194,A,0,1,1, ,POSP, ,-1, , ,0,EM, ,0, ,0, ,0, ,0,0, ,0,0, ,0,0,0.034972132
557,AH,2019,SE1902,MOL-2194,A,0,1,1, ,POSP, ,-1, , ,0,EF, ,0, ,0, ,0, ,0,0, ,0,0, ,0,0,0.028004465
558,AH,2019,SE1902,MOL-2194,A,0,1,1, ,UNKN, ,-1, , ,0,EM, ,0, ,0, ,0, ,0,0, ,0,0, ,0,0,0.015546704
559,AH,2019,SE1902,MOL-2194,A,0,2.5,1, ,POSP, ,0, ,-1,0,EF, ,0, ,0, ,0, ,0,0, ,0,0, ,0,0,0.017007351
560,AH,2019,SE1902,MOL-2194,A,0,1,1, ,POSP, ,-1, , ,0,EF, ,0, ,0, ,0, ,0,0, ,0,0, ,0,0,0.026232231
561,AH,2019,SE1902,MOL-2194,A,0,1,1, ,POSP, ,-1, , ,0,EF, ,0, ,0, ,0, ,0,0, ,0,0, ,0,0,0.035497887
562,AH,2019,SE1902,MOL-2194,A,0,2.5,1, ,PLOB, ,0, , ,15,EF, ,0, ,0, ,0, ,0,0, ,0,0, ,0,0,0.080015623
563,AH,2019,SE1902,MOL-2194,A,0,2.5,1, ,POSP, ,0, , ,0,EM, ,0, ,0, ,0, ,0,0, ,0,0, ,0,0,0.061641626
564,AH,2019,SE1902,MOL-2194,A,0,2.5,1, ,PLOB, ,0, , ,50,MD, ,0, ,0, ,0, ,0,0, ,0,0, ,0,0,0.097143451
565,AH,2019,SE1902,MOL-2194,A,0,2.5,1, ,POSP, ,0, , ,1,EM, ,0, ,0, ,0,BLE,100,2, ,0,0, ,0,0,0.052003462
566,AH,2019,SE1902,MOL-2194,A,5,1,1, ,POSP, ,-1, , ,0,EF, ,0, ,0, ,0, ,0,0, ,0,0, ,0,0,0.021835979
567,AH,2019,SE1902,MOL-2194,A,5,1,1, ,POCS, ,-1, , ,0,KN, ,0, ,0, ,0, ,0,0, ,0,0, ,0,0,0.03038322
568,AH,2019,SE1902,MOL-2194,A,5,1,1, ,POCS, ,-1, , ,0,KN, ,0, ,0, ,0, ,0,0, ,0,0, ,0,0,0.011211157
569,AH,2019,SE1902,MOL-2194,A,5,1,1, ,POCS, ,-1, , ,0,KN, ,0, ,0, ,0, ,0,0, ,0,0, ,0,0,0.023115795
570,AH,2019,SE1902,MOL-2194,A,5,1,1, ,POSP, ,-1, , ,0,EF, ,0, ,0, ,0, ,0,0, ,0,0, ,0,0,0.02394765
571,AH,2019,SE1902,MOL-2194,A,5,1,1, ,POCS, ,-1, , ,0,KN, ,0, ,0, ,0, ,0,0, ,0,0, ,0,0,0.021780955
572,AH,2019,SE1902,MOL-2194,A,5,1,1, ,POSP, ,-1, , ,0,EF, ,0, ,0, ,0, ,0,0, ,0,0, ,0,0,0.019005788
573,AH,2019,SE1902,MOL-2194,A,5,1,1, ,POCS, ,-1, , ,0,KN, ,0, ,0, ,0, ,0,0, ,0,0, ,0,0,0.016995587
574,AH,2019,SE1902,MOL-2194,A,5,1,1, ,POSP, ,-1, , ,0,EM, ,0, ,0, ,0, ,0,0, ,0,0, ,0,0,0.014993664
575,AH,2019,SE1902,MOL-2194,A,5,1,1, ,POSP, ,-1, , ,0,EF, ,0, ,0, ,0, ,0,0, ,0,0, ,0,0,0.013086251
576,AH,2019,SE1902,MOL-2194,A,5,1,1, ,PLOB, ,-1, , ,0,EF, ,0, ,0, ,0, ,0,0, ,0,0, ,0,0,0.034249817
577,AH,2019,SE1902,MOL-2194,A,5,1,1, ,POSP, ,-1, , ,0,EF, ,0, ,0, ,0, ,0,0, ,0,0, ,0,0,0.024754144
578,AH,2019,SE1902,MOL-2194,A,5,1,1, ,POSP, ,-1, , ,0,EF, ,0, ,0, ,0, ,0,0, ,0,0, ,0,0,0.012742449
579,AH,2019,SE1902,MOL-2194,A,5,1,1, ,POSP, ,-1, , ,0,EF, ,0, ,0, ,0, ,0,0, ,0,0, ,0,0,0.012603571
580,AH,2019,SE1902,MOL-2194,A,5,1,1, ,POSP, ,-1, , ,0,EF, ,0, ,0, ,0, ,0,0, ,0,0, ,0,0,0.014203169
581,AH,2019,SE1902,MOL-2194,A,5,1,1, ,POSP, ,-1, , ,0,EF, ,0, ,0, ,0, ,0,0, ,0,0, ,0,0,0.015685025
582,AH,2019,SE1902,MOL-2194,A,5,1,1, ,POSP, ,-1, , ,0,EF, ,0, ,0, ,0, ,0,0, ,0,0, ,0,0,0.024731558
583,AH,2019,SE1902,MOL-2194,A,5,1,1, ,POSP, ,-1, , ,0,EF, ,0, ,0, ,0, ,0,0, ,0,0, ,0,0,0.036253826
584,AH,2019,SE1902,MOL-2194,A,5,1,1, ,POSP, ,-1, , ,0,EF, ,0, ,0, ,0, ,0,0, ,0,0, ,0,0,0.024328173
585,AH,2019,SE1902,MOL-2194,A,5,2.5,1, ,PLOB, ,0, , ,2,MD, ,0, ,0, ,0, ,0,0, ,0,0, ,0,0,0.087754772
586,AH,2019,SE1902,MOL-2194,A,5,1,1, ,POSP, ,-1, , ,0,EF, ,0, ,0, ,0, ,0,0, ,0,0, ,0,0,0.020920086
587,AH,2019,SE1902,MOL-2194,A,5,1,1, ,POSP, ,-1, , ,0,EM, ,0, ,0, ,0, ,0,0, ,0,0, ,0,0,0.028611187
588,AH,2019,SE1902,MOL-2194,A,5,1,1, ,POSP, ,-1, , ,0,EM, ,0, ,0, ,0, ,0,0, ,0,0, ,0,0,0.024466303
589,AH,2019,SE1902,MOL-2194,A,5,2.5,1, ,PMEA, ,0, , ,0,BR, ,0, ,0, ,0, ,0,0, ,0,0, ,0,0,0.349999914
590,AH,2019,SE1902,MOL-2194,A,5,2.5,1, ,PLOB, ,0, , ,5,MD, ,0, ,0, ,0,SGA,1,0, ,0,0, ,0,0,0.055682133
591,AH,2019,SE1902,MOL-2194,A,5,2.5,1, ,PLOB, ,0, , ,85,MD, ,0, ,0, ,0,ALG,5,0, ,0,0, ,0,0,0.051429564
592,AH,2019,SE1902,MOL-2194,A,10,1,1, ,PLOB, ,-1, , ,0,EM, ,0, ,0, ,0, ,0,0, ,0,0, ,0,0,0.025175385
593,AH,2019,SE1902,MOL-2194,A,10,2.5,1, ,PLOB, ,0, , ,65,MD, ,0, ,0, ,0, ,0,0, ,0,0, ,0,0,0.064079949
594,AH,2019,SE1902,MOL-2194,A,10,2.5,1, ,PMEA, , , , ,3,BR, ,0, ,0, ,0, ,0,0, ,0,0, ,0,0,0.424285812
595,AH,2019,SE1902,MOL-2194,A,10,2.5,1, ,PLOB, , , ,-1,0,EM, ,0, ,0, ,0, ,0,0, ,0,0, ,0,0,0.072087794
596,AH,2019,SE1902,MOL-2194,A,10,2.5,1, ,PLOB, , , , ,30,MD, ,0, ,0, ,0, ,0,0, ,0,0, ,0,0,0.421591105
597,AH,2019,SE1902,MOL-2194,A,10,1,1, ,MPAT, ,-1, , ,35,EM, ,0, ,0, ,0, ,0,0, ,0,0, ,0,0,0.035174139
598,AH,2019,SE1902,MOL-2194,A,10,1,1, ,POSP, ,-1, , ,0,EM, ,0, ,0, ,0, ,0,0, ,0,0, ,0,0,0.026681079
599,AH,2019,SE1902,MOL-2194,A,10,1,1, ,PLOB, ,-1, , ,0,EM, ,0, ,0, ,0, ,0,0, ,0,0, ,0,0,0.018783238
600,AH,2019,SE1902,MOL-2194,A,10,1,1, ,PMEA, ,-1, , ,0,KN, ,0, ,0, ,0, ,0,0, ,0,0, ,0,0,0.016507574
601,AH,2019,SE1902,MOL-2194,A,10,2.5,1, ,POSP, , , ,-1,0,EM, ,0, ,0, ,0, ,0,0, ,0,0, ,0,0,0.035332704
602,AH,2019,SE1902,MOL-2194,A,10,1,1, ,POSP, ,-1, , ,0,EM, ,0, ,0, ,0, ,0,0, ,0,0, ,0,0,0.007940404
603,AH,2019,SE1902,MOL-2194,A,10,1,1, ,PLOB, ,-1, , ,0,EM, ,0, ,0, ,0, ,0,0, ,0,0, ,0,0,0.031009837
604,AH,2019,SE1902,MOL-2194,A,10,1,1, ,PLOB, ,-1, , ,0,EM, ,0, ,0, ,0, ,0,0, ,0,0, ,0,0,0.020576686
605,AH,2019,SE1902,MOL-2194,A,10,1,1, ,PLOB, ,-1, , ,0,EM, ,0, ,0, ,0, ,0,0, ,0,0, ,0,0,0.023203879
606,AH,2019,SE1902,MOL-2194,A,10,2.5,1, ,PLOB, ,0, , ,10,MD,PRED,5, ,0, ,0, ,0,0, ,0,0, ,0,0,0.052379003
607,AH,2019,SE1902,MOL-2194,A,10,1,1, ,POSP, ,-1, , ,0,EM, ,0, ,0, ,0, ,0,0, ,0,0, ,0,0,0.060835845
608,AH,2019,SE1902,MOL-2194,A,10,1,1, ,POSP, ,-1, , ,0,EM, ,0, ,0, ,0, ,0,0, ,0,0, ,0,0,0.018298087
609,AH,2019,SE1902,MOL-2194,A,10,1,1, ,POSP, ,-1, , ,0,EM, ,0, ,0, ,0, ,0,0, ,0,0, ,0,0,0.018927493
610,AH,2019,SE1902,MOL-2194,A,10,1,1, ,POSP, ,-1, , ,0,EM, ,0, ,0, ,0, ,0,0, ,0,0, ,0,0,0.010435516
611,AH,2019,SE1902,MOL-2194,A,10,1,1, ,POSP, ,-1, , ,0,EM, ,0, ,0, ,0, ,0,0, ,0,0, ,0,0,0.0088
612,AH,2019,SE1902,MOL-2194,A,10,2.5,1, ,PMEA, , , , ,7,BR, ,0, ,0, ,0,BLE,2,1, ,0,0, ,0,0,0.28062491
613,AH,2019,SE1902,MOL-2194,A,10,2.5,1, ,PLOB, , , , ,65,MD, ,0, ,0, ,0, ,0,0, ,0,0, ,0,0,0.17548245
614,AH,2019,SE1902,MOL-2194,A,10,2.5,1, ,PLOB, , , , ,75,EM, ,0, ,0, ,0, ,0,0, ,0,0, ,0,0,0.156640543
615,AH,2019,SE1902,MOL-2194,A,10,2.5,1, ,POSP, , , , ,3,EM, ,0, ,0, ,0, ,0,0, ,0,0, ,0,0,0.055526717
616,AH,2019,SE1902,MOL-2194,A,10,2.5,1, ,POCS, , , , ,0,BR, ,0, ,0, ,0, ,0,0, ,0,0, ,0,0,0.069897997
617,AH,2019,SE1902,MOL-2194,A,10,2.5,1, ,POSP, , , , ,35,EM, ,0, ,0, ,0,BLE,65,1, ,0,0, ,0,0,0.059076222
618,AH,2019,SE1902,MOL-2194,A,10,2.5,1, ,PGRA, , ,-1, ,10,BR,TLS,30, ,0, ,0,DAMG,100,0, ,0,0, ,0,0,0.081864767
619,AH,2019,SE1902,MOL-2194,A,10,2.5,1, ,PMEA, , , , ,15,BR, ,0, ,0, ,0, ,0,0, ,0,0, ,0,0,0.062800081
620,AH,2019,SE1902,MOL-2194,A,10,2.5,1, ,PLOB, , , , ,65,MD, ,0, ,0, ,0, ,0,0, ,0,0, ,0,0,0.070527796
621,AH,2019,SE1902,MOL-2194,A,15,2.5,1, ,PLOB, , , , ,0,EM, ,0, ,0, ,0, ,0,0, ,0,0, ,0,0,0.051903372
622,AH,2019,SE1902,MOL-2194,A,15,2.5,1, ,POSP, , , , ,15,EM, ,0, ,0, ,0, ,0,0, ,0,0, ,0,0,0.059397054
623,AH,2019,SE1902,MOL-2194,A,15,2.5,1, ,POSP, , , , ,5,EM, ,0, ,0, ,0, ,0,0, ,0,0, ,0,0,0.055890697
624,AH,2019,SE1902,MOL-2194,A,15,2.5,1, ,POSP, , , , ,5,EM, ,0, ,0, ,0, ,0,0, ,0,0, ,0,0,0.095428559
625,AH,2019,SE1902,MOL-2194,A,15,2.5,1, ,PLOB, , , , ,65,MD, ,0, ,0, ,0, ,0,0, ,0,0, ,0,0,0.139665206
626,AH,2019,SE1902,MOL-2194,A,15,2.5,1, ,PLOB, , , , ,70,MD, ,0, ,0, ,0,ALG,0,0, ,0,0, ,0,0,0.18351959
627,AH,2019,SE1902,MOL-2194,A,15,2.5,1, ,POSP, , , , ,50,MD, ,0, ,0, ,0, ,0,0, ,0,0, ,0,0,0.054267209
628,AH,2019,SE1902,MOL-2194,A,15,2.5,1, ,PLOB, , , , ,90,MD, ,0, ,0, ,0, ,0,0, ,0,0, ,0,0,0.203569006
629,AH,2019,SE1902,MOL-2194,A,15,2.5,1, ,MPAT, , , , ,65,EM, ,0, ,0, ,0, ,0,0, ,0,0, ,0,0,0.263513281
630,AH,2019,SE1902,MOL-2194,A,15,2.5,1, ,POSP, , , , ,90,EM, ,0, ,0, ,0, ,0,0, ,0,0, ,0,0,0.073789769
631,AH,2019,SE1902,MOL-2194,A,15,2.5,1, ,PLOB, , , , ,40,MD, ,0, ,0, ,0,BLE,100,1, ,0,0, ,0,0,0.111040983
632,AH,2019,SE1902,MOL-2194,A,15,2.5,1, ,POSP, , , , ,95,MD,PRED,1, ,0, ,0, ,0,0, ,0,0, ,0,0,0.221877917
633, ,0, , ,A,0,0,0, ,MCAP, , ,-1, ,0,BR, ,0, ,0, ,0, ,0,0, ,0,0, ,0,0,0.040008124
634, ,0, , , ,0,0,0, ,MOSP, ,-1, , ,0,EM, ,0, ,0, ,0, ,0,0, ,0,0, ,0,0,0.024871872
635, ,0, , , ,0,0,0, ,MCAP, , ,-1, ,0,BR,SEDI,90, ,0, ,0, ,0,0, ,0,0, ,0,0,0.052338228
636, ,0, , , ,0,0,0, ,MOSP, ,-1, , ,0,EM, ,0, ,0, ,0, ,0,0, ,0,0, ,0,0,0.016341358
637, ,0, , , ,0,0,0, ,UNKN, ,-1, , ,0,EM, ,0, ,0, ,0, ,0,0, ,0,0, ,0,0,0.047986769
638, ,0, , , ,0,0,0, ,UNKN, ,-1, , ,0,MD, ,0, ,0, ,0, ,0,0, ,0,0, ,0,0,0.033438302
639, ,0, , , ,0,0,0, ,MPAT, , , , ,50,EM, ,0, ,0, ,0, ,0,0, ,0,0, ,0,0,0.071647821
640, ,0, , , ,0,0,0, ,MPAT, , , , ,40,EM,PRED,2, ,0, ,0,BIN,5,0, ,0,0, ,0,0,0.25894034
641, ,0, , , ,0,0,0, ,MPAT, , , , ,35,EM, ,0, ,0, ,0,DIS,10,0,BLE,50,1, ,0,0,0.201382919
642, ,0, , , ,0,0,0, ,MCAP, , , , ,25,EM, ,0, ,0, ,0,BLE,50,1, ,0,0, ,0,0,0.097247108
643, ,0, , , ,0,0,0, ,MCAP, , ,-1, ,0,BR, ,0, ,0, ,0, ,0,0, ,0,0, ,0,0,0.04415654
644, ,0, , , ,0,0,0, ,MCAP, ,-1, , ,0,KN, ,0, ,0, ,0, ,0,0, ,0,0, ,0,0,0.033643425
645, ,0, , , ,0,0,0, ,MPAT, , , , ,10,EM, ,0, ,0, ,0, ,0,0, ,0,0, ,0,0,0.094807227
646, ,0, , , ,0,0,0, ,MPAT, , , , ,50,EM, ,0, ,0, ,0, ,0,0, ,0,0, ,0,0,0.104190977
647, ,0, , , ,0,0,0, ,MCAP, , , , ,50,BR, ,0, ,0, ,0,BLE,15,1, ,0,0, ,0,0,0.157840457
648, ,0, , , ,0,0,0, ,MCAP, , , , ,50,BR, ,0, ,0, ,0,BLE,10,2,BLE,15,1, ,0,0,0.560822699
649, ,0, , , ,0,0,0, ,MCAP, , , , ,35,BR, ,0, ,0, ,0,BLE,35,2,BLE,20,1, ,0,0,0.479267493
650, ,0, , , ,0,0,0, ,MPAT, , , , ,20,EM, ,0, ,0, ,0,BLE,20,1, ,0,0, ,0,0,0.13010415
651, ,0, , , ,0,0,0, ,POSP, , , , ,15,MD, ,0, ,0, ,0, ,0,0, ,0,0, ,0,0,0.105428317
652, ,0, , , ,0,0,0, ,MCAP, , , , ,65,BR, ,0, ,0, ,0, ,0,0, ,0,0, ,0,0,0.259401637
653, ,0, , , ,0,0,0, ,MOSP, ,-1, , ,0,EM, ,0, ,0, ,0, ,0,0, ,0,0, ,0,0,0.040818745
654, ,0, , , ,0,0,0, ,MOSP, , , , ,35,EM, ,0, ,0, ,0, ,0,0, ,0,0, ,0,0,0.11771236
655, ,0, , , ,0,0,0, ,MCAP, , , , ,10,BR, ,0, ,0, ,0,BLE,40,2,BLE,30,1, ,0,0,0.491435662
656, ,0, , , ,0,0,0, ,MCAP, , , , ,30,BR, ,0, ,0, ,0,BLE,70,1, ,0,0, ,0,0,0.062968246
657, ,0, , , ,0,0,0, ,MCAP, , , , ,0,KN, ,0, ,0, ,0, ,0,0, ,0,0, ,0,0,0.069621404
658, ,0, , , ,0,0,0, ,MPAT, , , , ,25,EM,PRED,5, ,0, ,0,DIS,10,0, ,0,0, ,0,0,0.399689179
659, ,0, , , ,0,0,0, ,MCAP, , , , ,30,BR, ,0, ,0, ,0,BLE,30,1, ,0,0, ,0,0,0.083940039
660, ,0, , , ,0,0,0, ,MPAT, , , , ,60,MD, ,0, ,0, ,0,BLE,30,1,BLE,10,2, ,0,0,0.199862404
661, ,0, , , ,0,0,0, ,MCAP, , , , ,10,BR, ,0, ,0, ,0, ,0,0, ,0,0, ,0,0,0.056090017
662, ,0, , , ,0,0,0, ,MPAT, , , , ,60,EM, ,0, ,0, ,0,BLE,20,2,BLE,20,1, ,0,0,0.217478113
663, ,0, , , ,0,0,0, ,MCAP, , , , ,60,BR, ,0, ,0, ,0,BLE,30,1, ,0,0, ,0,0,0.146740928
664, ,0, , , ,0,0,0, ,MCAP, , , , ,35,KN, ,0, ,0, ,0,BLE,20,2,BLE,30,1,BLE,2,3,0.245051873
665, ,0, , , ,0,0,0, ,MCAP, , , , ,10,BR, ,0, ,0, ,0,BLE,80,1, ,0,0, ,0,0,0.051894124
666, ,0, , , ,0,0,0, ,MPAT, , , , ,40,EM, ,0, ,0, ,0,BLE,10,1, ,0,0, ,0,0,0.180074013
667, ,0, , , ,0,0,0, ,MCAP, , , , ,0,BR, ,0, ,0, ,0,BLE,100,1, ,0,0, ,0,0,0.074550521
668, ,0, , , ,5,0,0, ,MCAP, , , , ,70,EM, ,0, ,0, ,0,BLE,30,1, ,0,0, ,0,0,0.278059076
669, ,0, , , ,5,0,0, ,MPAT, , , , ,50,EM, ,0, ,0, ,0,BLE,10,1,DIS,5,0, ,0,0,0.242130563
670, ,0, , , ,0,0,0, ,MCAP, , , , ,65,EM, ,0, ,0, ,0,BLE,20,1,BLE,15,2, ,0,0,0.182782275
671, ,0, , , ,0,0,0, ,MPAT, , , , ,70,EM, ,0, ,0, ,0,BLE,10,1, ,0,0, ,0,0,0.124300966
672, ,0, , , ,0,0,0, ,MPAT, ,-1, , ,0,EM, ,0, ,0, ,0, ,0,0, ,0,0, ,0,0,0.036363718
673, ,0, , , ,0,0,0, ,MCAP, , , , ,10,BR, ,0, ,0, ,0,BLE,40,1, ,0,0, ,0,0,0.164520941
674, ,0, , , ,0,0,0, ,MCAP, , , , ,20,BR, ,0, ,0, ,0,BLE,5,2,BLE,20,1,DIS,10,0,0.267614591
675, ,0, , , ,0,0,0, ,MPAT, , , , ,30,EM, ,0, ,0, ,0,DIS,20,0,BLE,10,2, ,0,0,0.170036025
676, ,0, , , ,0,0,0, ,MPAT, , , , ,20,EM, ,0, ,0, ,0,BLE,80,1, ,0,0, ,0,0,0.270860499
677, ,0, , , ,0,0,0, ,MPAT, , , , ,40,EM, ,0, ,0, ,0,BLE,5,1,DIS,10,0, ,0,0,0.162241609
678, ,0, , , ,0,0,0, ,MCAP, , , , ,0,BR, ,0, ,0, ,0, ,0,0, ,0,0, ,0,0,0.136211049
679, ,0, , , ,0,0,0, ,MCAP, ,-1, , ,0,EM, ,0, ,0, ,0, ,0,0, ,0,0, ,0,0,0.024951353
680, ,0, , , ,0,0,0, ,MOSP, ,-1, , ,0,EM, ,0, ,0, ,0, ,0,0, ,0,0, ,0,0,0.012401612
681, ,0, , , ,0,0,0, ,MOSP, , , ,-1,0,EM, ,0, ,0, ,0, ,0,0, ,0,0, ,0,0,0.031020315
682, ,0, , , ,0,0,0, ,MCAP, , , , ,30,BR, ,0, ,0, ,0,BLE,70,1, ,0,0, ,0,0,0.08274787
683, ,0, , , ,0,0,0, ,MCAP, , , , ,40,BR, ,0, ,0, ,0,BLE,30,1, ,0,0, ,0,0,0.073502789
684, ,0, , , ,0,0,0, ,MCAP, , , , ,65,BR, ,0, ,0, ,0, ,0,0, ,0,0, ,0,0,0.077975444
685, ,0, , , ,0,0,0, ,MCAP, , , , ,55,BR, ,0, ,0, ,0,BLE,30,1, ,0,0, ,0,0,0.167934392
686, ,0, , , ,0,0,0, ,MPAT, , , , ,60,EM, ,0, ,0, ,0,BLE,15,1, ,0,0, ,0,0,0.151637892
687, ,0, , , ,0,0,0, ,MPAT, , , , ,55,EM, ,0, ,0, ,0,BLE,10,1,ALG,2,0, ,0,0,0.481389759
688, ,0, , , ,0,0,0, ,MCAP, , , , ,60,EM, ,0, ,0, ,0,BLE,20,1, ,0,0, ,0,0,0.116488325
689, ,0, , , ,0,0,0, ,MPAT, , , , ,35,EM, ,0, ,0, ,0,BLE,10,1, ,0,0, ,0,0,0.2520248
690, ,0, , , ,0,0,0, ,MCAP, , , , ,1,KN, ,0, ,0, ,0,BLE,99,1, ,0,0, ,0,0,0.182356354
691, ,0, , , ,0,0,0, ,PMEA, , , , ,0,BR, ,0, ,0, ,0,BLE,100,2, ,0,0, ,0,0,0.068424922
692, ,0, , , ,0,0,0, ,MCAP, , , , ,0,KN, ,0, ,0, ,0,BLE,90,1,BLE,10,2, ,0,0,0.071230962
693, ,0, , , ,0,0,0, ,MPAT, , , , ,20,EM, ,0, ,0, ,0,DIS,5,0, ,0,0, ,0,0,0.235809266
694, ,0, , , ,0,0,0, ,MCAP, , , , ,40,KN, ,0, ,0, ,0,BLE,30,1,DIS,20,0,BLE,10,2,0.055895796
695, ,0, , , ,0,0,0, ,MPAT, , , , ,80,EM, ,0, ,0, ,0,BLE,10,2, ,0,0, ,0,0,0.106498122
696, ,0, , , ,0,0,0, ,MPAT, , , , ,35,EM, ,0, ,0, ,0,DIS,5,0, ,0,0, ,0,0,0.284328858
697, ,0, , , ,0,0,0, ,MCAP, , , , ,20,BR, ,0, ,0, ,0, ,0,0, ,0,0, ,0,0,0.078058566
698, ,0, , , ,0,0,0, ,MCAP, , , , ,40,BR, ,0, ,0, ,0,BLE,60,3,ALG,10,0, ,0,0,0.200731787
699, ,0, , , ,0,0,0, ,MCAP, ,-1, , ,0,EM, ,0, ,0, ,0, ,0,0, ,0,0, ,0,0,0.034577594
700, ,0, , , ,0,0,0, ,MOSP, , , , ,50,EM, ,0, ,0, ,0, ,0,0, ,0,0, ,0,0,0.219560765
701, ,0, , , ,0,0,0, ,MCAP, , , , ,15,KN, ,0, ,0, ,0,BLE,0,0, ,0,0, ,0,0,0.070300071
702, ,0, , , ,0,0,0, ,MOSP, , , , ,30,EM, ,0, ,0, ,0,BLE,60,2, ,0,0, ,0,0,0.050646322
703, ,0, , , ,0,0,0, ,MCAP, , , , ,5,BR, ,0, ,0, ,0,BLE,95,2, ,0,0, ,0,0,0.057174907
704, ,0, , , ,0,0,0, ,MOSP, , , , ,20,EM, ,0, ,0, ,0,BLE,40,2,BLE,40,1, ,0,0,0.162800001
705, ,0, , , ,0,0,0, ,MCAP, , , ,-1,0,KN, ,0, ,0, ,0, ,0,0, ,0,0, ,0,0,0.037171091
706, ,0, , , ,0,0,0, ,MOSP, ,-1, , ,0,EM, ,0, ,0, ,0, ,0,0, ,0,0, ,0,0,0.012666885
707, ,0, , , ,0,0,0, ,MOSP, ,-1, , ,0,EM, ,0, ,0, ,0, ,0,0, ,0,0, ,0,0,0.025329232
708, ,0, , , ,0,0,0, ,MCAP, , , ,-1,0,KN, ,0, ,0, ,0, ,0,0, ,0,0, ,0,0,0.030681102
709, ,0, , , ,0,0,0, ,MCAP, , , ,-1,0,EM, ,0, ,0, ,0, ,0,0, ,0,0, ,0,0,0.016410363
710, ,0, , , ,0,0,0, ,MCAP, , , ,-1,0,EM, ,0, ,0, ,0, ,0,0, ,0,0, ,0,0,0.01883534
711, ,0, , , ,0,0,0, ,MOSP, ,-1, , ,0,EM, ,0, ,0, ,0, ,0,0, ,0,0, ,0,0,0.040512343
712, ,0, , , ,0,0,0, ,MCAP, , , , ,75,EM, ,0, ,0, ,0,BLE,15,1, ,0,0, ,0,0,0.288532649
713, ,0, , , ,0,0,0, ,MCAP, , , , ,75,KN, ,0, ,0, ,0,BLE,10,1, ,0,0, ,0,0,0.441968516
714, ,0, , , ,5,0,0, ,MCAP, , , , ,60,BR, ,0, ,0, ,0,BLE,25,1,BLE,10,2, ,0,0,0.635934352
715, ,0, , , ,5,0,0, ,MOSP, ,-1, , ,0,EM, ,0, ,0, ,0, ,0,0, ,0,0, ,0,0,0.022484883
716, ,0, , , ,5,0,0, ,MOSP, , , ,-1,0,EM, ,0, ,0, ,0, ,0,0, ,0,0, ,0,0,0.021503488
717, ,0, , , ,5,0,0, ,MOSP, , , ,-1,0,EM, ,0, ,0, ,0, ,0,0, ,0,0, ,0,0,0.024120738
718, ,0, , , ,15,0,0, ,PMEA, , , , ,15,BR, ,0, ,0, ,0,BLE,15,1, ,0,0, ,0,0,0.259026678
719, ,0, , , ,15,0,0, ,MCAP, , , , ,30,BR, ,0, ,0, ,0,BLE,50,1,BLE,20,2,ALG,3,0,0.174590406
720, ,0, , , ,0,0,0, ,PLUT, , , , ,20,MD, ,0, ,0, ,0,SGA,5,0,ALG,3,0, ,0,0,0.424632005
721, ,0, , , ,0,0,0, ,POCS, , , , ,15,BR, ,5,TLS,0, ,0,ALG,2,0, ,0,0, ,0,0,0.467445923
722, ,0, , , ,0,0,0, ,MPAT, , , , ,5,EM, ,0, ,0, ,0, ,0,0, ,0,0, ,0,0,0.050746823
723, ,0, , , ,0,0,0, ,MCAP, , , , ,30,KN, ,0, ,0, ,0,BLE,50,2,BLE,20,1, ,0,0,0.137109336
724, ,0, , , ,0,0,0, ,MPAT, , , , ,60,EM, ,0, ,0, ,0,BLE,20,1, ,0,0, ,0,0,0.246660292
725, ,0, , , ,0,0,0, ,MPAT, , , , ,25,EM, ,0, ,0, ,0,BLE,70,1, ,0,0, ,0,0,0.132312849
726, ,0, , , ,0,0,0, ,MPAT, , , , ,35,EM, ,0, ,0, ,0,BLE,20,1, ,0,0, ,0,0,0.172252141
727, ,0, , , ,0,0,0, ,MPAT, , , , ,50,EM,PRED,2, ,0, ,0, ,0,0, ,0,0, ,0,0,0.155761902
728, ,0, , , ,0,0,0, ,MCAP, , , , ,10,BR, ,0, ,0, ,0,BLE,90,1, ,0,0, ,0,0,0.05240229
729, ,0, , , ,0,0,0, ,MCAP, , , , ,30,EM, ,0, ,0, ,0,BLE,0,0, ,0,0, ,0,0,0.129075366
730, ,0, , , ,0,0,0, ,MCAP, , , , ,15,KN, ,0, ,0, ,0,BLE,80,2, ,0,0, ,0,0,0.233416216
731, ,0, , , ,0,0,0, ,PMEA, , , , ,2,BR, ,0, ,0, ,0,BLE,90,1,BLE,5,2, ,0,0,0.225950437
732, ,0, , , ,0,0,0, ,MPAT, , , , ,20,EM, ,0, ,0, ,0,BLE,80,2, ,0,0, ,0,0,0.09639554
733, ,0, , , ,0,0,0, ,MCAP, , , , ,5,BR, ,0, ,0, ,0, ,0,0, ,0,0, ,0,0,0.108277606
734, ,0, , , ,0,0,0, ,MCAP, , , , ,60,KN, ,0, ,0, ,0,BLE,20,1, ,0,0, ,0,0,0.091762792
735, ,0, , , ,0,0,0, ,MCAP, , , , ,40,KN, ,0, ,0, ,0,BLE,25,1, ,0,0, ,0,0,0.157414898
736, ,0, , , ,0,0,0, ,MCAP, , , , ,20,BR, ,0, ,0, ,0,BLE,20,1, ,0,0, ,0,0,0.116088673
737, ,0, , , ,0,0,0, ,MCAP, , , , ,70,BR, ,0, ,0, ,0,BLE,20,2,BLE,5,1,ALG,5,0,0.673824146
738, ,0, , , ,0,0,0, ,MCAP, , , , ,10,BR, ,0, ,0, ,0,BLE,50,1, ,0,0, ,0,0,0.094174571
739, ,0, , , ,0,0,0, ,MCAP, , , , ,15,BR, ,0, ,0, ,0,BLE,85,2, ,0,0, ,0,0,0.094183864
740, ,0, , , ,0,0,0, ,MOSP, , , , ,20,EM, ,0, ,0, ,0,BLE,50,2, ,0,0, ,0,0,0.078371232
741, ,0, , , ,0,0,0, ,MOSP, , , , ,20,EM, ,0, ,0, ,0,BLE,80,1, ,0,0, ,0,0,0.096022133
742, ,0, , , ,0,0,0, ,MCAP, , , , ,50,BR, ,0, ,0, ,0, ,0,0, ,0,0, ,0,0,0.128719889
743, ,0, , , ,0,0,0, ,POSP, , , , ,10,KN, ,0, ,0, ,0, ,0,0, ,0,0, ,0,0,0.123935791
744, ,0, , , ,0,0,0, ,MPAT, , , , ,50,EM, ,0, ,0, ,0,BLE,10,1,DIS,10,0,ALG,5,0,0.416396734
745, ,0, , , ,0,0,0, ,MCAP, , , , ,3,BR, ,0, ,0, ,0, ,0,0, ,0,0, ,0,0,0.090271812
746, ,0, , , ,0,0,0, ,MCAP, , , , ,60,KN, ,0, ,0, ,0,BLE,20,1,ALG,10,0, ,0,0,0.264184122
747, ,0, , , ,0,0,0, ,MPAT, , , , ,40,EM, ,0, ,0, ,0,BLE,5,1,ALG,10,0, ,0,0,0.369023711
748, ,0, , , ,0,0,0, ,MPAT, , , , ,45,EM, ,0, ,0, ,0, ,0,0, ,0,0, ,0,0,0.515084081
749, ,0, , , ,0,0,0, ,MPAT, , , , ,35,EM, ,0, ,0, ,0,ALG,10,0, ,0,0, ,0,0,0.216205919
