"FID","ANALYST","OBS_YEAR","SITE","SEGMENT","SEGLENGTH","SEGWIDTH","NO_COLONY_","SPCODE","FRAGMENT_Y","MORPH_CODE","EX_BOUND","SHAPE_Leng","SEGAREA"
36,"MA",2019,"HAW-04221","0",1,1,0,"MPAT",0,"EM",0,0.039998126,1
37,"MA",2019,"HAW-04221","0",1,1,0,"PLOB",0,"EM",0,0.018677527,1
38,"MA",2019,"HAW-04221","0",1,1,0,"PLOB",0,"EM",0,0.014741099,1
40,"MA",2019,"HAW-04221","0",1,1,0,"PLOB",0,"EM",0,0.017202907,1
41,"MA",2019,"HAW-04221","0",1,1,0,"PLOB",0,"EM",0,0.02080625,1
46,"AH",2019,"HAW-04221","0",2.5,1,0,"MPAT",0,"EF",0,0.041072861,2.5
68,"RS",2019,"HAW-04221","0",1,1,0,"MPAT",0,"EM",0,0.02818599,1
73,"RS",2019,"HAW-04221","0",1,1,0,"MPAT",0,"EM",0,0.016493939,1
74,"RS",2019,"HAW-04221","0",1,1,0,"MPAT",0,"EM",0,0.014464094,1
76,"RS",2019,"HAW-04221","0",1,1,0,"PLOB",0,"MD",0,0.024539967,1
80,"RS",2019,"HAW-04221","0",1,1,0,"PLOB",0,"MD",0,0.022692069,1
81,"RS",2019,"HAW-04221","0",1,1,0,"PLOB",0,"MD",0,0.015720368,1
102,"MA",2019,"HAW-04231","0",1,1,0,"PMEA",0,"BR",0,0.037566209,1
103,"MA",2019,"HAW-04231","0",1,1,0,"PMEA",0,"BR",0,0.02616639,1
104,"MA",2019,"HAW-04231","0",1,1,0,"PMEA",0,"BR",0,0.026867267,1
105,"MA",2019,"HAW-04231","0",1,1,0,"POSP",0,"EM",0,0.01510033,1
106,"MA",2019,"HAW-04231","0",1,1,0,"PMEA",0,"KN",0,0.020658412,1
107,"MA",2019,"HAW-04231","0",1,1,0,"MCAP",0,"EM",0,0.045304526,1
108,"MA",2019,"HAW-04231","0",1,1,0,"PLOB",0,"EM",0,0.021542516,1
109,"MA",2019,"HAW-04231","0",1,1,0,"MCAP",0,"EM",0,0.015035957,1
110,"MA",2019,"HAW-04231","0",1,1,0,"MCAP",0,"EM",0,0.038916578,1
112,"RS",2019,"HAW-04231","0",1,1,0,"MCAP",0,"EM",0,0.034464621,1
113,"RS",2019,"HAW-04231","0",1,1,0,"PMEA",0,"KN",0,0.006063827,1
114,"RS",2019,"HAW-04231","0",1,1,0,"PMEA",0,"KN",0,0.005614267,1
115,"RS",2019,"HAW-04231","0",1,1,0,"PMEA",0,"KN",0,0.00444072,1
116,"RS",2019,"HAW-04231","0",1,1,0,"PMEA",0,"KN",0,0.004876474,1
117,"RS",2019,"HAW-04231","0",1,1,0,"MCAP",0,"EM",0,0.01100727,1
118,"RS",2019,"HAW-04231","0",1,1,0,"POSP",0,"MD",0,0.007256031,1
119,"RS",2019,"HAW-04231","0",1,1,0,"PMEA",0,"KN",0,0.007473285,1
120,"RS",2019,"HAW-04231","0",1,1,0,"PLOB",0,"MD",0,0.045970533,1
121,"RS",2019,"HAW-04231","0",1,1,0,"PLOB",0,"EM",0,0.013582342,1
122,"RS",2019,"HAW-04231","0",1,1,0,"MCAP",0,"EM",0,0.018527008,1
123,"RS",2019,"HAW-04231","0",1,1,0,"PMEA",0,"KN",0,0.022022943,1
125,"RS",2019,"HAW-04231","0",1,1,0,"MCAP",0,"EM",0,0.042502705,1
126,"RS",2019,"HAW-04231","0",1,1,0,"PLOB",0,"EM",0,0.0299955,1
127,"RS",2019,"HAW-04231","0",1,1,0,"PLOB",0,"EM",0,0.044642582,1
128,"RS",2019,"HAW-04231","0",1,1,0,"PLOB",0,"EM",0,0.019087692,1
130,"RS",2019,"HAW-04231","0",1,1,0,"PMEA",0,"KN",0,0.027306594,1
131,"RS",2019,"HAW-04231","0",1,1,0,"PLOB",0,"EM",0,0.02656558,1
132,"RS",2019,"HAW-04231","0",1,1,0,"MCAP",0,"EM",0,0.018029421,1
133,"RS",2019,"HAW-04231","0",1,1,0,"MCAP",0,"EM",0,0.014681961,1
134,"RS",2019,"HAW-04231","0",1,1,0,"MCAP",0,"EM",0,0.017790166,1
135,"RS",2019,"HAW-04231","0",1,1,0,"MCAP",0,"EM",0,0.015575622,1
136,"RS",2019,"HAW-04231","0",1,1,0,"POSP",0,"EM",0,0.013435029,1
137,"RS",2019,"HAW-04231","0",1,1,0,"PMEA",0,"KN",0,0.027306594,1
146,"MA",2019,"HAW-04240","5",1,1,0,"PLOB",0,"EM",0,0.049222963,1
172,"MA",2019,"HAW-04240","5",1,1,0,"PLOB",0,"MD",0,0.024351591,1
173,"MA",2019,"HAW-04240","5",1,1,0,"PLOB",0,"EM",0,0.013464769,1
175,"MA",2019,"HAW-04240","5",1,1,0,"PLOB",0,"EM",0,0.022144976,1
176,"MA",2019,"HAW-04240","5",1,1,0,"PLOB",0,"EM",0,0.013366002,1
177,"MA",2019,"HAW-04240","5",1,1,0,"PLOB",0,"EM",0,0.020778114,1
178,"MA",2019,"HAW-04240","5",1,1,0,"PLOB",0,"EM",0,0.013508515,1
179,"MA",2019,"HAW-04240","5",1,1,0,"PLOB",0,"EM",0,0.00852115,1
180,"MA",2019,"HAW-04240","5",1,1,0,"PLOB",0,"EM",0,0.004308132,1
181,"MA",2019,"HAW-04240","5",1,1,0,"PLOB",0,"EM",0,0.008628441,1
182,"MA",2019,"HAW-04240","5",1,1,0,"PLOB",0,"MD",0,0.03887853,1
183,"MA",2019,"HAW-04240","5",1,1,0,"PLOB",0,"EM",0,0.009433981,1
184,"MA",2019,"HAW-04240","5",1,1,0,"PLOB",0,"EM",0,0.015990621,1
185,"MA",2019,"HAW-04240","5",1,1,0,"PLOB",0,"EM",0,0.013563556,1
186,"MA",2019,"HAW-04240","5",1,1,0,"PLOB",0,"EM",0,0.007494665,1
187,"MA",2019,"HAW-04240","5",1,1,0,"PLOB",0,"EM",0,0.026518861,1
188,"MA",2019,"HAW-04240","5",1,1,0,"PLOB",0,"EM",0,0.007244309,1
191,"RS",2019,"HAW-04240","5",1,1,0,"PLOB",0,"EM",0,0.030796266,1
196,"RS",2019,"HAW-04240","5",1,1,0,"PLOB",0,"MD",0,0.046764944,1
197,"RS",2019,"HAW-04240","5",1,1,0,"PLOB",0,"MD",0,0.049943268,1
199,"RS",2019,"HAW-04240","5",1,1,0,"POSP",0,"MD",0,0.014962621,1
200,"RS",2019,"HAW-04240","5",1,1,0,"POSP",0,"MD",0,0.020988091,1
201,"RS",2019,"HAW-04240","5",1,1,0,"POSP",0,"MD",0,0.043028596,1
202,"RS",2019,"HAW-04240","5",1,1,0,"POSP",0,"MD",0,0.021631691,1
203,"RS",2019,"HAW-04240","5",1,1,0,"POSP",0,"MD",0,0.023394445,1
204,"RS",2019,"HAW-04240","5",1,1,0,"POSP",0,"MD",0,0.041484937,1
205,"RS",2019,"HAW-04240","5",1,1,0,"PLOB",0,"MD",0,0.030999677,1
212,"RS",2019,"HAW-04240","5",1,1,0,"POSP",0,"EM",0,0.028754304,1
213,"RS",2019,"HAW-04240","5",1,1,0,"PLOB",0,"MD",0,0.033618149,1
214,"RS",2019,"HAW-04240","5",1,1,0,"PLOB",0,"EM",0,0.041694123,1
246,"MA",2019,"HAW-04241","5",1,1,0,"PLOB",0,"MD",0,0.047666865,1
262,"MA",2019,"HAW-04241","5",1,1,0,"MCAP",0,"EM",0,0.047793827,1
267,"MA",2019,"HAW-04241","5",1,1,0,"MOSP",0,"EM",0,0.02593569,1
268,"MA",2019,"HAW-04241","5",1,1,0,"MPAT",0,"EM",0,0.04129891,1
271,"RS",2019,"HAW-04241","5",1,1,0,"PLOB",0,"MD",0,0.0492,1
273,"RS",2019,"HAW-04241","5",1,1,0,"PLOB",0,"MD",0,0.04261948,1
275,"RS",2019,"HAW-04241","5",1,1,0,"PLOB",0,"MD",0,0.043714757,1
303,"RS",2019,"HAW-04241","10",1,1,0,"MPAT",0,"EM",0,0.049576809,1
340,"MA",2019,"HAW-04259","5",1,1,0,"POSP",0,"EM",0,0.030870698,1
341,"MA",2019,"HAW-04259","5",1,1,0,"POSP",0,"KN",0,0.014176742,1
405,"MA",2019,"HAW-04259","5",1,1,0,"POCS",0,"BR",0,0.026631185,1
406,"MA",2019,"HAW-04259","5",1,1,0,"POSP",0,"MD",0,0.017692089,1
407,"MA",2019,"HAW-04259","5",1,1,0,"POSP",0,"MD",0,0.013287965,1
408,"MA",2019,"HAW-04259","5",1,1,0,"POSP",0,"MD",0,0.020340354,1
418,"MA",2019,"HAW-04259","5",1,1,0,"PCOM",0,"BR",0,0.036432129,1
438,"RS",2019,"HAW-04259","5",1,1,0,"PCOM",0,"MD",0,0.023400214,1
443,"RS",2019,"HAW-04259","5",1,1,0,"PCOM",0,"MD",0,0.023303218,1
461,"RS",2019,"HAW-04259","5",1,1,0,"PCOM",0,"BR",0,0.047805961,1
468,"RS",2019,"HAW-04259","5",1,1,0,"PCOM",0,"MD",0,0.022275099,1
469,"RS",2019,"HAW-04259","5",1,1,0,"PCOM",0,"MD",0,0.026193892,1
470,"RS",2019,"HAW-04259","5",1,1,0,"PCOM",0,"MD",0,0.010492378,1
471,"RS",2019,"HAW-04259","5",1,1,0,"PCOM",0,"MD",0,0.016114901,1
502,"RS",2019,"HAW-04259","5",1,1,0,"PMEA",0,"KN",0,0.023247581,1
503,"RS",2019,"HAW-04259","5",1,1,0,"PCOM",0,"KN",0,0.030242354,1
504,"RS",2019,"HAW-04259","5",1,1,0,"PCOM",0,"KN",0,0.026076234,1
505,"RS",2019,"HAW-04259","5",1,1,0,"PCOM",0,"MD",0,0.025668073,1
509,"MA",2019,"HAW-04260","0",1,1,0,"PLOB",0,"EM",0,0.044801786,1
510,"MA",2019,"HAW-04260","0",1,1,0,"PLOB",0,"EM",0,0.014848906,1
511,"MA",2019,"HAW-04260","0",1,1,0,"PLOB",0,"EM",0,0.020348218,1
512,"MA",2019,"HAW-04260","0",1,1,0,"PLOB",0,"EM",0,0.018650737,1
513,"MA",2019,"HAW-04260","0",1,1,0,"PLOB",0,"EM",0,0.028214358,1
515,"MA",2019,"HAW-04260","0",1,1,0,"PLOB",0,"EM",0,0.007778175,1
516,"MA",2019,"HAW-04260","0",1,1,0,"PLOB",0,"EM",0,0.012706297,1
518,"MA",2019,"HAW-04260","0",1,1,0,"PLOB",0,"EM",0,0.025529003,1
519,"MA",2019,"HAW-04260","0",1,1,0,"PLOB",0,"EM",0,0.027183083,1
520,"MA",2019,"HAW-04260","0",1,1,0,"PLOB",0,"EM",0,0.021931711,1
521,"MA",2019,"HAW-04260","0",1,1,0,"PLOB",0,"EM",0,0.008736131,1
522,"MA",2019,"HAW-04260","0",1,1,0,"PLOB",0,"EM",0,0.011920151,1
523,"MA",2019,"HAW-04260","0",1,1,0,"PLOB",0,"EM",0,0.016824388,1
524,"MA",2019,"HAW-04260","0",1,1,0,"PLOB",0,"EM",0,0.00990404,1
525,"MA",2019,"HAW-04260","0",1,1,0,"PLOB",0,"EM",0,0.008236503,1
526,"RS",2019,"HAW-04260","0",1,1,0,"PLOB",0,"MD",0,0.040507901,1
528,"RS",2019,"HAW-04260","0",1,1,0,"PLOB",0,"MD",0,0.045263672,1
529,"RS",2019,"HAW-04260","0",1,1,0,"PLOB",0,"EM",0,0.0103,1
530,"RS",2019,"HAW-04260","0",1,1,0,"PLOB",0,"EM",0,0.027799999,1
531,"RS",2019,"HAW-04260","0",1,1,0,"PLOB",0,"EM",0,0.02496097,1
532,"RS",2019,"HAW-04260","0",1,1,0,"PLOB",0,"EM",0,0.03056354,1
533,"RS",2019,"HAW-04260","0",1,1,0,"PLOB",0,"EM",0,0.01068878,1
534,"RS",2019,"HAW-04260","0",1,1,0,"PLOB",0,"EM",0,0.018299999,1
535,"RS",2019,"HAW-04260","0",1,1,0,"PLOB",0,"EM",0,0.024189667,1
536,"RS",2019,"HAW-04260","0",1,1,0,"PLOB",0,"EM",0,0.030189568,1
537,"RS",2019,"HAW-04260","0",1,1,0,"PLOB",0,"EM",0,0.017518276,1
538,"RS",2019,"HAW-04260","0",1,1,0,"PLOB",0,"EM",0,0.019864541,1
539,"RS",2019,"HAW-04260","0",1,1,0,"PLOB",0,"EM",0,0.017348776,1
540,"RS",2019,"HAW-04260","0",1,1,0,"PLOB",0,"EM",0,0.025303162,1
541,"RS",2019,"HAW-04260","0",1,1,0,"PLOB",0,"EM",0,0.02679888,1
551,"CA",2019,"HAW-04263","5",1,1,0,"PMEA",0,"BR",0,0.038680874,1
613,"MA",2019,"HAW-04263","5",1,1,0,"PMEA",0,"BR",0,0.039787686,1
621,"AH",2019,"HAW-04263","5",1,1,0,"PMEA",0,"BR",-1,0.041773796,1
635,"RS",2019,"HAW-04263","5",1,1,0,"PMEA",0,"KN",0,0.037375125,1
636,"RS",2019,"HAW-04263","5",1,1,0,"PLOB",0,"EM",0,0.044364062,1
637,"RS",2019,"HAW-04263","5",1,1,0,"PLOB",0,"MD",0,0.016191974,1
657,"RS",2019,"HAW-04263","5",1,1,0,"PLOB",0,"MD",0,0.049383095,1
700,"MA",2019,"HAW-04264","10",1,1,0,"PLOB",0,"MD",0,0.046862564,1
703,"MA",2019,"HAW-04264","10",1,1,0,"PLOB",0,"EM",0,0.02129413,1
704,"MA",2019,"HAW-04264","10",1,1,0,"PLOB",0,"EM",0,0.023260697,1
705,"MA",2019,"HAW-04264","10",1,1,0,"PLOB",0,"EM",0,0.014317123,1
706,"MA",2019,"HAW-04264","10",1,1,0,"PLOB",0,"EM",0,0.029041349,1
707,"MA",2019,"HAW-04264","10",1,1,0,"PLOB",0,"EM",0,0.040431671,1
708,"MA",2019,"HAW-04264","10",1,1,0,"PLOB",0,"EM",0,0.011910501,1
709,"MA",2019,"HAW-04264","15",1,1,0,"PLOB",0,"EM",0,0.045009555,1
723,"RS",2019,"HAW-04264","10",1,1,0,"PLOB",0,"MD",0,0.045394382,1
724,"RS",2019,"HAW-04264","10",1,1,0,"PLOB",0,"MD",0,0.041861677,1
725,"RS",2019,"HAW-04264","10",1,1,0,"PLOB",0,"MD",0,0.027634219,1
727,"RS",2019,"HAW-04264","10",1,1,0,"PLOB",0,"MD",0,0.016022485,1
730,"RS",2019,"HAW-04264","10",1,1,0,"PLOB",0,"MD",0,0.047731959,1
731,"RS",2019,"HAW-04264","10",1,1,0,"PLOB",0,"EM",0,0.007571658,1
732,"RS",2019,"HAW-04264","10",1,1,0,"PLOB",0,"EM",0,0.022584287,1
733,"RS",2019,"HAW-04264","10",1,1,0,"PLOB",0,"EM",0,0.022078269,1
734,"RS",2019,"HAW-04264","10",1,1,0,"PLOB",0,"EM",0,0.023003478,1
735,"RS",2019,"HAW-04264","10",1,1,0,"PLOB",0,"EM",0,0.043689816,1
736,"RS",2019,"HAW-04264","10",1,1,0,"PLOB",0,"EM",0,0.014721752,1
737,"RS",2019,"HAW-04264","10",1,1,0,"PLOB",0,"EM",0,0.024183051,1
738,"RS",2019,"HAW-04264","10",1,1,0,"PLOB",0,"EM",0,0.010878419,1
739,"RS",2019,"HAW-04264","10",1,1,0,"PLOB",0,"EM",0,0.009972462,1
740,"RS",2019,"HAW-04264","10",1,1,0,"PLOB",0,"EM",0,0.009617691,1
747,"RS",2019,"HAW-04264","10",1,1,0,"PLOB",0,"EM",0,0.013788402,1
748,"RS",2019,"HAW-04264","10",1,1,0,"PLOB",0,"EM",0,0.008825532,1
749,"RS",2019,"HAW-04264","10",1,1,0,"PLOB",0,"EM",0,0.014217243,1
750,"RS",2019,"HAW-04264","10",1,1,0,"PLOB",0,"EM",0,0.028689544,1
771,"MA",2019,"HAW-04268","0",1,1,0,"PLOB",0,"MD",0,0.04022263,1
842,"MA",2019,"HAW-04278","0",1,1,0,"POCS",0,"EM",0,0.024016868,1
843,"MA",2019,"HAW-04278","0",1,1,0,"PLOB",0,"EM",0,0.037220021,1
844,"MA",2019,"HAW-04278","0",1,1,0,"PLOB",0,"EM",0,0.018445595,1
845,"MA",2019,"HAW-04278","0",1,1,0,"PLOB",0,"EM",0,0.013263861,1
846,"MA",2019,"HAW-04278","0",1,1,0,"PLOB",0,"EM",0,0.021159632,1
847,"MA",2019,"HAW-04278","0",1,1,0,"PLOB",0,"EM",0,0.013515176,1
848,"MA",2019,"HAW-04278","0",1,1,0,"PLOB",0,"EM",0,0.013511847,1
849,"MA",2019,"HAW-04278","0",1,1,0,"PLOB",0,"EM",0,0.020670026,1
850,"MA",2019,"HAW-04278","0",1,1,0,"PLOB",0,"EM",0,0.01190378,1
851,"MA",2019,"HAW-04278","0",1,1,0,"PLOB",0,"EM",0,0.011329607,1
852,"MA",2019,"HAW-04278","0",1,1,0,"PLOB",0,"EM",0,0.012149486,1
853,"MA",2019,"HAW-04278","0",1,1,0,"PLOB",0,"EM",0,0.017710167,1
854,"MA",2019,"HAW-04278","0",1,1,0,"PLOB",0,"EM",0,0.01023914,1
855,"MA",2019,"HAW-04278","5",1,1,0,"PLOB",0,"EM",0,0.016124516,1
856,"MA",2019,"HAW-04278","5",1,1,0,"PLOB",0,"EM",0,0.010824509,1
857,"MA",2019,"HAW-04278","5",1,1,0,"PLOB",0,"EM",0,0.03649685,1
858,"MA",2019,"HAW-04278","5",1,1,0,"PLOB",0,"EM",0,0.032099999,1
859,"MA",2019,"HAW-04278","5",1,1,0,"PLOB",0,"MD",0,0.043164801,1
860,"MA",2019,"HAW-04278","5",1,1,0,"PLOB",0,"EM",0,0.018216475,1
861,"MA",2019,"HAW-04278","5",1,1,0,"PLOB",0,"EM",0,0.037417242,1
862,"MA",2019,"HAW-04278","5",1,1,0,"PLOB",0,"EM",0,0.020729206,1
864,"MA",2019,"HAW-04278","5",1,1,0,"PLOB",0,"EM",0,0.035634956,1
865,"MA",2019,"HAW-04278","5",1,1,0,"PLOB",0,"EM",0,0.035100998,1
866,"MA",2019,"HAW-04278","5",1,1,0,"MOSP",0,"EM",0,0.049274132,1
867,"MA",2019,"HAW-04278","5",1,1,0,"PLOB",0,"EM",0,0.038301175,1
868,"MA",2019,"HAW-04278","5",1,1,0,"PLOB",0,"EM",0,0.03375574,1
869,"MA",2019,"HAW-04278","5",1,1,0,"PLOB",0,"EM",0,0.042214334,1
870,"MA",2019,"HAW-04278","5",1,1,0,"PLOB",0,"EM",0,0.018740865,1
882,"RS",2019,"HAW-04278","0",1,1,0,"PLOB",0,"MD",0,0.03835127,1
883,"RS",2019,"HAW-04278","0",1,1,0,"PLOB",0,"MD",0,0.021223572,1
884,"RS",2019,"HAW-04278","0",1,1,0,"PLOB",0,"MD",0,0.012747549,1
885,"RS",2019,"HAW-04278","0",1,1,0,"PMEA",0,"KN",0,0.00895377,1
886,"RS",2019,"HAW-04278","0",1,1,0,"POSP",0,"MD",0,0.01163615,1
887,"RS",2019,"HAW-04278","0",1,1,0,"POSP",0,"MD",0,0.013200758,1
888,"RS",2019,"HAW-04278","0",1,1,0,"PLOB",0,"MD",0,0.021200001,1
889,"RS",2019,"HAW-04278","0",1,1,0,"PMEA",0,"KN",0,0.020597329,1
890,"RS",2019,"HAW-04278","0",1,1,0,"PMEA",0,"MD",0,0.013,1
891,"RS",2019,"HAW-04278","0",1,1,0,"PLOB",0,"MD",0,0.03640467,1
897,"RS",2019,"HAW-04278","0",1,1,0,"POSP",0,"MD",0,0.013373481,1
898,"RS",2019,"HAW-04278","0",1,1,0,"PLOB",0,"MD",0,0.035558403,1
899,"RS",2019,"HAW-04278","0",1,1,0,"POSP",0,"MD",0,0.010625441,1
900,"RS",2019,"HAW-04278","0",1,1,0,"POSP",0,"MD",0,0.006670832,1
901,"RS",2019,"HAW-04278","0",1,1,0,"POSP",0,"MD",0,0.010024471,1
916,"RS",2019,"HAW-04278","5",1,1,0,"PLUT",0,"MD",0,0.036614888,1
917,"RS",2019,"HAW-04278","5",1,1,0,"PLOB",0,"MD",0,0.031990311,1
919,"RS",2019,"HAW-04278","5",1,1,0,"POSP",0,"MD",0,0.032035137,1
920,"RS",2019,"HAW-04278","5",1,1,0,"POSP",0,"MD",0,0.027734635,1
923,"RS",2019,"HAW-04278","5",1,1,0,"MPAT",0,"EM",0,0.049701207,1
924,"RS",2019,"HAW-04278","5",1,1,0,"POSP",0,"MD",0,0.021606018,1
925,"RS",2019,"HAW-04278","5",1,1,0,"LESP",0,"EM",0,0.025849564,1
926,"RS",2019,"HAW-04278","5",1,1,0,"PLOB",0,"MD",0,0.038811982,1
927,"RS",2019,"HAW-04278","5",1,1,0,"PLOB",0,"MD",0,0.016812198,1
928,"RS",2019,"HAW-04278","5",1,1,0,"PLOB",0,"MD",0,0.039341836,1
930,"RS",2019,"HAW-04278","5",1,1,0,"MCAP",0,"EM",0,0.022049264,1
933,"RS",2019,"HAW-04278","5",1,1,0,"PLOB",0,"MD",0,0.031768223,1
934,"RS",2019,"HAW-04278","5",1,1,0,"PLOB",0,"MD",0,0.020087807,1
935,"RS",2019,"HAW-04278","5",1,1,0,"PLOB",0,"EM",0,0.014453373,1
936,"RS",2019,"HAW-04278","5",1,1,0,"POSP",0,"MD",0,0.018629009,1
937,"RS",2019,"HAW-04278","5",1,1,0,"POSP",0,"EM",0,0.02300978,1
938,"RS",2019,"HAW-04278","5",1,1,0,"PLOB",0,"MD",0,0.009278469,1
946,"MA",2019,"HAW-04283","0",1,1,0,"PLOB",0,"EM",0,0.048485564,1
952,"MA",2019,"HAW-04283","0",1,1,0,"PLOB",0,"EM",0,0.022337861,1
958,"RS",2019,"HAW-04283","0",1,1,0,"PLOB",0,"MD",0,0.034209356,1
959,"RS",2019,"HAW-04283","0",1,1,0,"PLOB",0,"MD",0,0.020147952,1
961,"RS",2019,"HAW-04283","0",1,1,0,"PLOB",0,"EM",0,0.017274257,1
963,"RS",2019,"HAW-04283","0",1,1,0,"PLOB",0,"EM",0,0.01804245,1
965,"RS",2019,"HAW-04283","0",1,1,0,"PLOB",0,"EM",0,0.016546902,1
966,"RS",2019,"HAW-04283","0",1,1,0,"PLOB",0,"MD",0,0.0056,1
999,"MA",2019,"HAW-04292","5",1,1,0,"PLOB",0,"MD",0,0.044363612,1
1000,"MA",2019,"HAW-04292","5",1,1,0,"PMEA",0,"KN",0,0.027960866,1
1001,"MA",2019,"HAW-04292","5",1,1,0,"POSP",0,"MD",0,0.021447843,1
1002,"MA",2019,"HAW-04292","5",1,1,0,"MCAP",0,"EM",0,0.023120986,1
1003,"MA",2019,"HAW-04292","5",1,1,0,"PMEA",0,"BR",0,0.029795469,1
1004,"MA",2019,"HAW-04292","5",1,1,0,"PLOB",0,"MD",0,0.020317726,1
1005,"MA",2019,"HAW-04292","5",1,1,0,"PLOB",0,"MD",0,0.026322995,1
1006,"MA",2019,"HAW-04292","5",1,1,0,"POSP",0,"MD",0,0.034842071,1
1007,"MA",2019,"HAW-04292","5",1,1,0,"POSP",0,"MD",0,0.032206365,1
1008,"MA",2019,"HAW-04292","5",1,1,0,"POSP",0,"MD",0,0.011741381,1
1010,"MA",2019,"HAW-04292","5",1,1,0,"POSP",0,"EM",0,0.0207,1
1011,"MA",2019,"HAW-04292","5",1,1,0,"POSP",0,"EM",0,0.019602296,1
1014,"MA",2019,"HAW-04292","5",1,1,0,"PCOM",0,"CO",0,0.025428528,1
1020,"MA",2019,"HAW-04292","5",1,1,0,"POSP",0,"EM",0,0.01690562,1
1021,"MA",2019,"HAW-04292","10",1,1,0,"PLOB",0,"EM",0,0.018017769,1
1022,"MA",2019,"HAW-04292","10",1,1,0,"PMEA",0,"EM",0,0.019611476,1
1023,"MA",2019,"HAW-04292","10",1,1,0,"PLOB",0,"MD",0,0.013327039,1
1024,"MA",2019,"HAW-04292","10",1,1,0,"PLOB",0,"MD",0,0.022680829,1
1025,"MA",2019,"HAW-04292","10",1,1,0,"PLOB",0,"MD",0,0.017523127,1
1026,"MA",2019,"HAW-04292","10",1,1,0,"PLOB",0,"EM",0,0.021009761,1
1027,"MA",2019,"HAW-04292","10",1,1,0,"PLOB",0,"MD",0,0.043724707,1
1028,"MA",2019,"HAW-04292","10",1,1,0,"PLOB",0,"EM",0,0.017410628,1
1029,"MA",2019,"HAW-04292","10",1,1,0,"PLOB",0,"MD",0,0.016238841,1
1030,"MA",2019,"HAW-04292","10",1,1,0,"PLOB",0,"MD",0,0.027550137,1
1031,"MA",2019,"HAW-04292","10",1,1,0,"PLOB",0,"EM",0,0.011141365,1
1032,"MA",2019,"HAW-04292","10",1,1,0,"PMEA",0,"EM",0,0.019474342,1
1033,"MA",2019,"HAW-04292","10",1,1,0,"MCAP",0,"EM",0,0.027312452,1
1035,"MA",2019,"HAW-04292","10",1,1,0,"MCAP",0,"EM",0,0.020647518,1
1037,"MA",2019,"HAW-04292","10",1,1,0,"MCAP",0,"EM",0,0.033559649,1
1038,"MA",2019,"HAW-04292","10",1,1,0,"MCAP",0,"EM",0,0.018853381,1
1046,"MA",2019,"HAW-04292","10",1,1,0,"PMEA",0,"EM",0,0.01171068,1
1047,"MA",2019,"HAW-04292","10",1,1,0,"PMEA",0,"EM",0,0.016003123,1
1048,"MA",2019,"HAW-04292","10",1,1,0,"PLOB",0,"EM",0,0.01185327,1
1049,"MA",2019,"HAW-04292","10",1,1,0,"PMEA",0,"KN",0,0.02404163,1
1050,"MA",2019,"HAW-04292","10",1,1,0,"PMEA",0,"KN",0,0.016107451,1
1182,"RS",2019,"HAW-04292","10",1,1,0,"PLOB",0,"MD",0,0.018873261,1
1183,"RS",2019,"HAW-04292","10",1,1,0,"PMEA",0,"MD",0,0.00981835,1
1185,"RS",2019,"HAW-04292","10",1,1,0,"PVAR",0,"EM",0,0.019100262,1
1186,"RS",2019,"HAW-04292","10",1,1,0,"PLOB",0,"MD",0,0.016551133,1
1187,"RS",2019,"HAW-04292","10",1,1,0,"PMEA",0,"MD",0,0.016760072,1
1188,"RS",2019,"HAW-04292","10",1,1,0,"PLOB",0,"MD",0,0.016638811,1
1189,"RS",2019,"HAW-04292","10",1,1,0,"PLOB",0,"MD",0,0.027684834,1
1190,"RS",2019,"HAW-04292","10",1,1,0,"PLOB",0,"MD",0,0.024427239,1
1191,"RS",2019,"HAW-04292","10",1,1,0,"PLOB",0,"MD",0,0.016337075,1
1192,"RS",2019,"HAW-04292","10",1,1,0,"PMEA",0,"KN",0,0.016507573,1
1193,"RS",2019,"HAW-04292","10",1,1,0,"PLOB",0,"MD",0,0.025600781,1
1194,"RS",2019,"HAW-04292","10",1,1,0,"MCAP",0,"EM",0,0.035732898,1
1195,"RS",2019,"HAW-04292","10",1,1,0,"MCAP",0,"EM",0,0.018599462,1
1196,"RS",2019,"HAW-04292","10",1,1,0,"PLOB",0,"MD",0,0.019067251,1
1197,"RS",2019,"HAW-04292","10",1,1,0,"PLOB",0,"MD",0,0.019916075,1
1198,"RS",2019,"HAW-04292","10",1,1,0,"PLOB",0,"MD",0,0.023843868,1
1199,"RS",2019,"HAW-04292","10",1,1,0,"PLOB",0,"MD",0,0.013547325,1
1200,"RS",2019,"HAW-04292","10",1,1,0,"PLOB",0,"MD",0,0.018505405,1
1201,"RS",2019,"HAW-04292","10",1,1,0,"POSP",0,"MD",0,0.017139721,1
1202,"RS",2019,"HAW-04292","10",1,1,0,"MCAP",0,"MD",0,0.031083114,1
1203,"RS",2019,"HAW-04292","10",1,1,0,"PMEA",0,"KN",0,0.014549914,1
1205,"RS",2019,"HAW-04292","10",1,1,0,"PLOB",0,"MD",0,0.013720788,1
1215,"RS",2019,"HAW-04292","5",1,1,0,"PLOB",0,"MD",0,0.038635346,1
1216,"RS",2019,"HAW-04292","5",1,1,0,"PLOB",0,"MD",0,0.017380735,1
1217,"RS",2019,"HAW-04292","5",1,1,0,"PMEA",0,"KN",0,0.029662434,1
1218,"RS",2019,"HAW-04292","5",1,1,0,"PLOB",0,"MD",0,0.02755449,1
1219,"RS",2019,"HAW-04292","5",1,1,0,"PLOB",0,"MD",0,0.033072798,1
1220,"RS",2019,"HAW-04292","5",1,1,0,"PLOB",0,"MD",0,0.020241048,1
1221,"RS",2019,"HAW-04292","5",1,1,0,"PLOB",0,"MD",0,0.010060318,1
1222,"RS",2019,"HAW-04292","5",1,1,0,"PLOB",0,"MD",0,0.011587061,1
1223,"RS",2019,"HAW-04292","5",1,1,0,"PMEA",0,"MD",0,0.027644348,1
1224,"RS",2019,"HAW-04292","5",1,1,0,"POSP",0,"MD",0,0.024100623,1
1225,"RS",2019,"HAW-04292","5",1,1,0,"POSP",0,"MD",0,0.018885444,1
1226,"RS",2019,"HAW-04292","5",1,1,0,"POSP",0,"MD",0,0.017473409,1
1227,"RS",2019,"HAW-04292","5",1,1,0,"POSP",0,"MD",0,0.008300602,1
1228,"RS",2019,"HAW-04292","5",1,1,0,"POSP",0,"MD",0,0.014579781,1
1229,"RS",2019,"HAW-04292","5",1,1,0,"POSP",0,"MD",0,0.017630088,1
1230,"RS",2019,"HAW-04292","5",1,1,0,"PCOM",0,"BR",0,0.004816637,1
1232,"RS",2019,"HAW-04292","5",1,1,0,"POSP",0,"MD",0,0.016871573,1
1234,"RS",2019,"HAW-04292","5",1,1,0,"PCOM",0,"BR",0,0.022275099,1
1256,"CA",2019,"HAW-04294","5",1,1,0,"PCOM",0,"EM",0,0.0192,1
1264,"CA",2019,"HAW-04294","5",1,1,0,"PCOM",0,"KN",0,0.029255084,1
1298,"MA",2019,"HAW-04294","5",1,1,0,"PCOM",0,"KN",0,0.032086134,1
1299,"MA",2019,"HAW-04294","5",1,1,0,"PCOM",0,"KN",0,0.014469969,1
1301,"MA",2019,"HAW-04294","5",1,1,0,"PCOM",0,"KN",0,0.031726645,1
1338,"MA",2019,"HAW-04294","5",1,1,0,"PCOM",0,"EC",0,0.032112458,1
1371,"RS",2019,"HAW-04294","10",1,1,0,"PCOM",0,"MD",0,0.043727566,1
1376,"RS",2019,"HAW-04294","10",1,1,0,"PVAR",0,"EM",0,0.030168195,1
1412,"RS",2019,"HAW-04294","10",1,1,0,"PCOM",0,"MD",0,0.013792751,1
1413,"RS",2019,"HAW-04294","10",1,1,0,"PCOM",0,"MD",0,0.021924415,1
1414,"RS",2019,"HAW-04294","10",1,1,0,"PCOM",0,"MD",0,0.031187818,1
1416,"RS",2019,"HAW-04294","10",1,1,0,"PCOM",0,"MD",0,0.032432237,1
1417,"RS",2019,"HAW-04294","10",1,1,0,"PCOM",0,"MD",0,0.035389971,1
1425,"MA",2019,"HAW-04296","0",1,1,0,"PLOB",0,"MD",0,0.031839911,1
1427,"MA",2019,"HAW-04296","0",1,1,0,"PLOB",0,"MD",0,0.026536391,1
1428,"MA",2019,"HAW-04296","0",1,1,0,"POSP",0,"KN",0,0.043286257,1
1431,"MA",2019,"HAW-04296","0",1,1,0,"POSP",0,"EM",0,0.018216477,1
1432,"MA",2019,"HAW-04296","0",1,1,0,"PLOB",0,"EM",0,0.047780331,1
1433,"MA",2019,"HAW-04296","0",1,1,0,"PLOB",0,"EM",0,0.018054639,1
1434,"MA",2019,"HAW-04296","0",1,1,0,"PLOB",0,"EM",0,0.017392527,1
1437,"MA",2019,"HAW-04296","0",1,1,0,"PLOB",0,"EM",0,0.022709469,1
1438,"MA",2019,"HAW-04296","0",1,1,0,"PLOB",0,"EM",0,0.030989838,1
1439,"MA",2019,"HAW-04296","0",1,1,0,"PLOB",0,"MD",0,0.034514489,1
1440,"MA",2019,"HAW-04296","0",1,1,0,"PLOB",0,"EM",0,0.034012351,1
1452,"MW",2019,"HAW-04296","0",1,1,0,"POSP",0,"EM",0,0.045508022,1
1453,"MW",2019,"HAW-04296","0",1,1,0,"POSP",0,"EM",0,0.017707061,1
1454,"MW",2019,"HAW-04296","0",1,1,0,"POSP",0,"EM",0,0.02468299,1
1455,"MW",2019,"HAW-04296","0",1,1,0,"POSP",0,"EM",0,0.019895727,1
1456,"MW",2019,"HAW-04296","0",1,1,0,"POSP",0,"EM",0,0.029752311,1
1457,"MW",2019,"HAW-04296","0",1,1,0,"POSP",0,"EM",0,0.035254787,1
1458,"MW",2019,"HAW-04296","0",1,1,0,"POSP",0,"EM",0,0.034313992,1
1477,"MA",2019,"HAW-04299","5",1,1,0,"PMEA",0,"BR",0,0.026176517,1
1478,"MA",2019,"HAW-04299","5",1,1,0,"PMEA",0,"EM",0,0.015853391,1
1479,"MA",2019,"HAW-04299","5",1,1,0,"PLOB",0,"EM",0,0.013203408,1
1480,"MA",2019,"HAW-04299","10",1,1,0,"PLOB",0,"EM",0,0.028014462,1
1481,"MA",2019,"HAW-04299","10",1,1,0,"PLOB",0,"EM",0,0.009974467,1
1482,"MA",2019,"HAW-04299","10",1,1,0,"PMEA",0,"KN",0,0.008319255,1
1483,"MA",2019,"HAW-04299","10",1,1,0,"PMEA",0,"BR",0,0.022992389,1
1484,"MA",2019,"HAW-04299","10",1,1,0,"PMEA",0,"BR",0,0.01765701,1
1485,"MA",2019,"HAW-04299","10",1,1,0,"PLOB",0,"EM",0,0.015641611,1
1486,"MA",2019,"HAW-04299","10",1,1,0,"PMEA",0,"BR",0,0.031891064,1
1487,"MA",2019,"HAW-04299","15",1,1,0,"PMEA",0,"BR",0,0.027513633,1
1488,"MA",2019,"HAW-04299","15",1,1,0,"PMEA",0,"KN",0,0.014106027,1
1489,"MA",2019,"HAW-04299","15",1,1,0,"PLOB",0,"EM",0,0.020129579,1
1490,"MA",2019,"HAW-04299","15",1,1,0,"PLOB",0,"EM",0,0.013017681,1
1491,"MA",2019,"HAW-04299","15",1,1,0,"PLOB",0,"EM",0,0.015754365,1
1492,"MA",2019,"HAW-04299","15",1,1,0,"PMEA",0,"KN",0,0.013974261,1
1493,"MA",2019,"HAW-04299","15",1,1,0,"PLOB",0,"MD",0,0.02114001,1
1494,"MA",2019,"HAW-04299","15",1,1,0,"PLOB",0,"EM",0,0.012727922,1
1495,"MA",2019,"HAW-04299","15",1,1,0,"PLOB",0,"EM",0,0.019436306,1
1496,"MA",2019,"HAW-04299","15",1,1,0,"PMEA",0,"KN",0,0.019257466,1
1498,"MA",2019,"HAW-04299","15",1,1,0,"PMEA",0,"BR",0,0.02042474,1
1499,"RS",2019,"HAW-04299","5",1,1,0,"PMEA",0,"KN",0,0.024805039,1
1503,"RS",2019,"HAW-04299","5",1,1,0,"PLOB",0,"EM",0,0.007218033,1
1504,"RS",2019,"HAW-04299","5",1,1,0,"PMEA",0,"MD",0,0.017622996,1
1505,"RS",2019,"HAW-04299","5",1,1,0,"PLOB",0,"EM",0,0.016992057,1
1507,"RS",2019,"HAW-04299","10",1,1,0,"PLOB",0,"EM",0,0.028779333,1
1508,"RS",2019,"HAW-04299","10",1,1,0,"PLOB",0,"EM",0,0.010486182,1
1509,"RS",2019,"HAW-04299","10",1,1,0,"PLOB",0,"EM",0,0.028013032,1
1510,"RS",2019,"HAW-04299","10",1,1,0,"PLOB",0,"EM",0,0.030400001,1
1511,"RS",2019,"HAW-04299","10",1,1,0,"PMEA",0,"KN",0,0.019505897,1
1566,"MA",2019,"KAU-02115","5",1,1,0,"PLOB",0,"EM",0,0.040490123,1
1568,"MA",2019,"KAU-02115","5",1,1,0,"PLOB",0,"EM",0,0.038460369,1
1569,"MA",2019,"KAU-02115","5",1,1,0,"POSP",0,"KN",0,0.042626869,1
1570,"MA",2019,"KAU-02115","5",1,1,0,"POSP",0,"MD",0,0.033638668,1
1571,"MA",2019,"KAU-02115","5",1,1,0,"PLOB",0,"MD",0,0.032393363,1
1572,"MA",2019,"KAU-02115","5",1,1,0,"PLOB",0,"MD",0,0.035243297,1
1573,"MA",2019,"KAU-02115","5",1,1,0,"MPAT",0,"EM",0,0.046994574,1
1577,"MA",2019,"KAU-02115","5",1,1,0,"PLOB",0,"MD",0,0.041554061,1
1578,"MA",2019,"KAU-02115","5",1,1,0,"PLOB",0,"MD",0,0.030790258,1
1579,"MA",2019,"KAU-02115","5",1,1,0,"PLOB",0,"MD",0,0.041084425,1
1580,"MA",2019,"KAU-02115","5",1,1,0,"PDAM",0,"BR",0,0.049461601,1
1583,"MA",2019,"KAU-02115","5",1,1,0,"POSP",0,"MD",0,0.016385665,1
1584,"MA",2019,"KAU-02115","5",1,1,0,"PLOB",0,"EM",0,0.036535053,1
1596,"MA",2019,"KAU-02115","5",1,1,0,"MPAT",0,"EM",0,0.042097268,1
1597,"MA",2019,"KAU-02115","5",1,1,0,"PLOB",0,"EM",0,0.037053475,1
1598,"MA",2019,"KAU-02115","5",1,1,0,"MPAT",0,"EM",0,0.031895455,1
1600,"MA",2019,"KAU-02115","5",1,1,0,"MPAT",0,"EM",0,0.049075045,1
1601,"MA",2019,"KAU-02115","5",1,1,0,"MPAT",0,"EM",0,0.041330376,1
1602,"MA",2019,"KAU-02115","5",1,1,0,"UNKN",0,"EM",0,0.024960968,1
1603,"MA",2019,"KAU-02115","5",1,1,0,"PLOB",0,"EM",0,0.017395402,1
1604,"MA",2019,"KAU-02115","5",1,1,0,"PLOB",0,"EM",0,0.01818351,1
1605,"MA",2019,"KAU-02115","5",1,1,0,"UNKN",0,"EM",0,0.011788553,1
1606,"MA",2019,"KAU-02115","5",1,1,0,"UNKN",0,"EM",0,0.010707007,1
1607,"MA",2019,"KAU-02115","5",1,1,0,"MCAP",0,"EM",0,0.036752687,1
1609,"MA",2019,"KAU-02115","5",1,1,0,"MCAP",0,"EM",0,0.022927059,1
1610,"MA",2019,"KAU-02115","5",1,1,0,"MCAP",0,"EM",0,0.007668768,1
1614,"RS",2019,"KAU-02115","5",1,1,0,"PLOB",0,"MD",0,0.031840226,1
1616,"RS",2019,"KAU-02115","5",1,1,0,"PLOB",0,"MD",0,0.025684431,1
1617,"RS",2019,"KAU-02115","5",1,1,0,"PLOB",0,"MD",0,0.011101802,1
1618,"RS",2019,"KAU-02115","5",1,1,0,"PLOB",0,"MD",0,0.049945971,1
1620,"RS",2019,"KAU-02115","5",1,1,0,"PLOB",0,"MD",0,0.014223924,1
1621,"RS",2019,"KAU-02115","5",1,1,0,"PLOB",0,"MD",0,0.039899498,1
1622,"RS",2019,"KAU-02115","5",1,1,0,"PLOB",0,"MD",0,0.045276926,1
1623,"RS",2019,"KAU-02115","5",1,1,0,"PLOB",0,"MD",0,0.041403019,1
1624,"RS",2019,"KAU-02115","5",1,1,0,"PLOB",0,"MD",0,0.041304842,1
1627,"RS",2019,"KAU-02115","5",1,1,0,"MOSP",0,"EM",0,0.04696552,1
1628,"RS",2019,"KAU-02115","5",1,1,0,"PLOB",0,"EM",0,0.022271282,1
1629,"RS",2019,"KAU-02115","5",1,1,0,"PLOB",0,"EM",0,0.015961517,1
1630,"RS",2019,"KAU-02115","5",1,1,0,"PLOB",0,"MD",0,0.007963039,1
1631,"RS",2019,"KAU-02115","5",1,1,0,"PLOB",0,"MD",0,0.01034843,1
1632,"RS",2019,"KAU-02115","5",1,1,0,"PLOB",0,"MD",0,0.007560424,1
1634,"RS",2019,"KAU-02115","5",1,1,0,"PLOB",0,"MD",0,0.031415919,1
1635,"RS",2019,"KAU-02115","5",1,1,0,"PLOB",0,"MD",0,0.021817882,1
1639,"RS",2019,"KAU-02115","5",1,1,0,"MPAT",0,"EM",0,0.036091273,1
1640,"RS",2019,"KAU-02115","5",1,1,0,"MPAT",0,"EM",0,0.020208167,1
1641,"RS",2019,"KAU-02115","5",1,1,0,"MCAP",0,"EM",0,0.01704846,1
1642,"RS",2019,"KAU-02115","5",1,1,0,"MPAT",0,"EM",0,0.019693907,1
1643,"RS",2019,"KAU-02115","5",1,1,0,"MPAT",0,"EM",0,0.02193855,1
1644,"RS",2019,"KAU-02115","5",1,1,0,"MCAP",0,"EM",0,0.032537977,1
1645,"RS",2019,"KAU-02115","5",1,1,0,"MCAP",0,"EM",0,0.011703846,1
1646,"RS",2019,"KAU-02115","5",1,1,0,"MCAP",0,"EM",0,0.005448854,1
1647,"RS",2019,"KAU-02115","5",1,1,0,"MPAT",0,"EM",0,0.034629611,1
1648,"RS",2019,"KAU-02115","5",1,1,0,"MPAT",0,"EM",0,0.006103277,1
1649,"RS",2019,"KAU-02115","5",1,1,0,"MPAT",0,"EM",0,0.012612692,1
1650,"RS",2019,"KAU-02115","5",1,1,0,"MCAP",0,"EM",0,0.031535695,1
1651,"RS",2019,"KAU-02115","5",1,1,0,"MPAT",0,"EM",0,0.048642472,1
1652,"RS",2019,"KAU-02115","5",1,1,0,"PLOB",0,"MD",0,0.035378242,1
1653,"RS",2019,"KAU-02115","5",1,1,0,"PLOB",0,"MD",0,0.045822484,1
1655,"RS",2019,"KAU-02115","5",1,1,0,"PCOM",0,"KN",0,0.037952208,1
1656,"RS",2019,"KAU-02115","5",1,1,0,"PLOB",0,"MD",0,0.019416488,1
1657,"RS",2019,"KAU-02115","5",1,1,0,"PLOB",0,"MD",0,0.012687394,1
1666,"MA",2019,"KAU-02133","5",1,1,0,"POSP",0,"EM",0,0.024927494,1
1667,"MA",2019,"KAU-02133","5",1,1,0,"POSP",0,"MD",0,0.015071164,1
1668,"MA",2019,"KAU-02133","5",1,1,0,"POSP",0,"MD",0,0.018873262,1
1669,"MA",2019,"KAU-02133","5",1,1,0,"PSTE",0,"BR",0,0.031780497,1
1670,"MA",2019,"KAU-02133","5",1,1,0,"POSP",0,"MD",0,0.031100161,1
1671,"MA",2019,"KAU-02133","5",1,1,0,"POSP",0,"MD",0,0.035755978,1
1672,"MA",2019,"KAU-02133","5",1,1,0,"POSP",0,"EM",0,0.02934621,1
1681,"RS",2019,"KAU-02133","5",1,1,0,"PSTE",0,"BR",0,0.031219386,1
1682,"RS",2019,"KAU-02133","5",1,1,0,"POSP",0,"MD",0,0.016337076,1
1683,"RS",2019,"KAU-02133","5",1,1,0,"PLOB",0,"MD",0,0.038954975,1
1684,"RS",2019,"KAU-02133","5",1,1,0,"PLOB",0,"EM",0,0.006103278,1
1685,"RS",2019,"KAU-02133","5",1,1,0,"CVAU",0,"FR",0,0.02806724,1
1686,"RS",2019,"KAU-02133","5",1,1,0,"POSP",0,"MD",0,0.03817604,1
1687,"RS",2019,"KAU-02133","5",1,1,0,"PMEA",0,"MD",0,0.013840882,1
1688,"RS",2019,"KAU-02133","5",1,1,0,"POSP",0,"MD",0,0.007392562,1
1689,"RS",2019,"KAU-02133","5",1,1,0,"POSP",0,"MD",0,0.044701788,1
1690,"RS",2019,"KAU-02133","5",1,1,0,"POSP",0,"MD",0,0.014234114,1
1722,"CA",2019,"KAU-02160","5",1,1,0,"PLOB",0,"EM",0,0.022105429,1
1739,"CA",2019,"KAU-02160","5",1,1,0,"PVAR",0,"EF",0,0.04937388,1
1743,"CA",2019,"KAU-02160","5",1,1,0,"MCAP",0,"EF",0,0.035904876,1
1747,"CA",2019,"KAU-02160","5",1,1,0,"MPAT",0,"EF",0,0.030290924,1
1748,"CA",2019,"KAU-02160","5",1,1,0,"MPAT",0,"EF",0,0.024820355,1
1761,"MA",2019,"KAU-02160","5",1,1,0,"MPAT",0,"EM",0,0.029220541,1
1762,"MA",2019,"KAU-02160","5",1,1,0,"MPAT",0,"EM",0,0.019922349,1
1763,"MA",2019,"KAU-02160","5",1,1,0,"MPAT",0,"EM",0,0.013583079,1
1764,"MA",2019,"KAU-02160","5",1,1,0,"MPAT",0,"EM",0,0.024607722,1
1766,"MA",2019,"KAU-02160","5",1,1,0,"PLOB",0,"EM",0,0.02321745,1
1770,"MA",2019,"KAU-02160","5",1,1,0,"PLOB",0,"MD",0,0.047183897,1
1771,"MA",2019,"KAU-02160","5",1,1,0,"PLOB",0,"EM",0,0.049396355,1
1795,"MA",2019,"KAU-02160","5",1,1,0,"MPAT",0,"EM",0,0.039529735,1
1796,"MA",2019,"KAU-02160","5",1,1,0,"MPAT",0,"EM",0,0.028157593,1
1799,"MA",2019,"KAU-02160","5",1,1,0,"PLOB",0,"EM",0,0.018047162,1
1814,"AH",2019,"KAU-02160","5",1,1,0,"MPAT",0,"EM",0,0.030886891,1
1815,"AH",2019,"KAU-02160","5",1,1,0,"MPAT",0,"EF",0,0.031201602,1
1826,"AH",2019,"KAU-02160","5",1,1,0,"MPAT",0,"EM",0,0.023800001,1
1827,"AH",2019,"KAU-02160","5",1,1,0,"MPAT",0,"EM",0,0.028770297,1
1842,"AH",2019,"KAU-02160","5",1,1,0,"MPAT",0,"EM",0,0.027052569,1
1899,"RS",2019,"KAU-02160","5",1,1,0,"MPAT",0,"EM",0,0.028643498,1
1900,"RS",2019,"KAU-02160","5",1,1,0,"MPAT",0,"EM",0,0.029646754,1
1904,"RS",2019,"KAU-02160","5",1,1,0,"POSP",0,"EM",0,0.022547062,1
1906,"RS",2019,"KAU-02160","5",1,1,0,"PLOB",0,"EM",0,0.023055585,1
1907,"RS",2019,"KAU-02160","5",1,1,0,"MPAT",0,"EM",0,0.03267415,1
1916,"RS",2019,"KAU-02160","5",1,1,0,"MPAT",0,"EM",0,0.020506097,1
1917,"RS",2019,"KAU-02160","5",1,1,0,"MPAT",0,"EM",0,0.009575489,1
1918,"RS",2019,"KAU-02160","5",1,1,0,"PMEA",0,"KN",0,0.01192015,1
1922,"RS",2019,"KAU-02160","5",1,1,0,"PLOB",0,"EM",0,0.020662043,1
1924,"RS",2019,"KAU-02160","5",1,1,0,"POSP",0,"MD",0,0.017848809,1
1927,"RS",2019,"KAU-02160","5",1,1,0,"MPAT",0,"EM",0,0.029990831,1
1974,"MA",2019,"LAN-01811","0",1,1,0,"PLOB",0,"EM",0,0.013155226,1
1975,"MA",2019,"LAN-01811","0",1,1,0,"PLOB",0,"EM",0,0.010881177,1
1976,"MA",2019,"LAN-01811","0",1,1,0,"PMEA",0,"BR",0,0.012728315,1
1977,"MA",2019,"LAN-01811","5",1,1,0,"PLOB",0,"EM",0,0.040967427,1
1978,"MA",2019,"LAN-01811","5",1,1,0,"PMEA",0,"KN",0,0.019475626,1
1979,"MA",2019,"LAN-01811","10",1,1,0,"PLOB",0,"EM",0,0.017984716,1
1980,"MA",2019,"LAN-01811","10",1,1,0,"PLOB",0,"EM",0,0.011154371,1
1985,"RS",2019,"LAN-01811","5",1,1,0,"PMEA",0,"KN",0,0.048420037,1
1986,"RS",2019,"LAN-01811","5",1,1,0,"PLOB",0,"EM",0,0.040703071,1
1998,"RS",2019,"LAN-01811","10",1,1,0,"PLOB",0,"EM",0,0.024907227,1
1999,"RS",2019,"LAN-01811","10",1,1,0,"PLOB",0,"EM",0,0.018553975,1
2000,"RS",2019,"LAN-01811","10",1,1,0,"MPAT",0,"EM",0,0.019213016,1
2001,"RS",2019,"LAN-01811","10",1,1,0,"PLOB",0,"EM",0,0.019039432,1
2008,"MA",2019,"LAN-01813","5",1,1,0,"PLOB",0,"MD",0,0.031688642,1
2009,"MA",2019,"LAN-01813","5",1,1,0,"PLOB",0,"MD",0,0.027600726,1
2010,"MA",2019,"LAN-01813","5",1,1,0,"MPAT",0,"EM",0,0.023930107,1
2012,"MA",2019,"LAN-01813","5",1,1,0,"PMEA",0,"KN",0,0.046861497,1
2016,"MA",2019,"LAN-01813","5",1,1,0,"PLOB",0,"MD",0,0.018245547,1
2021,"MA",2019,"LAN-01813","5",1,1,0,"PLOB",0,"MD",0,0.016783921,1
2022,"MA",2019,"LAN-01813","5",1,1,0,"PLOB",0,"MD",0,0.025200992,1
2023,"MA",2019,"LAN-01813","5",1,1,0,"PLOB",0,"EM",0,0.046812926,1
2024,"MA",2019,"LAN-01813","5",1,1,0,"PLOB",0,"EM",0,0.009304837,1
2025,"MA",2019,"LAN-01813","5",1,1,0,"PLOB",0,"MD",0,0.018220044,1
2026,"MA",2019,"LAN-01813","5",1,1,0,"PLOB",0,"MD",0,0.016323298,1
2028,"MA",2019,"LAN-01813","5",1,1,0,"PLOB",0,"MD",0,0.026970353,1
2030,"MA",2019,"LAN-01813","5",1,1,0,"PLOB",0,"EM",0,0.024068443,1
2031,"MA",2019,"LAN-01813","5",1,1,0,"PLOB",0,"EM",0,0.011482595,1
2032,"MA",2019,"LAN-01813","5",1,1,0,"PLOB",0,"EM",0,0.015417523,1
2033,"MA",2019,"LAN-01813","5",1,1,0,"PLOB",0,"EM",0,0.010818965,1
2034,"MA",2019,"LAN-01813","5",1,1,0,"PLOB",0,"MD",0,0.03547647,1
2035,"MA",2019,"LAN-01813","5",1,1,0,"PLOB",0,"EM",0,0.015261061,1
2036,"MA",2019,"LAN-01813","5",1,1,0,"POSP",0,"EM",0,0.021541124,1
2054,"MA",2019,"LAN-01813","5",1,1,0,"PMEA",0,"KN",0,0.023224556,1
2055,"MA",2019,"LAN-01813","5",1,1,0,"PLOB",0,"EM",0,0.011002727,1
2056,"MA",2019,"LAN-01813","5",1,1,0,"PLOB",0,"EM",0,0.034917331,1
2057,"MA",2019,"LAN-01813","5",1,1,0,"PLOB",0,"EM",0,0.010948058,1
2059,"MA",2019,"LAN-01813","5",1,1,0,"PLOB",0,"MD",0,0.043011859,1
2060,"MA",2019,"LAN-01813","5",1,1,0,"PLOB",0,"EM",0,0.02393533,1
2061,"MA",2019,"LAN-01813","5",1,1,0,"PLOB",0,"EM",0,0.016493939,1
2062,"MA",2019,"LAN-01813","5",1,1,0,"PLOB",0,"MD",0,0.034665257,1
2063,"MA",2019,"LAN-01813","5",1,1,0,"PLOB",0,"MD",0,0.019669774,1
2064,"MA",2019,"LAN-01813","5",1,1,0,"PLOB",0,"MD",0,0.011643023,1
2065,"MA",2019,"LAN-01813","5",1,1,0,"PLOB",0,"EM",0,0.007416872,1
2067,"MA",2019,"LAN-01813","5",1,1,0,"PLOB",0,"EM",0,0.020739333,1
2069,"MA",2019,"LAN-01813","5",1,1,0,"PLOB",0,"EM",0,0.030110629,1
2070,"MA",2019,"LAN-01813","5",1,1,0,"PLOB",0,"MD",0,0.030189568,1
2073,"MA",2019,"LAN-01813","5",1,1,0,"PLOB",0,"EM",0,0.021631689,1
2074,"MA",2019,"LAN-01813","5",1,1,0,"PMEA",0,"BR",0,0.029482197,1
2075,"MA",2019,"LAN-01813","5",1,1,0,"PLOB",0,"EM",0,0.019112562,1
2076,"MA",2019,"LAN-01813","5",1,1,0,"PLOB",0,"EM",0,0.021468347,1
2077,"MA",2019,"LAN-01813","5",1,1,0,"PLOB",0,"MD",0,0.021718655,1
2078,"MA",2019,"LAN-01813","5",1,1,0,"PLOB",0,"MD",0,0.023617791,1
2079,"MA",2019,"LAN-01813","5",1,1,0,"UNKN",0,"EM",0,0.01042353,1
2080,"MA",2019,"LAN-01813","5",1,1,0,"PLOB",0,"EM",0,0.012445079,1
2081,"MA",2019,"LAN-01813","5",1,1,0,"PLOB",0,"MD",0,0.049279307,1
2083,"MA",2019,"LAN-01813","5",1,1,0,"PLOB",0,"EM",0,0.019772961,1
2085,"MA",2019,"LAN-01813","5",1,1,0,"PLOB",0,"EM",0,0.010840664,1
2086,"MA",2019,"LAN-01813","5",1,1,0,"MCAP",0,"EM",0,0.009213034,1
2087,"MA",2019,"LAN-01813","5",1,1,0,"PLOB",0,"EM",0,0.008514693,1
2088,"MA",2019,"LAN-01813","5",1,1,0,"PLOB",0,"MD",0,0.016688319,1
2089,"MA",2019,"LAN-01813","5",1,1,0,"PLOB",0,"EM",0,0.008736132,1
2090,"MA",2019,"LAN-01813","5",1,1,0,"PLOB",0,"EM",0,0.007647875,1
2091,"MA",2019,"LAN-01813","5",1,1,0,"PLOB",0,"EM",0,0.017774701,1
2092,"MA",2019,"LAN-01813","5",1,1,0,"PLOB",0,"MD",0,0.020624742,1
2093,"MA",2019,"LAN-01813","5",1,1,0,"UNKN",0,"KN",0,0.008499999,1
2094,"MA",2019,"LAN-01813","5",1,1,0,"PLOB",0,"EM",0,0.008766414,1
2096,"RS",2019,"LAN-01813","5",1,1,0,"PLOB",0,"MD",0,0.027271964,1
2097,"RS",2019,"LAN-01813","5",1,1,0,"PLOB",0,"MD",0,0.025409644,1
2101,"RS",2019,"LAN-01813","5",1,1,0,"MPAT",0,"EM",0,0.023519354,1
2102,"RS",2019,"LAN-01813","5",1,1,0,"MCAP",0,"EM",0,0.0071,1
2104,"RS",2019,"LAN-01813","5",1,1,0,"PMEA",0,"MD",0,0.024285386,1
2111,"RS",2019,"LAN-01813","5",1,1,0,"PLOB",0,"MD",0,0.048617383,1
2112,"RS",2019,"LAN-01813","5",1,1,0,"PLOB",0,"MD",0,0.019042058,1
2113,"RS",2019,"LAN-01813","5",1,1,0,"POSP",0,"MD",0,0.015184532,1
2114,"RS",2019,"LAN-01813","5",1,1,0,"POSP",0,"MD",0,0.00878009,1
2115,"RS",2019,"LAN-01813","5",1,1,0,"PLOB",0,"MD",0,0.036417715,1
2116,"RS",2019,"LAN-01813","5",1,1,0,"POSP",0,"MD",0,0.021920995,1
2117,"RS",2019,"LAN-01813","5",1,1,0,"POSP",0,"MD",0,0.018076781,1
2118,"RS",2019,"LAN-01813","5",1,1,0,"POSP",0,"MD",0,0.010371114,1
2119,"RS",2019,"LAN-01813","5",1,1,0,"PLOB",0,"MD",0,0.023259406,1
2121,"RS",2019,"LAN-01813","5",1,1,0,"PLOB",0,"MD",0,0.017658621,1
2122,"RS",2019,"LAN-01813","5",1,1,0,"POSP",0,"MD",0,0.0106,1
2123,"RS",2019,"LAN-01813","5",1,1,0,"POSP",0,"MD",0,0.010511898,1
2124,"RS",2019,"LAN-01813","5",1,1,0,"PCOM",0,"BR",0,0.01053423,1
2125,"RS",2019,"LAN-01813","5",1,1,0,"PLOB",0,"MD",0,0.008036168,1
2126,"RS",2019,"LAN-01813","5",1,1,0,"MCAP",0,"EM",0,0.007787811,1
2127,"RS",2019,"LAN-01813","5",1,1,0,"MCAP",0,"EM",0,0.005946427,1
2128,"RS",2019,"LAN-01813","5",1,1,0,"POSP",0,"MD",0,0.01464138,1
2129,"RS",2019,"LAN-01813","5",1,1,0,"PLOB",0,"MD",0,0.023976655,1
2130,"RS",2019,"LAN-01813","5",1,1,0,"MCAP",0,"EM",0,0.009947865,1
2131,"RS",2019,"LAN-01813","5",1,1,0,"POSP",0,"MD",0,0.010647065,1
2132,"RS",2019,"LAN-01813","5",1,1,0,"POSP",0,"MD",0,0.012646342,1
2133,"RS",2019,"LAN-01813","5",1,1,0,"POSP",0,"MD",0,0.010806016,1
2136,"RS",2019,"LAN-01813","5",1,1,0,"PLOB",0,"MD",0,0.027431551,1
2137,"RS",2019,"LAN-01813","5",1,1,0,"PLOB",0,"MD",0,0.013301503,1
2138,"RS",2019,"LAN-01813","5",1,1,0,"POSP",0,"MD",0,0.013547324,1
2139,"RS",2019,"LAN-01813","5",1,1,0,"POSP",0,"MD",0,0.014290207,1
2140,"RS",2019,"LAN-01813","5",1,1,0,"POSP",0,"MD",0,0.009269843,1
2141,"RS",2019,"LAN-01813","5",1,1,0,"PLOB",0,"MD",0,0.020130076,1
2142,"RS",2019,"LAN-01813","5",1,1,0,"PLOB",0,"MD",0,0.018102486,1
2143,"RS",2019,"LAN-01813","5",1,1,0,"PLOB",0,"MD",0,0.012240915,1
2144,"RS",2019,"LAN-01813","5",1,1,0,"PLOB",0,"MD",0,0.021512787,1
2147,"RS",2019,"LAN-01813","5",1,1,0,"PLOB",0,"MD",0,0.027719489,1
2148,"RS",2019,"LAN-01813","5",1,1,0,"PMEA",0,"KN",0,0.028492981,1
2149,"RS",2019,"LAN-01813","5",1,1,0,"POSP",0,"MD",0,0.022726416,1
2150,"RS",2019,"LAN-01813","5",1,1,0,"PMEA",0,"MD",0,0.037804233,1
2151,"RS",2019,"LAN-01813","5",1,1,0,"PMEA",0,"MD",0,0.013395895,1
2152,"RS",2019,"LAN-01813","5",1,1,0,"POSP",0,"MD",0,0.017204651,1
2153,"RS",2019,"LAN-01813","5",1,1,0,"PLOB",0,"MD",0,0.020058413,1
2154,"RS",2019,"LAN-01813","5",1,1,0,"PLOB",0,"MD",0,0.036513696,1
2155,"RS",2019,"LAN-01813","5",1,1,0,"POSP",0,"MD",0,0.010948058,1
2156,"RS",2019,"LAN-01813","5",1,1,0,"PLOB",0,"MD",0,0.01087842,1
2157,"RS",2019,"LAN-01813","5",1,1,0,"PLOB",0,"MD",0,0.032238641,1
2158,"RS",2019,"LAN-01813","5",1,1,0,"PMEA",0,"MD",0,0.0085,1
2159,"RS",2019,"LAN-01813","5",1,1,0,"MCAP",0,"EM",0,0.012175796,1
2160,"RS",2019,"LAN-01813","5",1,1,0,"PLOB",0,"MD",0,0.035735137,1
2161,"RS",2019,"LAN-01813","5",1,1,0,"POSP",0,"MD",0,0.019215097,1
2163,"RS",2019,"LAN-01813","5",1,1,0,"PLUT",0,"MD",0,0.03763788,1
2165,"RS",2019,"LAN-01813","5",1,1,0,"PMEA",0,"MD",0,0.024960969,1
2166,"RS",2019,"LAN-01813","5",1,1,0,"PLUT",0,"MD",0,0.03985022,1
2169,"RS",2019,"LAN-01813","5",1,1,0,"MCAP",0,"EM",0,0.015435025,1
2170,"RS",2019,"LAN-01813","5",1,1,0,"PLOB",0,"MD",0,0.007077429,1
2171,"RS",2019,"LAN-01813","5",1,1,0,"PLOB",0,"MD",0,0.028304769,1
2172,"RS",2019,"LAN-01813","5",1,1,0,"PMEA",0,"MD",0,0.030647185,1
2190,"MA",2019,"LAN-01817","5",1,1,0,"PLOB",0,"MD",0,0.037207526,1
2191,"MA",2019,"LAN-01817","5",1,1,0,"PLOB",0,"EM",0,0.0318,1
2192,"MA",2019,"LAN-01817","5",1,1,0,"PLOB",0,"MD",0,0.018334938,1
2193,"MA",2019,"LAN-01817","5",1,1,0,"PLOB",0,"EM",0,0.043736027,1
2194,"MA",2019,"LAN-01817","5",1,1,0,"PLOB",0,"EM",0,0.023286262,1
2196,"MA",2019,"LAN-01817","5",1,1,0,"POCS",0,"EM",0,0.044814395,1
2202,"MA",2019,"LAN-01817","5",1,1,0,"PMEA",0,"BR",0,0.042888227,1
2205,"MA",2019,"LAN-01817","5",1,1,0,"PMEA",0,"KN",0,0.029049612,1
2206,"MA",2019,"LAN-01817","5",1,1,0,"PMEA",0,"KN",0,0.017441616,1
2207,"MA",2019,"LAN-01817","5",1,1,0,"PLOB",0,"EM",0,0.038520254,1
2239,"MA",2019,"LAN-01817","5",1,1,0,"PLOB",0,"EM",0,0.031264197,1
2241,"MA",2019,"LAN-01817","5",1,1,0,"PLOB",0,"MD",0,0.028504386,1
2244,"MA",2019,"LAN-01817","5",1,1,0,"PLOB",0,"EM",0,0.046954658,1
2245,"MA",2019,"LAN-01817","5",1,1,0,"PLOB",0,"EM",0,0.017473409,1
2246,"MA",2019,"LAN-01817","5",1,1,0,"PLOB",0,"EM",0,0.04005621,1
2247,"MA",2019,"LAN-01817","5",1,1,0,"PLOB",0,"EM",0,0.013508517,1
2248,"MA",2019,"LAN-01817","5",1,1,0,"PLOB",0,"MD",0,0.043141859,1
2251,"MA",2019,"LAN-01817","5",1,1,0,"PLOB",0,"MD",0,0.03962739,1
2252,"MA",2019,"LAN-01817","5",1,1,0,"PLOB",0,"EM",0,0.042837833,1
2253,"MA",2019,"LAN-01817","5",1,1,0,"PLOB",0,"EM",0,0.014835431,1
2254,"MA",2019,"LAN-01817","5",1,1,0,"PLOB",0,"EM",0,0.009462558,1
2255,"MA",2019,"LAN-01817","5",1,1,0,"POSP",0,"EM",0,0.013761541,1
2257,"MA",2019,"LAN-01817","5",1,1,0,"MCAP",0,"EM",0,0.01059481,1
2258,"MA",2019,"LAN-01817","5",1,1,0,"MCAP",0,"EM",0,0.009338095,1
2259,"MA",2019,"LAN-01817","5",1,1,0,"MCAP",0,"EM",0,0.013551752,1
2260,"MA",2019,"LAN-01817","5",1,1,0,"PLOB",0,"MD",0,0.014089004,1
2261,"MA",2019,"LAN-01817","5",1,1,0,"MCAP",0,"EM",0,0.013867949,1
2269,"RS",2019,"LAN-01817","5",1,1,0,"POSP",0,"EM",0,0.011700427,1
2270,"RS",2019,"LAN-01817","5",1,1,0,"PMEA",0,"KN",0,0.018270469,1
2271,"RS",2019,"LAN-01817","5",1,1,0,"MCAP",0,"EM",0,0.011296903,1
2272,"RS",2019,"LAN-01817","5",1,1,0,"PLOB",0,"MD",0,0.035173285,1
2273,"RS",2019,"LAN-01817","5",1,1,0,"PLOB",0,"EM",0,0.032014528,1
2274,"RS",2019,"LAN-01817","5",1,1,0,"PLOB",0,"MD",0,0.017568438,1
2275,"RS",2019,"LAN-01817","5",1,1,0,"POSP",0,"EM",0,0.012379418,1
2276,"RS",2019,"LAN-01817","5",1,1,0,"MOSP",0,"EM",0,0.012700001,1
2277,"RS",2019,"LAN-01817","5",1,1,0,"POSP",0,"EM",0,0.013776792,1
2278,"RS",2019,"LAN-01817","5",1,1,0,"PLOB",0,"MD",0,0.043307389,1
2279,"RS",2019,"LAN-01817","5",1,1,0,"MCAP",0,"EM",0,0.011646888,1
2280,"RS",2019,"LAN-01817","5",1,1,0,"MCAP",0,"EM",0,0.007424283,1
2281,"RS",2019,"LAN-01817","5",1,1,0,"MCAP",0,"EM",0,0.013571293,1
2282,"RS",2019,"LAN-01817","5",1,1,0,"POSP",0,"EM",0,0.012348279,1
2288,"RS",2019,"LAN-01817","5",1,1,0,"PLOB",0,"MD",0,0.0341299,1
2290,"RS",2019,"LAN-01817","5",1,1,0,"PMEA",0,"KN",0,0.040987071,1
2293,"RS",2019,"LAN-01817","5",1,1,0,"PLOB",0,"MD",0,0.02230807,1
2409,"MA",2019,"NII-02584","10",1,1,0,"POCS",0,"EM",0,0.015285613,1
2410,"MA",2019,"NII-02584","10",1,1,0,"POSP",0,"EM",0,0.023447815,1
2411,"MA",2019,"NII-02584","10",1,1,0,"POSP",0,"EM",0,0.021411447,1
2414,"MA",2019,"NII-02584","10",1,1,0,"PMEA",0,"KN",0,0.026627242,1
2416,"MA",2019,"NII-02584","10",1,1,0,"PLOB",0,"EM",0,0.043572584,1
2417,"MA",2019,"NII-02584","10",1,1,0,"POCS",0,"EM",0,0.028938556,1
2418,"MA",2019,"NII-02584","10",1,1,0,"POSP",0,"EM",0,0.017164208,1
2423,"RS",2019,"NII-02584","10",1,1,0,"PMEA",0,"KN",0,0.028506315,1
2424,"RS",2019,"NII-02584","10",1,1,0,"PLOB",0,"EM",0,0.013366002,1
2427,"RS",2019,"NII-02584","10",1,1,0,"PLOB",0,"EM",0,0.048636817,1
2428,"RS",2019,"NII-02584","10",1,1,0,"PLOB",0,"EM",0,0.021310326,1
2431,"RS",2019,"NII-02584","10",1,1,0,"PLOB",0,"EM",0,0.023269078,1
2432,"RS",2019,"NII-02584","10",1,1,0,"PMEA",0,"EM",0,0.014673105,1
2436,"MA",2019,"NII-02594","0",1,1,0,"MCAP",0,"EM",0,0.014080127,1
2437,"MA",2019,"NII-02594","0",1,1,0,"MCAP",0,"EM",0,0.012035365,1
2438,"MA",2019,"NII-02594","0",1,1,0,"MOSP",0,"EM",0,0.010989541,1
2440,"MA",2019,"NII-02594","0",1,1,0,"MCAP",0,"EM",0,0.014205633,1
2441,"MA",2019,"NII-02594","0",1,1,0,"MOSP",0,"EM",0,0.038362742,1
2442,"MA",2019,"NII-02594","0",1,1,0,"MPAT",0,"EM",0,0.030949798,1
2443,"MA",2019,"NII-02594","0",1,1,0,"MPAT",0,"EM",0,0.015253196,1
2444,"MA",2019,"NII-02594","10",1,1,0,"MPAT",0,"EM",0,0.017640011,1
2445,"MA",2019,"NII-02594","10",1,1,0,"MPAT",0,"EM",0,0.013294358,1
2446,"MA",2019,"NII-02594","10",1,1,0,"MCAP",0,"EM",0,0.011248557,1
2449,"MA",2019,"NII-02594","5",1,1,0,"MCAP",0,"EM",0,0.011363538,1
2450,"MA",2019,"NII-02594","5",1,1,0,"MCAP",0,"EM",0,0.015520631,1
2453,"RS",2019,"NII-02594","0",1,1,0,"MCAP",0,"EM",0,0.013656134,1
2454,"RS",2019,"NII-02594","0",1,1,0,"MCAP",0,"EM",0,0.010154801,1
2455,"RS",2019,"NII-02594","0",1,1,0,"MCAP",0,"EM",0,0.010599999,1
2456,"RS",2019,"NII-02594","0",1,1,0,"POSP",0,"EM",0,0.011810588,1
2457,"RS",2019,"NII-02594","0",1,1,0,"POSP",0,"EM",0,0.009504736,1
2458,"RS",2019,"NII-02594","0",1,1,0,"POSP",0,"EM",0,0.016278822,1
2459,"RS",2019,"NII-02594","0",1,1,0,"MCAP",0,"EM",0,0.013151805,1
2460,"RS",2019,"NII-02594","0",1,1,0,"MCAP",0,"EM",0,0.016514842,1
2461,"RS",2019,"NII-02594","0",1,1,0,"MCAP",0,"EM",0,0.016381087,1
2462,"RS",2019,"NII-02594","0",1,1,0,"POSP",0,"MD",0,0.028556787,1
2463,"RS",2019,"NII-02594","5",1,1,0,"MCAP",0,"EM",0,0.030672627,1
2464,"RS",2019,"NII-02594","5",1,1,0,"MCAP",0,"EM",0,0.022372528,1
2465,"RS",2019,"NII-02594","5",1,1,0,"MCAP",0,"EM",0,0.014449914,1
2466,"RS",2019,"NII-02594","10",1,1,0,"MCAP",0,"EM",0,0.013060246,1
2467,"RS",2019,"NII-02594","10",1,1,0,"MCAP",0,"EM",0,0.016425893,1
2468,"RS",2019,"NII-02594","10",1,1,0,"MOSP",0,"EM",0,0.009823442,1
2469,"RS",2019,"NII-02594","10",1,1,0,"MOSP",0,"EM",0,0.007922752,1
2505,"MA",2019,"OAH-03232","10",1,1,0,"PLOB",0,"EM",0,0.017202616,1
2506,"MA",2019,"OAH-03232","10",1,1,0,"PLOB",0,"EM",0,0.020112186,1
2507,"MA",2019,"OAH-03232","10",1,1,0,"PLOB",0,"EM",0,0.009108238,1
2508,"MA",2019,"OAH-03232","10",1,1,0,"PLOB",0,"EM",0,0.020762465,1
2509,"MA",2019,"OAH-03232","10",1,1,0,"POCS",0,"KN",0,0.04357396,1
2511,"MA",2019,"OAH-03232","10",1,1,0,"POCS",0,"EM",0,0.01675858,1
2512,"MA",2019,"OAH-03232","10",1,1,0,"PLOB",0,"EM",0,0.024544654,1
2513,"MA",2019,"OAH-03232","10",1,1,0,"PLOB",0,"EM",0,0.021534158,1
2514,"MA",2019,"OAH-03232","10",1,1,0,"MCAP",0,"EM",0,0.008772684,1
2515,"MA",2019,"OAH-03232","10",1,1,0,"POCS",0,"KN",0,0.025520385,1
2516,"MA",2019,"OAH-03232","10",1,1,0,"UNKN",0,"EM",0,0.023162469,1
2517,"MA",2019,"OAH-03232","10",1,1,0,"MCAP",0,"EM",0,0.025074488,1
2520,"MA",2019,"OAH-03232","10",1,1,0,"PLOB",0,"EM",0,0.023881372,1
2521,"MA",2019,"OAH-03232","10",1,1,0,"PLOB",0,"EM",0,0.01622005,1
2522,"MA",2019,"OAH-03232","10",1,1,0,"MCAP",0,"EM",0,0.035007713,1
2523,"MA",2019,"OAH-03232","10",1,1,0,"MCAP",0,"EM",0,0.0111,1
2525,"MA",2019,"OAH-03232","10",1,1,0,"MCAP",0,"EM",0,0.005742821,1
2527,"MA",2019,"OAH-03232","10",1,1,0,"POCS",0,"KN",0,0.017736967,1
2528,"MA",2019,"OAH-03232","10",1,1,0,"PLOB",0,"EM",0,0.013418271,1
2529,"MA",2019,"OAH-03232","10",1,1,0,"MCAP",0,"EM",0,0.011027692,1
2530,"MA",2019,"OAH-03232","10",1,1,0,"MCAP",0,"EM",0,0.01510298,1
2531,"MA",2019,"OAH-03232","10",1,1,0,"POCS",0,"EM",0,0.019504102,1
2532,"MA",2019,"OAH-03232","10",1,1,0,"MCAP",0,"EM",0,0.012480785,1
2533,"MA",2019,"OAH-03232","10",1,1,0,"MCAP",0,"EM",0,0.015219067,1
2534,"RS",2019,"OAH-03232","10",1,1,0,"POSP",0,"EM",0,0.024291769,1
2535,"RS",2019,"OAH-03232","10",1,1,0,"POSP",0,"EM",0,0.018917187,1
2536,"RS",2019,"OAH-03232","10",1,1,0,"MCAP",0,"EM",0,0.015337536,1
2537,"RS",2019,"OAH-03232","10",1,1,0,"MCAP",0,"EM",0,0.006788225,1
2538,"RS",2019,"OAH-03232","10",1,1,0,"MCAP",0,"EM",0,0.01459863,1
2539,"RS",2019,"OAH-03232","10",1,1,0,"PLOB",0,"MD",0,0.016025293,1
2540,"RS",2019,"OAH-03232","10",1,1,0,"PLOB",0,"MD",0,0.020704107,1
2541,"RS",2019,"OAH-03232","10",1,1,0,"MCAP",0,"EM",0,0.0158,1
2543,"RS",2019,"OAH-03232","10",1,1,0,"MCAP",0,"EM",0,0.011374532,1
2544,"RS",2019,"OAH-03232","10",1,1,0,"PMEA",0,"MD",0,0.0199,1
2545,"RS",2019,"OAH-03232","10",1,1,0,"MCAP",0,"EM",0,0.008628442,1
2546,"RS",2019,"OAH-03232","10",1,1,0,"MPAT",0,"EM",0,0.014990665,1
2547,"RS",2019,"OAH-03232","10",1,1,0,"POSP",0,"MD",0,0.009442986,1
2549,"RS",2019,"OAH-03232","10",1,1,0,"MCAP",0,"EM",0,0.045845501,1
2550,"RS",2019,"OAH-03232","10",1,1,0,"MCAP",0,"EM",0,0.011101801,1
2551,"RS",2019,"OAH-03232","10",1,1,0,"POSP",0,"MD",0,0.016434721,1
2552,"RS",2019,"OAH-03232","10",1,1,0,"POSP",0,"EM",0,0.02330708,1
2553,"RS",2019,"OAH-03232","10",1,1,0,"POSP",0,"EM",0,0.007879086,1
2554,"RS",2019,"OAH-03232","10",1,1,0,"POSP",0,"EM",0,0.01522695,1
2556,"RS",2019,"OAH-03232","10",1,1,0,"PMEA",0,"KN",0,0.040478389,1
2557,"RS",2019,"OAH-03232","10",1,1,0,"POSP",0,"EM",0,0.021151833,1
2558,"RS",2019,"OAH-03232","10",1,1,0,"PMEA",0,"EM",0,0.024167127,1
2559,"RS",2019,"OAH-03232","10",1,1,0,"MOSP",0,"EM",0,0.031144983,1
2563,"CA",2019,"OAH-03234","5",1,1,0,"PMEA",0,"BR",0,0.046324615,1
2565,"CA",2019,"OAH-03234","5",1,1,0,"PLOB",0,"EM",0,0.013792752,1
2572,"MA",2019,"OAH-03234","5",1,1,0,"POSP",0,"EM",0,0.013514807,1
2573,"MA",2019,"OAH-03234","5",1,1,0,"POSP",0,"EM",0,0.010028459,1
2574,"MA",2019,"OAH-03234","5",1,1,0,"POSP",0,"EM",0,0.01636154,1
2575,"MA",2019,"OAH-03234","5",1,1,0,"POSP",0,"EM",0,0.014561936,1
2576,"MA",2019,"OAH-03234","5",1,1,0,"POSP",0,"EM",0,0.012658989,1
2577,"MA",2019,"OAH-03234","5",1,1,0,"POSP",0,"EM",0,0.018300001,1
2579,"MA",2019,"OAH-03234","5",1,1,0,"POSP",0,"EM",0,0.013756817,1
2583,"MA",2019,"OAH-03234","5",1,1,0,"MPAT",0,"EM",0,0.048917992,1
2588,"MA",2019,"OAH-03234","5",1,1,0,"PMEA",0,"BR",0,0.047975515,1
2589,"MA",2019,"OAH-03234","5",1,1,0,"MCAP",0,"EM",0,0.013603308,1
2590,"MA",2019,"OAH-03234","5",1,1,0,"MPAT",0,"EM",0,0.040201617,1
2591,"MA",2019,"OAH-03234","5",1,1,0,"UNKN",0,"EM",0,0.015261062,1
2592,"MA",2019,"OAH-03234","5",1,1,0,"UNKN",0,"EM",0,0.019949185,1
2594,"MA",2019,"OAH-03234","5",1,1,0,"UNKN",0,"EM",0,0.012349089,1
2595,"AH",2019,"OAH-03234","5",1,1,0,"MOSP",0,"EF",0,0.024315268,1
2596,"AH",2019,"OAH-03234","5",1,1,0,"MOSP",-1,"EF",0,0.019904019,1
2597,"AH",2019,"OAH-03234","5",1,1,0,"MOSP",0,"EF",0,0.04517278,1
2598,"AH",2019,"OAH-03234","5",1,1,0,"UNKN",0,"EF",0,0.012938701,1
2599,"AH",2019,"OAH-03234","5",1,1,0,"PMEA",0,"BR",0,0.047160682,1
2608,"AH",2019,"OAH-03234","5",1,1,0,"POSP",0,"EF",0,0.017826599,1
2609,"AH",2019,"OAH-03234","5",1,1,0,"POSP",0,"EF",0,0.013917615,1
2610,"RS",2019,"OAH-03234","5",1,1,0,"PMEA",0,"KN",0,0.0467,1
2611,"RS",2019,"OAH-03234","5",1,1,0,"PMEA",0,"KN",0,0.042292788,1
2619,"RS",2019,"OAH-03234","5",1,1,0,"PVAR",0,"EM",0,0.02081466,1
2620,"RS",2019,"OAH-03234","5",1,1,0,"PLOB",0,"EM",0,0.016161683,1
2621,"RS",2019,"OAH-03234","5",1,1,0,"PLOB",0,"EM",0,0.017541379,1
2622,"RS",2019,"OAH-03234","5",1,1,0,"POSP",0,"EM",0,0.013576818,1
2623,"RS",2019,"OAH-03234","5",1,1,0,"POSP",0,"EM",0,0.014847559,1
2624,"RS",2019,"OAH-03234","5",1,1,0,"PMEA",0,"EM",0,0.015008332,1
2625,"RS",2019,"OAH-03234","5",1,1,0,"MCAP",0,"EM",0,0.012965339,1
2626,"RS",2019,"OAH-03234","5",1,1,0,"MPAT",0,"EM",0,0.013535139,1
2627,"RS",2019,"OAH-03234","5",1,1,0,"MPAT",0,"EM",0,0.020536066,1
2628,"RS",2019,"OAH-03234","5",1,1,0,"MPAT",0,"EM",0,0.040363597,1
2629,"RS",2019,"OAH-03234","5",1,1,0,"MPAT",0,"EM",0,0.024185326,1
2630,"RS",2019,"OAH-03234","5",1,1,0,"MPAT",0,"EM",0,0.019604081,1
2631,"RS",2019,"OAH-03234","5",1,1,0,"MPAT",0,"EM",0,0.010235722,1
2632,"RS",2019,"OAH-03234","5",1,1,0,"MPAT",0,"EM",0,0.00750733,1
2635,"MA",2019,"OAH-03235","0",1,1,0,"PLOB",0,"EM",0,0.03522854,1
2637,"MA",2019,"OAH-03235","0",1,1,0,"PLOB",0,"EM",0,0.033155692,1
2640,"MA",2019,"OAH-03235","0",1,1,0,"MCAP",0,"EM",0,0.029864527,1
2642,"MA",2019,"OAH-03235","0",1,1,0,"PLOB",0,"EM",0,0.021029741,1
2643,"MA",2019,"OAH-03235","0",1,1,0,"UNKN",0,"EM",0,0.0164,1
2644,"MA",2019,"OAH-03235","0",1,1,0,"UNKN",0,"EM",0,0.015391231,1
2645,"MA",2019,"OAH-03235","0",1,1,0,"UNKN",0,"EM",0,0.033084739,1
2646,"MA",2019,"OAH-03235","0",1,1,0,"PLOB",0,"EM",0,0.017200291,1
2647,"MA",2019,"OAH-03235","0",1,1,0,"PLOB",0,"EM",0,0.025800194,1
2663,"MA",2019,"OAH-03235","0",1,1,0,"PLOB",0,"EM",0,0.024361445,1
2666,"MA",2019,"OAH-03235","0",1,1,0,"PLOB",0,"EM",0,0.029124045,1
2667,"MA",2019,"OAH-03235","0",1,1,0,"PLOB",0,"EM",0,0.048267589,1
2668,"MA",2019,"OAH-03235","0",1,1,0,"MPAT",0,"EM",0,0.025090636,1
2670,"MA",2019,"OAH-03235","0",1,1,0,"PLOB",0,"EM",0,0.009929753,1
2672,"MA",2019,"OAH-03235","0",1,1,0,"PLOB",0,"EM",0,0.032092367,1
2673,"MA",2019,"OAH-03235","0",1,1,0,"PLOB",0,"EM",0,0.015322206,1
2674,"MA",2019,"OAH-03235","0",1,1,0,"MCAP",0,"EM",0,0.022426992,1
2675,"MA",2019,"OAH-03235","0",1,1,0,"PLOB",0,"EM",0,0.006594695,1
2676,"MA",2019,"OAH-03235","0",1,1,0,"MCAP",0,"EM",0,0.012201639,1
2735,"RS",2019,"OAH-03235","0",1,1,0,"MCAP",0,"EM",0,0.018969449,1
2736,"RS",2019,"OAH-03235","0",1,1,0,"POSP",0,"MD",0,0.015420765,1
2737,"RS",2019,"OAH-03235","0",1,1,0,"MCAP",0,"EM",0,0.025940894,1
2738,"RS",2019,"OAH-03235","0",1,1,0,"POSP",0,"MD",0,0.045930817,1
2739,"RS",2019,"OAH-03235","0",1,1,0,"POSP",0,"EM",0,0.027868441,1
2740,"RS",2019,"OAH-03235","0",1,1,0,"POSP",0,"MD",0,0.017998056,1
2742,"RS",2019,"OAH-03235","0",1,1,0,"POSP",0,"MD",0,0.036000139,1
2743,"RS",2019,"OAH-03235","0",1,1,0,"MCAP",0,"EM",0,0.028440113,1
2744,"RS",2019,"OAH-03235","0",1,1,0,"POSP",0,"MD",0,0.024524683,1
2745,"RS",2019,"OAH-03235","0",1,1,0,"MCAP",0,"EM",0,0.048954061,1
2747,"RS",2019,"OAH-03235","0",1,1,0,"MCAP",0,"EM",0,0.033336167,1
2749,"RS",2019,"OAH-03235","0",1,1,0,"MOSP",0,"EM",0,0.026518861,1
2750,"RS",2019,"OAH-03235","0",1,1,0,"MOSP",0,"EM",0,0.014577379,1
2751,"RS",2019,"OAH-03235","0",1,1,0,"MOSP",0,"EM",0,0.022022942,1
2752,"RS",2019,"OAH-03235","0",1,1,0,"MCAP",0,"EM",0,0.019108636,1
2753,"RS",2019,"OAH-03235","0",1,1,0,"PLOB",0,"MD",0,0.0207,1
2754,"RS",2019,"OAH-03235","0",1,1,0,"MOSP",0,"EM",0,0.038973967,1
2755,"RS",2019,"OAH-03235","0",1,1,0,"POSP",0,"EM",0,0.01432236,1
2756,"RS",2019,"OAH-03235","0",1,1,0,"MCAP",0,"EM",0,0.014675489,1
2757,"RS",2019,"OAH-03235","0",1,1,0,"POSP",0,"MD",0,0.01835756,1
2759,"RS",2019,"OAH-03235","0",1,1,0,"PLOB",0,"MD",0,0.024923082,1
2760,"RS",2019,"OAH-03235","0",1,1,0,"PLOB",0,"MD",0,0.02826818,1
2761,"RS",2019,"OAH-03235","0",1,1,0,"PLOB",0,"MD",0,0.0207,1
2764,"RS",2019,"OAH-03235","0",1,1,0,"PLOB",0,"MD",0,0.023725514,1
2765,"RS",2019,"OAH-03235","0",1,1,0,"PLOB",0,"MD",0,0.031023379,1
2766,"RS",2019,"OAH-03235","0",1,1,0,"PLOB",0,"MD",0,0.025076883,1
2767,"RS",2019,"OAH-03235","0",1,1,0,"MCAP",0,"EM",0,0.032509843,1
2768,"RS",2019,"OAH-03235","0",1,1,0,"PLOB",0,"MD",0,0.046188851,1
2771,"RS",2019,"OAH-03235","0",1,1,0,"MCAP",0,"EM",0,0.040162794,1
2772,"RS",2019,"OAH-03235","0",1,1,0,"POSP",0,"MD",0,0.014849915,1
2774,"RS",2019,"OAH-03235","0",1,1,0,"POSP",0,"MD",0,0.01328533,1
2775,"RS",2019,"OAH-03235","0",1,1,0,"MCAP",0,"EM",0,0.02135884,1
2776,"RS",2019,"OAH-03235","0",1,1,0,"POSP",0,"EM",0,0.007306162,1
