"","FID","ANALYST","OBS_YEAR","MISSION_ID","SITE","TRANSECT","SEGMENT","SEGLENGTH","SEGWIDTH","NO_COLONY","SPCODE","EX_BOUND","JUVENILE","FRAGMENT","REMNANT","OLDDEAD","MORPH_CODE","RDCAUSE1","RD_1","RDCAUSE2","RD_2","RDCAUSE3","RD_3","CON_1","EXTENT_1","SEV_1","CON_2","EXTENT_2","SEV_2","CON_3","EXTENT_3","SEV_3","Shape_Leng"
"1","188"," ",2019,"SE1902","-   NA"," ","0",0,0,NA," ",NA,NA,NA,NA,"0"," ","NA",0,"NA",0,NA,0,"NA",0,0,"NA",0,0,"NA",0,0,0
"2","492"," ",2019,"SE1902","-   NA"," ","0",0,0,NA,"MCAP",NA,NA,NA,NA,"5","EM","NA",0,"NA",0,NA,0,"BLE",50,1,"NA",0,0,"NA",0,0,0.184757246
"3","493"," ",2019,"SE1902","-   NA"," ","0",0,0,NA,"POSP",NA,NA,NA,NA,"40","BR","NA",0,"NA",0,NA,0,"BLE",5,1,"ALG",0,0,"NA",0,0,0.247198322
"4","494"," ",2019,"SE1902","-   NA"," ","0",0,0,NA,"POSP",NA,NA,NA,NA,"2","MD","NA",0,"NA",0,NA,0,"NA",0,0,"ALG",2,0,"NA",0,0,0.130900916
"5","495"," ",2019,"SE1902","-   NA"," ","0",0,0,NA,"PLOB",NA,NA,NA,NA,"1","MD","NA",0,"NA",0,NA,0,"NA",0,0,"NA",0,0,"NA",0,0,0.087152739
"6","496"," ",2019,"SE1902","-   NA"," ","0",0,0,NA,"PLOB",NA,NA,NA,NA,"35","MD","TLS",5,"NA",0,NA,0,"BLE",5,1,"ALG",4,0,"NA",0,0,0.14173962
"7","497"," ",2019,"SE1902","-   NA"," ","0",0,0,NA,"MCAP",NA,NA,NA,NA,"10","KN","NA",0,"NA",0,NA,0,"ALG",2,0,"BLE",0,0,"NA",0,0,0.576184042
"8","498"," ",2019,"SE1902","-   NA"," ","0",0,0,NA,"MCAP",NA,NA,NA,NA,"30","KN","NA",0,"NA",0,NA,0,"ALG",5,0,"NA",0,0,"NA",0,0,0.234880841
"9","499"," ",2019,"SE1902","-   NA"," ","0",0,0,NA,"MPAT",NA,NA,NA,NA,"35","EM","PRED",2,"NA",0,NA,0,"BLE",5,1,"NA",0,0,"NA",0,0,0.605376874
"10","500"," ",2019,"SE1902","-   NA"," ","0",0,0,NA,"MPAT",NA,NA,NA,NA,"20","EM","TLS",10,"NA",0,NA,0,"ALG",5,0,"NA",0,0,"NA",0,0,0.103801975
"11","501"," ",2019,"SE1902","-   NA"," ","0",0,0,NA,"MPAT",NA,NA,NA,NA,"10","EF","NA",0,"NA",0,NA,0,"ALG",5,0,"NA",0,0,"NA",0,0,0.062751096
"12","502"," ",2019,"SE1902","-   NA"," ","0",0,0,NA,"MCAP",NA,NA,NA,NA,"15","KN","NA",0,"NA",0,NA,0,"BLE",30,2,"NA",0,0,"NA",0,0,0.219501458
"13","503"," ",2019,"SE1902","-   NA"," ","0",0,0,NA,"POSP",NA,NA,NA,"-1","0","EF","NA",0,"NA",0,NA,0,"NA",0,0,"NA",0,0,"NA",0,0,0.019001052
"14","504"," ",2019,"SE1902","-   NA"," ","0",0,0,NA,"PVAR",NA,NA,NA,NA,"30","EM","NA",0,"NA",0,NA,0,"BLE",10,1,"ALG",5,0,"NA",0,0,0.138843113
"15","505"," ",2019,"SE1902","-   NA"," ","0",0,0,NA,"MCAP",NA,NA,NA,NA,"20","KN","NA",0,"NA",0,NA,0,"ALG",3,0,"BLE",5,1,"NA",0,0,0.180956182
"16","506"," ",2019,"SE1902","-   NA"," ","0",0,0,NA,"MFLA",NA,NA,NA,NA,"25","EM","NA",0,"NA",0,NA,0,"SGA",2,0,"ALG",5,0,"NA",0,0,0.354504077
"17","507"," ",2019,"SE1902","-   NA"," ","0",0,0,NA,"MCAP",NA,NA,NA,NA,"25","KN","NA",0,"NA",0,NA,0,"ALG",5,0,"BLE",30,1,"NA",0,0,0.555907916
"18","508"," ",2019,"SE1902","-   NA"," ","0",0,0,NA,"POSP",NA,NA,NA,NA,"50","MD","NA",0,"NA",0,NA,0,"BLE",20,2,"BLE",30,1,"NA",0,0,0.060597359
"19","509"," ",2019,"SE1902","-   NA"," ","0",0,0,NA,"MCAP",NA,NA,NA,NA,"30","KN","NA",0,"NA",0,NA,0,"BLE",50,1,"ALG",1,0,"NA",0,0,0.172896327
"20","510"," ",2019,"SE1902","-   NA"," ","0",0,0,NA,"LBEW",NA,NA,NA,NA,"2","MD","NA",0,"NA",0,NA,0,"NA",0,0,"NA",0,0,"NA",0,0,0.102496097
"21","511"," ",2019,"SE1902","-   NA"," ","0",0,0,NA,"MOSP",NA,"-1",NA,NA,"0","EM","NA",0,"NA",0,NA,0,"NA",0,0,"NA",0,0,"NA",0,0,0.017332627
"22","512"," ",2019,"SE1902","-   NA"," ","0",0,0,NA,"MOSP",NA,NA,NA,NA,"20","EM","NA",0,"NA",0,NA,0,"BLE",80,1,"NA",0,0,"NA",0,0,0.056399024
"23","513"," ",2019,"SE1902","-   NA"," ","0",0,0,NA,"PDUE",NA,NA,NA,"-1","0","EM","NA",0,"NA",0,NA,0,"NA",0,0,"NA",0,0,"NA",0,0,0.019260582
"24","514"," ",2019,"SE1902","-   NA"," ","0",0,0,NA,"PDUE",NA,NA,NA,"-1","0","EM","NA",0,"NA",0,NA,0,"NA",0,0,"NA",0,0,"NA",0,0,0.021622674
"25","515"," ",2019,"SE1902","-   NA"," ","0",0,0,NA,"MPAT",NA,NA,NA,"-1","0","EM","NA",0,"NA",0,NA,0,"NA",0,0,"NA",0,0,"NA",0,0,0.038401172
"26","516"," ",2019,"SE1902","-   NA"," ","0",0,0,NA,"PVAR",NA,NA,NA,NA,"0","EM","NA",0,"NA",0,NA,0,"NA",0,0,"NA",0,0,"NA",0,0,0.068392177
"27","517"," ",2019,"SE1902","-   NA"," ","0",0,0,NA,"POSP",NA,NA,NA,NA,"60","EM","NA",0,"NA",0,NA,0,"BLE",30,1,"BLE",10,2,"ALG",1,0,0.066565157
"28","518"," ",2019,"SE1902","-   NA"," ","0",0,0,NA,"PMEA",NA,NA,NA,NA,"30","BR","TLS",3,"NA",0,NA,0,"BLE",50,1,"BLE",15,2,"NA",0,0,0.376781967
"29","519"," ",2019,"SE1902","-   NA"," ","0",0,0,NA,"COCE",NA,NA,NA,NA,"40","EM","NA",0,"NA",0,NA,0,"ALG",5,0,"BLE",20,1,"NA",0,0,0.100312162
"30","520"," ",2019,"SE1902","-   NA"," ","0",0,0,NA,"MPAT",NA,NA,NA,NA,"15","EM","NA",0,"NA",0,NA,0,"BLE",5,1,"ALG",2,0,"NA",0,0,0.395712422
"31","521"," ",2019,"SE1902","-   NA"," ","0",0,0,NA,"PVAR",NA,NA,NA,NA,"25","EM","NA",0,"NA",0,NA,0,"BLE",10,1,"NA",0,0,"NA",0,0,0.071957558
"32","522"," ",2019,"SE1902","-   NA"," ","0",0,0,NA,"COCE",NA,"-1",NA,NA,"0","EM","NA",0,"NA",0,NA,0,"NA",0,0,"NA",0,0,"NA",0,0,0.029570593
"33","523"," ",2019,"SE1902","-   NA"," ","0",0,0,NA,"PVAR",NA,NA,NA,NA,"60","EM","NA",0,"NA",0,NA,0,"BLE",2,1,"ALG",5,0,"NA",0,0,0.397465785
"34","524"," ",2019,"SE1902","-   NA"," ","0",0,0,NA,"UNKN",NA,"-1",NA,NA,"0","EM","NA",0,"NA",0,NA,0,"NA",0,0,"NA",0,0,"NA",0,0,0.00826075
"35","525"," ",2019,"SE1902","-   NA"," ","0",0,0,NA,"PMEA",NA,NA,NA,NA,"20","BR","NA",0,"NA",0,NA,0,"BLE",80,1,"NA",0,0,"NA",0,0,0.158302653
"36","526"," ",2019,"SE1902","-   NA"," ","0",0,0,NA,"MCAP",NA,NA,NA,NA,"35","KN","NA",0,"NA",0,NA,0,"BLE",30,1,"ALG",3,0,"NA",0,0,0.696160686
"37","527"," ",2019,"SE1902","-   NA"," ","0",0,0,NA,"MCAP",NA,NA,NA,NA,"3","KN","NA",0,"NA",0,NA,0,"BLE",40,1,"NA",0,0,"NA",0,0,0.415583987
"38","528"," ",2019,"SE1902","-   NA"," ","0",0,0,NA,"PDUE",NA,NA,NA,NA,"65","ML","NA",0,"NA",0,NA,0,"BLE",2,4,"BLE",15,3,"BLE",10,2,0.240511974
"39","529"," ",2019,"SE1902","-   NA"," ","0",0,0,NA,"COCE",NA,NA,NA,NA,"40","EM","NA",0,"NA",0,NA,0,"BLE",40,2,"ALG",2,0,"NA",0,0,0.062823325
"40","530"," ",2019,"SE1902","-   NA"," ","0",0,0,NA,"COCE",NA,NA,NA,NA,"20","EF","NA",0,"NA",0,NA,0,"BLE",25,1,"NA",0,0,"NA",0,0,0.062677667
"41","633"," ",2019,"SE1902","-   NA","A","0",0,0,NA,"MCAP",NA,NA,"-1",NA,"0","BR","NA",0,"NA",0,NA,0,"NA",0,0,"NA",0,0,"NA",0,0,0.040008124
"42","634"," ",2019,"SE1902","-   NA"," ","0",0,0,NA,"MOSP",NA,"-1",NA,NA,"0","EM","NA",0,"NA",0,NA,0,"NA",0,0,"NA",0,0,"NA",0,0,0.024871872
"43","635"," ",2019,"SE1902","-   NA"," ","0",0,0,NA,"MCAP",NA,NA,"-1",NA,"0","BR","SEDI",90,"NA",0,NA,0,"NA",0,0,"NA",0,0,"NA",0,0,0.052338228
"44","636"," ",2019,"SE1902","-   NA"," ","0",0,0,NA,"MOSP",NA,"-1",NA,NA,"0","EM","NA",0,"NA",0,NA,0,"NA",0,0,"NA",0,0,"NA",0,0,0.016341358
"45","637"," ",2019,"SE1902","-   NA"," ","0",0,0,NA,"UNKN",NA,"-1",NA,NA,"0","EM","NA",0,"NA",0,NA,0,"NA",0,0,"NA",0,0,"NA",0,0,0.047986769
"46","638"," ",2019,"SE1902","-   NA"," ","0",0,0,NA,"UNKN",NA,"-1",NA,NA,"0","MD","NA",0,"NA",0,NA,0,"NA",0,0,"NA",0,0,"NA",0,0,0.033438302
"47","639"," ",2019,"SE1902","-   NA"," ","0",0,0,NA,"MPAT",NA,NA,NA,NA,"50","EM","NA",0,"NA",0,NA,0,"NA",0,0,"NA",0,0,"NA",0,0,0.071647821
"48","640"," ",2019,"SE1902","-   NA"," ","0",0,0,NA,"MPAT",NA,NA,NA,NA,"40","EM","PRED",2,"NA",0,NA,0,"BIN",5,0,"NA",0,0,"NA",0,0,0.25894034
"49","641"," ",2019,"SE1902","-   NA"," ","0",0,0,NA,"MPAT",NA,NA,NA,NA,"35","EM","NA",0,"NA",0,NA,0,"DIS",10,0,"BLE",50,1,"NA",0,0,0.201382919
"50","642"," ",2019,"SE1902","-   NA"," ","0",0,0,NA,"MCAP",NA,NA,NA,NA,"25","EM","NA",0,"NA",0,NA,0,"BLE",50,1,"NA",0,0,"NA",0,0,0.097247108
"51","643"," ",2019,"SE1902","-   NA"," ","0",0,0,NA,"MCAP",NA,NA,"-1",NA,"0","BR","NA",0,"NA",0,NA,0,"NA",0,0,"NA",0,0,"NA",0,0,0.04415654
"52","644"," ",2019,"SE1902","-   NA"," ","0",0,0,NA,"MCAP",NA,"-1",NA,NA,"0","KN","NA",0,"NA",0,NA,0,"NA",0,0,"NA",0,0,"NA",0,0,0.033643425
"53","645"," ",2019,"SE1902","-   NA"," ","0",0,0,NA,"MPAT",NA,NA,NA,NA,"10","EM","NA",0,"NA",0,NA,0,"NA",0,0,"NA",0,0,"NA",0,0,0.094807227
"54","646"," ",2019,"SE1902","-   NA"," ","0",0,0,NA,"MPAT",NA,NA,NA,NA,"50","EM","NA",0,"NA",0,NA,0,"NA",0,0,"NA",0,0,"NA",0,0,0.104190977
"55","647"," ",2019,"SE1902","-   NA"," ","0",0,0,NA,"MCAP",NA,NA,NA,NA,"50","BR","NA",0,"NA",0,NA,0,"BLE",15,1,"NA",0,0,"NA",0,0,0.157840457
"56","648"," ",2019,"SE1902","-   NA"," ","0",0,0,NA,"MCAP",NA,NA,NA,NA,"50","BR","NA",0,"NA",0,NA,0,"BLE",10,2,"BLE",15,1,"NA",0,0,0.560822699
"57","649"," ",2019,"SE1902","-   NA"," ","0",0,0,NA,"MCAP",NA,NA,NA,NA,"35","BR","NA",0,"NA",0,NA,0,"BLE",35,2,"BLE",20,1,"NA",0,0,0.479267493
"58","650"," ",2019,"SE1902","-   NA"," ","0",0,0,NA,"MPAT",NA,NA,NA,NA,"20","EM","NA",0,"NA",0,NA,0,"BLE",20,1,"NA",0,0,"NA",0,0,0.13010415
"59","651"," ",2019,"SE1902","-   NA"," ","0",0,0,NA,"POSP",NA,NA,NA,NA,"15","MD","NA",0,"NA",0,NA,0,"NA",0,0,"NA",0,0,"NA",0,0,0.105428317
"60","652"," ",2019,"SE1902","-   NA"," ","0",0,0,NA,"MCAP",NA,NA,NA,NA,"65","BR","NA",0,"NA",0,NA,0,"NA",0,0,"NA",0,0,"NA",0,0,0.259401637
"61","653"," ",2019,"SE1902","-   NA"," ","0",0,0,NA,"MOSP",NA,"-1",NA,NA,"0","EM","NA",0,"NA",0,NA,0,"NA",0,0,"NA",0,0,"NA",0,0,0.040818745
"62","654"," ",2019,"SE1902","-   NA"," ","0",0,0,NA,"MOSP",NA,NA,NA,NA,"35","EM","NA",0,"NA",0,NA,0,"NA",0,0,"NA",0,0,"NA",0,0,0.11771236
"63","655"," ",2019,"SE1902","-   NA"," ","0",0,0,NA,"MCAP",NA,NA,NA,NA,"10","BR","NA",0,"NA",0,NA,0,"BLE",40,2,"BLE",30,1,"NA",0,0,0.491435662
"64","656"," ",2019,"SE1902","-   NA"," ","0",0,0,NA,"MCAP",NA,NA,NA,NA,"30","BR","NA",0,"NA",0,NA,0,"BLE",70,1,"NA",0,0,"NA",0,0,0.062968246
"65","657"," ",2019,"SE1902","-   NA"," ","0",0,0,NA,"MCAP",NA,NA,NA,NA,"0","KN","NA",0,"NA",0,NA,0,"NA",0,0,"NA",0,0,"NA",0,0,0.069621404
"66","658"," ",2019,"SE1902","-   NA"," ","0",0,0,NA,"MPAT",NA,NA,NA,NA,"25","EM","PRED",5,"NA",0,NA,0,"DIS",10,0,"NA",0,0,"NA",0,0,0.399689179
"67","659"," ",2019,"SE1902","-   NA"," ","0",0,0,NA,"MCAP",NA,NA,NA,NA,"30","BR","NA",0,"NA",0,NA,0,"BLE",30,1,"NA",0,0,"NA",0,0,0.083940039
"68","660"," ",2019,"SE1902","-   NA"," ","0",0,0,NA,"MPAT",NA,NA,NA,NA,"60","MD","NA",0,"NA",0,NA,0,"BLE",30,1,"BLE",10,2,"NA",0,0,0.199862404
"69","661"," ",2019,"SE1902","-   NA"," ","0",0,0,NA,"MCAP",NA,NA,NA,NA,"10","BR","NA",0,"NA",0,NA,0,"NA",0,0,"NA",0,0,"NA",0,0,0.056090017
"70","662"," ",2019,"SE1902","-   NA"," ","0",0,0,NA,"MPAT",NA,NA,NA,NA,"60","EM","NA",0,"NA",0,NA,0,"BLE",20,2,"BLE",20,1,"NA",0,0,0.217478113
"71","663"," ",2019,"SE1902","-   NA"," ","0",0,0,NA,"MCAP",NA,NA,NA,NA,"60","BR","NA",0,"NA",0,NA,0,"BLE",30,1,"NA",0,0,"NA",0,0,0.146740928
"72","664"," ",2019,"SE1902","-   NA"," ","0",0,0,NA,"MCAP",NA,NA,NA,NA,"35","KN","NA",0,"NA",0,NA,0,"BLE",20,2,"BLE",30,1,"BLE",2,3,0.245051873
"73","665"," ",2019,"SE1902","-   NA"," ","0",0,0,NA,"MCAP",NA,NA,NA,NA,"10","BR","NA",0,"NA",0,NA,0,"BLE",80,1,"NA",0,0,"NA",0,0,0.051894124
"74","666"," ",2019,"SE1902","-   NA"," ","0",0,0,NA,"MPAT",NA,NA,NA,NA,"40","EM","NA",0,"NA",0,NA,0,"BLE",10,1,"NA",0,0,"NA",0,0,0.180074013
"75","667"," ",2019,"SE1902","-   NA"," ","0",0,0,NA,"MCAP",NA,NA,NA,NA,"0","BR","NA",0,"NA",0,NA,0,"BLE",100,1,"NA",0,0,"NA",0,0,0.074550521
"76","668"," ",2019,"SE1902","-   NA"," ","5",0,0,NA,"MCAP",NA,NA,NA,NA,"70","EM","NA",0,"NA",0,NA,0,"BLE",30,1,"NA",0,0,"NA",0,0,0.278059076
"77","669"," ",2019,"SE1902","-   NA"," ","5",0,0,NA,"MPAT",NA,NA,NA,NA,"50","EM","NA",0,"NA",0,NA,0,"BLE",10,1,"DIS",5,0,"NA",0,0,0.242130563
"78","670"," ",2019,"SE1902","-   NA"," ","0",0,0,NA,"MCAP",NA,NA,NA,NA,"65","EM","NA",0,"NA",0,NA,0,"BLE",20,1,"BLE",15,2,"NA",0,0,0.182782275
"79","671"," ",2019,"SE1902","-   NA"," ","0",0,0,NA,"MPAT",NA,NA,NA,NA,"70","EM","NA",0,"NA",0,NA,0,"BLE",10,1,"NA",0,0,"NA",0,0,0.124300966
"80","672"," ",2019,"SE1902","-   NA"," ","0",0,0,NA,"MPAT",NA,"-1",NA,NA,"0","EM","NA",0,"NA",0,NA,0,"NA",0,0,"NA",0,0,"NA",0,0,0.036363718
"81","673"," ",2019,"SE1902","-   NA"," ","0",0,0,NA,"MCAP",NA,NA,NA,NA,"10","BR","NA",0,"NA",0,NA,0,"BLE",40,1,"NA",0,0,"NA",0,0,0.164520941
"82","674"," ",2019,"SE1902","-   NA"," ","0",0,0,NA,"MCAP",NA,NA,NA,NA,"20","BR","NA",0,"NA",0,NA,0,"BLE",5,2,"BLE",20,1,"DIS",10,0,0.267614591
"83","675"," ",2019,"SE1902","-   NA"," ","0",0,0,NA,"MPAT",NA,NA,NA,NA,"30","EM","NA",0,"NA",0,NA,0,"DIS",20,0,"BLE",10,2,"NA",0,0,0.170036025
"84","676"," ",2019,"SE1902","-   NA"," ","0",0,0,NA,"MPAT",NA,NA,NA,NA,"20","EM","NA",0,"NA",0,NA,0,"BLE",80,1,"NA",0,0,"NA",0,0,0.270860499
"85","677"," ",2019,"SE1902","-   NA"," ","0",0,0,NA,"MPAT",NA,NA,NA,NA,"40","EM","NA",0,"NA",0,NA,0,"BLE",5,1,"DIS",10,0,"NA",0,0,0.162241609
"86","678"," ",2019,"SE1902","-   NA"," ","0",0,0,NA,"MCAP",NA,NA,NA,NA,"0","BR","NA",0,"NA",0,NA,0,"NA",0,0,"NA",0,0,"NA",0,0,0.136211049
"87","679"," ",2019,"SE1902","-   NA"," ","0",0,0,NA,"MCAP",NA,"-1",NA,NA,"0","EM","NA",0,"NA",0,NA,0,"NA",0,0,"NA",0,0,"NA",0,0,0.024951353
"88","680"," ",2019,"SE1902","-   NA"," ","0",0,0,NA,"MOSP",NA,"-1",NA,NA,"0","EM","NA",0,"NA",0,NA,0,"NA",0,0,"NA",0,0,"NA",0,0,0.012401612
"89","681"," ",2019,"SE1902","-   NA"," ","0",0,0,NA,"MOSP",NA,NA,NA,"-1","0","EM","NA",0,"NA",0,NA,0,"NA",0,0,"NA",0,0,"NA",0,0,0.031020315
"90","682"," ",2019,"SE1902","-   NA"," ","0",0,0,NA,"MCAP",NA,NA,NA,NA,"30","BR","NA",0,"NA",0,NA,0,"BLE",70,1,"NA",0,0,"NA",0,0,0.08274787
"91","683"," ",2019,"SE1902","-   NA"," ","0",0,0,NA,"MCAP",NA,NA,NA,NA,"40","BR","NA",0,"NA",0,NA,0,"BLE",30,1,"NA",0,0,"NA",0,0,0.073502789
"92","684"," ",2019,"SE1902","-   NA"," ","0",0,0,NA,"MCAP",NA,NA,NA,NA,"65","BR","NA",0,"NA",0,NA,0,"NA",0,0,"NA",0,0,"NA",0,0,0.077975444
"93","685"," ",2019,"SE1902","-   NA"," ","0",0,0,NA,"MCAP",NA,NA,NA,NA,"55","BR","NA",0,"NA",0,NA,0,"BLE",30,1,"NA",0,0,"NA",0,0,0.167934392
"94","686"," ",2019,"SE1902","-   NA"," ","0",0,0,NA,"MPAT",NA,NA,NA,NA,"60","EM","NA",0,"NA",0,NA,0,"BLE",15,1,"NA",0,0,"NA",0,0,0.151637892
"95","687"," ",2019,"SE1902","-   NA"," ","0",0,0,NA,"MPAT",NA,NA,NA,NA,"55","EM","NA",0,"NA",0,NA,0,"BLE",10,1,"ALG",2,0,"NA",0,0,0.481389759
"96","688"," ",2019,"SE1902","-   NA"," ","0",0,0,NA,"MCAP",NA,NA,NA,NA,"60","EM","NA",0,"NA",0,NA,0,"BLE",20,1,"NA",0,0,"NA",0,0,0.116488325
"97","689"," ",2019,"SE1902","-   NA"," ","0",0,0,NA,"MPAT",NA,NA,NA,NA,"35","EM","NA",0,"NA",0,NA,0,"BLE",10,1,"NA",0,0,"NA",0,0,0.2520248
"98","690"," ",2019,"SE1902","-   NA"," ","0",0,0,NA,"MCAP",NA,NA,NA,NA,"1","KN","NA",0,"NA",0,NA,0,"BLE",99,1,"NA",0,0,"NA",0,0,0.182356354
"99","691"," ",2019,"SE1902","-   NA"," ","0",0,0,NA,"PMEA",NA,NA,NA,NA,"0","BR","NA",0,"NA",0,NA,0,"BLE",100,2,"NA",0,0,"NA",0,0,0.068424922
"100","692"," ",2019,"SE1902","-   NA"," ","0",0,0,NA,"MCAP",NA,NA,NA,NA,"0","KN","NA",0,"NA",0,NA,0,"BLE",90,1,"BLE",10,2,"NA",0,0,0.071230962
"101","693"," ",2019,"SE1902","-   NA"," ","0",0,0,NA,"MPAT",NA,NA,NA,NA,"20","EM","NA",0,"NA",0,NA,0,"DIS",5,0,"NA",0,0,"NA",0,0,0.235809266
"102","694"," ",2019,"SE1902","-   NA"," ","0",0,0,NA,"MCAP",NA,NA,NA,NA,"40","KN","NA",0,"NA",0,NA,0,"BLE",30,1,"DIS",20,0,"BLE",10,2,0.055895796
"103","695"," ",2019,"SE1902","-   NA"," ","0",0,0,NA,"MPAT",NA,NA,NA,NA,"80","EM","NA",0,"NA",0,NA,0,"BLE",10,2,"NA",0,0,"NA",0,0,0.106498122
"104","696"," ",2019,"SE1902","-   NA"," ","0",0,0,NA,"MPAT",NA,NA,NA,NA,"35","EM","NA",0,"NA",0,NA,0,"DIS",5,0,"NA",0,0,"NA",0,0,0.284328858
"105","697"," ",2019,"SE1902","-   NA"," ","0",0,0,NA,"MCAP",NA,NA,NA,NA,"20","BR","NA",0,"NA",0,NA,0,"NA",0,0,"NA",0,0,"NA",0,0,0.078058566
"106","698"," ",2019,"SE1902","-   NA"," ","0",0,0,NA,"MCAP",NA,NA,NA,NA,"40","BR","NA",0,"NA",0,NA,0,"BLE",60,3,"ALG",10,0,"NA",0,0,0.200731787
"107","699"," ",2019,"SE1902","-   NA"," ","0",0,0,NA,"MCAP",NA,"-1",NA,NA,"0","EM","NA",0,"NA",0,NA,0,"NA",0,0,"NA",0,0,"NA",0,0,0.034577594
"108","700"," ",2019,"SE1902","-   NA"," ","0",0,0,NA,"MOSP",NA,NA,NA,NA,"50","EM","NA",0,"NA",0,NA,0,"NA",0,0,"NA",0,0,"NA",0,0,0.219560765
"109","701"," ",2019,"SE1902","-   NA"," ","0",0,0,NA,"MCAP",NA,NA,NA,NA,"15","KN","NA",0,"NA",0,NA,0,"BLE",0,0,"NA",0,0,"NA",0,0,0.070300071
"110","702"," ",2019,"SE1902","-   NA"," ","0",0,0,NA,"MOSP",NA,NA,NA,NA,"30","EM","NA",0,"NA",0,NA,0,"BLE",60,2,"NA",0,0,"NA",0,0,0.050646322
"111","703"," ",2019,"SE1902","-   NA"," ","0",0,0,NA,"MCAP",NA,NA,NA,NA,"5","BR","NA",0,"NA",0,NA,0,"BLE",95,2,"NA",0,0,"NA",0,0,0.057174907
"112","704"," ",2019,"SE1902","-   NA"," ","0",0,0,NA,"MOSP",NA,NA,NA,NA,"20","EM","NA",0,"NA",0,NA,0,"BLE",40,2,"BLE",40,1,"NA",0,0,0.162800001
"113","705"," ",2019,"SE1902","-   NA"," ","0",0,0,NA,"MCAP",NA,NA,NA,"-1","0","KN","NA",0,"NA",0,NA,0,"NA",0,0,"NA",0,0,"NA",0,0,0.037171091
"114","706"," ",2019,"SE1902","-   NA"," ","0",0,0,NA,"MOSP",NA,"-1",NA,NA,"0","EM","NA",0,"NA",0,NA,0,"NA",0,0,"NA",0,0,"NA",0,0,0.012666885
"115","707"," ",2019,"SE1902","-   NA"," ","0",0,0,NA,"MOSP",NA,"-1",NA,NA,"0","EM","NA",0,"NA",0,NA,0,"NA",0,0,"NA",0,0,"NA",0,0,0.025329232
"116","708"," ",2019,"SE1902","-   NA"," ","0",0,0,NA,"MCAP",NA,NA,NA,"-1","0","KN","NA",0,"NA",0,NA,0,"NA",0,0,"NA",0,0,"NA",0,0,0.030681102
"117","709"," ",2019,"SE1902","-   NA"," ","0",0,0,NA,"MCAP",NA,NA,NA,"-1","0","EM","NA",0,"NA",0,NA,0,"NA",0,0,"NA",0,0,"NA",0,0,0.016410363
"118","710"," ",2019,"SE1902","-   NA"," ","0",0,0,NA,"MCAP",NA,NA,NA,"-1","0","EM","NA",0,"NA",0,NA,0,"NA",0,0,"NA",0,0,"NA",0,0,0.01883534
"119","711"," ",2019,"SE1902","-   NA"," ","0",0,0,NA,"MOSP",NA,"-1",NA,NA,"0","EM","NA",0,"NA",0,NA,0,"NA",0,0,"NA",0,0,"NA",0,0,0.040512343
"120","712"," ",2019,"SE1902","-   NA"," ","0",0,0,NA,"MCAP",NA,NA,NA,NA,"75","EM","NA",0,"NA",0,NA,0,"BLE",15,1,"NA",0,0,"NA",0,0,0.288532649
"121","713"," ",2019,"SE1902","-   NA"," ","0",0,0,NA,"MCAP",NA,NA,NA,NA,"75","KN","NA",0,"NA",0,NA,0,"BLE",10,1,"NA",0,0,"NA",0,0,0.441968516
"122","714"," ",2019,"SE1902","-   NA"," ","5",0,0,NA,"MCAP",NA,NA,NA,NA,"60","BR","NA",0,"NA",0,NA,0,"BLE",25,1,"BLE",10,2,"NA",0,0,0.635934352
"123","715"," ",2019,"SE1902","-   NA"," ","5",0,0,NA,"MOSP",NA,"-1",NA,NA,"0","EM","NA",0,"NA",0,NA,0,"NA",0,0,"NA",0,0,"NA",0,0,0.022484883
"124","716"," ",2019,"SE1902","-   NA"," ","5",0,0,NA,"MOSP",NA,NA,NA,"-1","0","EM","NA",0,"NA",0,NA,0,"NA",0,0,"NA",0,0,"NA",0,0,0.021503488
"125","717"," ",2019,"SE1902","-   NA"," ","5",0,0,NA,"MOSP",NA,NA,NA,"-1","0","EM","NA",0,"NA",0,NA,0,"NA",0,0,"NA",0,0,"NA",0,0,0.024120738
"126","718"," ",2019,"SE1902","-   NA"," ","15",0,0,NA,"PMEA",NA,NA,NA,NA,"15","BR","NA",0,"NA",0,NA,0,"BLE",15,1,"NA",0,0,"NA",0,0,0.259026678
"127","719"," ",2019,"SE1902","-   NA"," ","15",0,0,NA,"MCAP",NA,NA,NA,NA,"30","BR","NA",0,"NA",0,NA,0,"BLE",50,1,"BLE",20,2,"ALG",3,0,0.174590406
"128","720"," ",2019,"SE1902","-   NA"," ","0",0,0,NA,"PLUT",NA,NA,NA,NA,"20","MD","NA",0,"NA",0,NA,0,"SGA",5,0,"ALG",3,0,"NA",0,0,0.424632005
"129","721"," ",2019,"SE1902","-   NA"," ","0",0,0,NA,"POCS",NA,NA,NA,NA,"15","BR","NA",5,"TLS",0,NA,0,"ALG",2,0,"NA",0,0,"NA",0,0,0.467445923
"130","722"," ",2019,"SE1902","-   NA"," ","0",0,0,NA,"MPAT",NA,NA,NA,NA,"5","EM","NA",0,"NA",0,NA,0,"NA",0,0,"NA",0,0,"NA",0,0,0.050746823
"131","723"," ",2019,"SE1902","-   NA"," ","0",0,0,NA,"MCAP",NA,NA,NA,NA,"30","KN","NA",0,"NA",0,NA,0,"BLE",50,2,"BLE",20,1,"NA",0,0,0.137109336
"132","724"," ",2019,"SE1902","-   NA"," ","0",0,0,NA,"MPAT",NA,NA,NA,NA,"60","EM","NA",0,"NA",0,NA,0,"BLE",20,1,"NA",0,0,"NA",0,0,0.246660292
"133","725"," ",2019,"SE1902","-   NA"," ","0",0,0,NA,"MPAT",NA,NA,NA,NA,"25","EM","NA",0,"NA",0,NA,0,"BLE",70,1,"NA",0,0,"NA",0,0,0.132312849
"134","726"," ",2019,"SE1902","-   NA"," ","0",0,0,NA,"MPAT",NA,NA,NA,NA,"35","EM","NA",0,"NA",0,NA,0,"BLE",20,1,"NA",0,0,"NA",0,0,0.172252141
"135","727"," ",2019,"SE1902","-   NA"," ","0",0,0,NA,"MPAT",NA,NA,NA,NA,"50","EM","PRED",2,"NA",0,NA,0,"NA",0,0,"NA",0,0,"NA",0,0,0.155761902
"136","728"," ",2019,"SE1902","-   NA"," ","0",0,0,NA,"MCAP",NA,NA,NA,NA,"10","BR","NA",0,"NA",0,NA,0,"BLE",90,1,"NA",0,0,"NA",0,0,0.05240229
"137","729"," ",2019,"SE1902","-   NA"," ","0",0,0,NA,"MCAP",NA,NA,NA,NA,"30","EM","NA",0,"NA",0,NA,0,"BLE",0,0,"NA",0,0,"NA",0,0,0.129075366
"138","730"," ",2019,"SE1902","-   NA"," ","0",0,0,NA,"MCAP",NA,NA,NA,NA,"15","KN","NA",0,"NA",0,NA,0,"BLE",80,2,"NA",0,0,"NA",0,0,0.233416216
"139","731"," ",2019,"SE1902","-   NA"," ","0",0,0,NA,"PMEA",NA,NA,NA,NA,"2","BR","NA",0,"NA",0,NA,0,"BLE",90,1,"BLE",5,2,"NA",0,0,0.225950437
"140","732"," ",2019,"SE1902","-   NA"," ","0",0,0,NA,"MPAT",NA,NA,NA,NA,"20","EM","NA",0,"NA",0,NA,0,"BLE",80,2,"NA",0,0,"NA",0,0,0.09639554
"141","733"," ",2019,"SE1902","-   NA"," ","0",0,0,NA,"MCAP",NA,NA,NA,NA,"5","BR","NA",0,"NA",0,NA,0,"NA",0,0,"NA",0,0,"NA",0,0,0.108277606
"142","734"," ",2019,"SE1902","-   NA"," ","0",0,0,NA,"MCAP",NA,NA,NA,NA,"60","KN","NA",0,"NA",0,NA,0,"BLE",20,1,"NA",0,0,"NA",0,0,0.091762792
"143","735"," ",2019,"SE1902","-   NA"," ","0",0,0,NA,"MCAP",NA,NA,NA,NA,"40","KN","NA",0,"NA",0,NA,0,"BLE",25,1,"NA",0,0,"NA",0,0,0.157414898
"144","736"," ",2019,"SE1902","-   NA"," ","0",0,0,NA,"MCAP",NA,NA,NA,NA,"20","BR","NA",0,"NA",0,NA,0,"BLE",20,1,"NA",0,0,"NA",0,0,0.116088673
"145","737"," ",2019,"SE1902","-   NA"," ","0",0,0,NA,"MCAP",NA,NA,NA,NA,"70","BR","NA",0,"NA",0,NA,0,"BLE",20,2,"BLE",5,1,"ALG",5,0,0.673824146
"146","738"," ",2019,"SE1902","-   NA"," ","0",0,0,NA,"MCAP",NA,NA,NA,NA,"10","BR","NA",0,"NA",0,NA,0,"BLE",50,1,"NA",0,0,"NA",0,0,0.094174571
"147","739"," ",2019,"SE1902","-   NA"," ","0",0,0,NA,"MCAP",NA,NA,NA,NA,"15","BR","NA",0,"NA",0,NA,0,"BLE",85,2,"NA",0,0,"NA",0,0,0.094183864
"148","740"," ",2019,"SE1902","-   NA"," ","0",0,0,NA,"MOSP",NA,NA,NA,NA,"20","EM","NA",0,"NA",0,NA,0,"BLE",50,2,"NA",0,0,"NA",0,0,0.078371232
"149","741"," ",2019,"SE1902","-   NA"," ","0",0,0,NA,"MOSP",NA,NA,NA,NA,"20","EM","NA",0,"NA",0,NA,0,"BLE",80,1,"NA",0,0,"NA",0,0,0.096022133
"150","742"," ",2019,"SE1902","-   NA"," ","0",0,0,NA,"MCAP",NA,NA,NA,NA,"50","BR","NA",0,"NA",0,NA,0,"NA",0,0,"NA",0,0,"NA",0,0,0.128719889
"151","743"," ",2019,"SE1902","-   NA"," ","0",0,0,NA,"POSP",NA,NA,NA,NA,"10","KN","NA",0,"NA",0,NA,0,"NA",0,0,"NA",0,0,"NA",0,0,0.123935791
"152","744"," ",2019,"SE1902","-   NA"," ","0",0,0,NA,"MPAT",NA,NA,NA,NA,"50","EM","NA",0,"NA",0,NA,0,"BLE",10,1,"DIS",10,0,"ALG",5,0,0.416396734
"153","745"," ",2019,"SE1902","-   NA"," ","0",0,0,NA,"MCAP",NA,NA,NA,NA,"3","BR","NA",0,"NA",0,NA,0,"NA",0,0,"NA",0,0,"NA",0,0,0.090271812
"154","746"," ",2019,"SE1902","-   NA"," ","0",0,0,NA,"MCAP",NA,NA,NA,NA,"60","KN","NA",0,"NA",0,NA,0,"BLE",20,1,"ALG",10,0,"NA",0,0,0.264184122
"155","747"," ",2019,"SE1902","-   NA"," ","0",0,0,NA,"MPAT",NA,NA,NA,NA,"40","EM","NA",0,"NA",0,NA,0,"BLE",5,1,"ALG",10,0,"NA",0,0,0.369023711
"156","748"," ",2019,"SE1902","-   NA"," ","0",0,0,NA,"MPAT",NA,NA,NA,NA,"45","EM","NA",0,"NA",0,NA,0,"NA",0,0,"NA",0,0,"NA",0,0,0.515084081
"157","749"," ",2019,"SE1902","-   NA"," ","0",0,0,NA,"MPAT",NA,NA,NA,NA,"35","EM","NA",0,"NA",0,NA,0,"ALG",10,0,"NA",0,0,"NA",0,0,0.216205919
"158","119"," ",2019,"SE1902","-   NA"," ","0",2.5,1,NA,"PLOB",NA,"0",NA,NA,"90","MD","NA",0,NA,0,NA,0,"ALG",1,0,"NA",0,0,NA,0,0,0.256141992
"159","120"," ",2019,"SE1902","-   NA"," ","0",2.5,1,NA,"MCAP",NA,"0",NA,NA,"85","EM","NA",0,NA,0,NA,0,"ALG",2,0,"NA",0,0,NA,0,0,0.130381172
"160","121"," ",2019,"SE1902","-   NA"," ","0",2.5,1,NA,"PLOB",NA,"0",NA,NA,"60","MD","NA",0,NA,0,NA,0,"SGA",5,0,"NA",0,0,NA,0,0,0.185086845
"161","122"," ",2019,"SE1902","-   NA"," ","0",2.5,1,NA,"PLOB",NA,"0",NA,NA,"75","MD","NA",0,NA,0,NA,0,"NA",0,0,"NA",0,0,NA,0,0,0.227436849
"162","123"," ",2019,"SE1902","-   NA"," ","0",2.5,1,NA,"PLOB",NA,"0",NA,NA,"15","MD","NA",0,NA,0,NA,0,"ALG",1,0,"NA",0,0,NA,0,0,0.083290456
"163","124"," ",2019,"SE1902","-   NA"," ","0",2.5,1,NA,"MPAT",NA,"0",NA,NA,"15","EM","NA",0,NA,0,NA,0,"ALG",1,0,"NA",0,0,NA,0,0,0.084979173
"164","125"," ",2019,"SE1902","-   NA"," ","0",2.5,1,NA,"MPAT",NA,"0",NA,NA,"95","EM","NA",0,NA,0,NA,0,"BLE",50,2,"NA",0,0,NA,0,0,0.140978367
"165","126"," ",2019,"SE1902","-   NA"," ","0",2.5,1,NA,"MCAP",NA,"0",NA,NA,"65","EM","NA",0,NA,0,NA,0,"BLE",5,2,"NA",0,0,NA,0,0,0.170060607
"166","127"," ",2019,"SE1902","-   NA"," ","0",1,1,NA,"MCAP",NA,"-1",NA,NA,"0","EM","NA",0,NA,0,NA,0,"NA",0,0,"NA",0,0,NA,0,0,0.041205461
"167","128"," ",2019,"SE1902","-   NA"," ","0",2.5,1,NA,"PLOB",NA,"0",NA,NA,"5","MD","NA",0,NA,0,NA,0,"NA",0,0,"NA",0,0,NA,0,0,0.054577651
"168","129"," ",2019,"SE1902","-   NA"," ","0",2.5,1,NA,"PLOB",NA,"0",NA,NA,"5","MD","NA",0,NA,0,NA,0,"NA",0,0,"NA",0,0,NA,0,0,0.085921652
"169","130"," ",2019,"SE1902","-   NA"," ","0",2.5,1,NA,"MPAT",NA,"0",NA,NA,"10","EM","NA",0,NA,0,NA,0,"NA",0,0,"NA",0,0,NA,0,0,0.229703832
"170","131"," ",2019,"SE1902","-   NA"," ","0",2.5,1,NA,"MCAP",NA,"0",NA,NA,"5","EM","NA",0,NA,0,NA,0,"NA",0,0,"NA",0,0,NA,0,0,0.309417404
"171","132"," ",2019,"SE1902","-   NA"," ","0",2.5,1,NA,"MPAT",NA,"0",NA,NA,"20","EM","NA",0,NA,0,NA,0,"ALG",10,0,"BLE",100,2,NA,0,0,0.168688975
"172","133"," ",2019,"SE1902","-   NA"," ","0",2.5,1,NA,"PLOB",NA,"0",NA,NA,"10","MD","NA",0,NA,0,NA,0,"ALG",1,0,"NA",0,0,NA,0,0,0.136887289
"173","134"," ",2019,"SE1902","-   NA"," ","0",2.5,1,NA,"PLOB",NA,"0",NA,NA,"5","MD","NA",0,NA,0,NA,0,"ALG",1,0,"NA",0,0,NA,0,0,0.171867303
"174","135"," ",2019,"SE1902","-   NA"," ","0",1,1,NA,"PMEA",NA,"-1",NA,NA,"0","KN","NA",0,NA,0,NA,0,"NA",0,0,"NA",0,0,NA,0,0,0.039284092
"175","136"," ",2019,"SE1902","-   NA"," ","0",1,1,NA,"PLOB",NA,"-1",NA,NA,"0","MD","NA",0,NA,0,NA,0,"NA",0,0,"NA",0,0,NA,0,0,0.024742675
"176","137"," ",2019,"SE1902","-   NA"," ","0",2.5,1,NA,"PLOB",NA,"0",NA,NA,"0","EM","NA",0,NA,0,NA,0,"NA",0,0,"NA",0,0,NA,0,0,0.081463734
"177","138"," ",2019,"SE1902","-   NA"," ","0",2.5,1,NA,"PLOB",NA,"0",NA,NA,"50","MD","TLS",5,NA,0,NA,0,"NA",0,0,"NA",0,0,NA,0,0,0.123153237
"178","139"," ",2019,"SE1902","-   NA"," ","0",2.5,1,NA,"PLOB",NA,"0",NA,NA,"65","EM","NA",0,NA,0,NA,0,"ALG",1,0,"NA",0,0,NA,0,0,0.131976513
"179","140"," ",2019,"SE1902","-   NA"," ","0",2.5,1,NA,"PLOB",NA,"0",NA,NA,"70","MD","NA",0,NA,0,NA,0,"NA",0,0,"NA",0,0,NA,0,0,0.126574089
"180","141"," ",2019,"SE1902","-   NA"," ","0",1,1,NA,"PLOB",NA,"-1",NA,NA,"0","EM","NA",0,NA,0,NA,0,"NA",0,0,"NA",0,0,NA,0,0,0.01332704
"181","142"," ",2019,"SE1902","-   NA"," ","0",1,1,NA,"PMEA",NA,"-1",NA,NA,"0","MD","NA",0,NA,0,NA,0,"NA",0,0,"NA",0,0,NA,0,0,0.0173954
"182","143"," ",2019,"SE1902","-   NA"," ","0",2.5,1,NA,"PMEA",NA,"0",NA,NA,"0","BR","NA",0,NA,0,NA,0,"NA",0,0,"NA",0,0,NA,0,0,0.124449709
"183","144"," ",2019,"SE1902","-   NA"," ","0",2.5,1,NA,"MCAP",NA,"0",NA,NA,"5","EM","NA",0,NA,0,NA,0,"ALG",1,0,"NA",0,0,NA,0,0,0.150650921
"184","145"," ",2019,"SE1902","-   NA"," ","0",2.5,1,NA,"PLOB",NA,"0",NA,NA,"5","MD","NA",0,NA,0,NA,0,"SGA",5,0,"ALG",1,0,NA,0,0,0.157147574
"185","146"," ",2019,"SE1902","-   NA"," ","0",2.5,1,NA,"MCAP",NA,"0",NA,NA,"20","EM","NA",0,NA,0,NA,0,"ALG",1,0,"NA",0,0,NA,0,0,0.214094302
"186","147"," ",2019,"SE1902","-   NA"," ","0",2.5,1,NA,"MPAT",NA,"0",NA,NA,"15","EM","NA",0,NA,0,NA,0,"NA",0,0,"NA",0,0,NA,0,0,0.133802877
"187","148"," ",2019,"SE1902","-   NA"," ","0",2.5,1,NA,"PLOB",NA,"0",NA,NA,"5","EM","NA",0,NA,0,NA,0,"NA",0,0,"NA",0,0,NA,0,0,0.069570108
"188","149"," ",2019,"SE1902","-   NA"," ","0",2.5,1,NA,"MCAP",NA,"0",NA,NA,"25","EM","NA",0,NA,0,NA,0,"BLE",100,2,"ALG",1,0,NA,0,0,0.074888851
"189","150"," ",2019,"SE1902","-   NA"," ","0",2.5,1,NA,"PLOB",NA,"0",NA,NA,"5","MD","NA",0,NA,0,NA,0,"NA",0,0,"NA",0,0,NA,0,0,0.07319235
"190","151"," ",2019,"SE1902","-   NA"," ","0",2.5,1,NA,"MCAP",NA,"0",NA,NA,"5","EM","NA",0,NA,0,NA,0,"NA",0,0,"NA",0,0,NA,0,0,0.213081792
"191","152"," ",2019,"SE1902","-   NA"," ","0",2.5,1,NA,"PLOB",NA,"0",NA,NA,"5","MD","NA",0,NA,0,NA,0,"SGA",1,0,"NA",0,0,NA,0,0,0.171210076
"192","153"," ",2019,"SE1902","-   NA"," ","0",2.5,1,NA,"PLOB",NA,"0",NA,NA,"1","MD","NA",0,NA,0,NA,0,"NA",0,0,"NA",0,0,NA,0,0,0.29567171
"193","154"," ",2019,"SE1902","-   NA"," ","0",2.5,1,NA,"MCAP",NA,"0",NA,NA,"1","EM","NA",0,NA,0,NA,0,"NA",0,0,"NA",0,0,NA,0,0,0.264420215
"194","155"," ",2019,"SE1902","-   NA"," ","0",2.5,1,NA,"MCAP",NA,"0",NA,NA,"1","EM","NA",0,NA,0,NA,0,"NA",0,0,"NA",0,0,NA,0,0,0.189798973
"195","156"," ",2019,"SE1902","-   NA"," ","0",2.5,1,NA,"MCAP",NA,"0",NA,NA,"5","EM","NA",0,NA,0,NA,0,"NA",0,0,"NA",0,0,NA,0,0,0.19144516
"196","157"," ",2019,"SE1902","-   NA"," ","0",2.5,1,NA,"PLOB",NA,"0",NA,NA,"75","MD","NA",0,NA,0,NA,0,"ALG",2,0,"NA",0,0,NA,0,0,0.118006992
"197","158"," ",2019,"SE1902","-   NA"," ","0",2.5,1,NA,"PLOB",NA,"0",NA,NA,"0","EM","NA",0,NA,0,NA,0,"NA",0,0,"NA",0,0,NA,0,0,0.059199747
"198","159"," ",2019,"SE1902","-   NA"," ","0",2.5,1,NA,"PLOB",NA,"0",NA,NA,"0","EM","NA",0,NA,0,NA,0,"NA",0,0,"NA",0,0,NA,0,0,0.051236023
"199","160"," ",2019,"SE1902","-   NA"," ","0",2.5,1,NA,"PLOB",NA,"0",NA,NA,"60","MD","NA",0,NA,0,NA,0,"ALG",3,0,"NA",0,0,NA,0,0,0.147503797
"200","161"," ",2019,"SE1902","-   NA"," ","0",2.5,1,NA,"MPAT",NA,"0",NA,NA,"5","EM","NA",0,NA,0,NA,0,"ALG",5,0,"NA",0,0,NA,0,0,0.08688901
"201","162"," ",2019,"SE1902","-   NA"," ","0",2.5,1,NA,"PLOB",NA,"0",NA,NA,"0","MD","NA",0,NA,0,NA,0,"NA",0,0,"NA",0,0,NA,0,0,0.116455829
"202","163"," ",2019,"SE1902","-   NA"," ","0",2.5,1,NA,"MCAP",NA,"0",NA,NA,"0","EM","NA",0,NA,0,NA,0,"NA",0,0,"NA",0,0,NA,0,0,0.062361045
"203","164"," ",2019,"SE1902","-   NA"," ","0",2.5,1,NA,"PLOB",NA,"0",NA,NA,"5","EM","NA",0,NA,0,NA,0,"ALG",2,0,"NA",0,0,NA,0,0,0.11242393
"204","165"," ",2019,"SE1902","-   NA"," ","0",2.5,1,NA,"PLOB",NA,"0",NA,NA,"5","EM","NA",0,NA,0,NA,0,"NA",0,0,"NA",0,0,NA,0,0,0.164993484
"205","166"," ",2019,"SE1902","-   NA"," ","0",2.5,1,NA,"PLUT",NA,"0",NA,NA,"30","MD","PRED",2,NA,0,NA,0,"NA",0,0,"NA",0,0,NA,0,0,0.207516746
"206","167"," ",2019,"SE1902","-   NA"," ","0",2.5,1,NA,"PLOB",NA,"0",NA,NA,"80","MD","NA",0,NA,0,NA,0,"ALG",2,0,"NA",0,0,NA,0,0,0.213377036
"207","168"," ",2019,"SE1902","-   NA"," ","0",2.5,1,NA,"PLUT",NA,"0",NA,NA,"10","MD","NA",0,NA,0,NA,0,"SGA",2,0,"NA",0,0,NA,0,0,0.329457403
"208","169"," ",2019,"SE1902","-   NA"," ","0",2.5,1,NA,"MCAP",NA,"0",NA,NA,"0","EM","NA",0,NA,0,NA,0,"NA",0,0,"NA",0,0,NA,0,0,0.110385959
"209","170"," ",2019,"SE1902","-   NA"," ","0",2.5,1,NA,"MPAT",NA,"0",NA,NA,"20","EM","NA",0,NA,0,NA,0,"ALG",3,0,"NA",0,0,NA,0,0,0.215449414
"210","171"," ",2019,"SE1902","-   NA"," ","0",2.5,1,NA,"MCAP",NA,"0",NA,NA,"15","EM","NA",0,NA,0,NA,0,"BLE",100,2,"NA",0,0,NA,0,0,0.3017088
"211","172"," ",2019,"SE1902","-   NA"," ","0",2.5,1,NA,"MPAT",NA,"0",NA,NA,"70","EM","NA",0,NA,0,NA,0,"ALG",2,0,"NA",0,0,NA,0,0,0.75763517
"212","173"," ",2019,"SE1902","-   NA"," ","0",2.5,1,NA,"MCAP",NA,"0",NA,NA,"5","EM","NA",0,NA,0,NA,0,"BLE",100,2,"NA",0,0,NA,0,0,0.066738669
"213","174"," ",2019,"SE1902","-   NA"," ","0",2.5,1,NA,"PLOB",NA,"0",NA,NA,"95","MD","NA",0,NA,0,NA,0,"NA",0,0,"NA",0,0,NA,0,0,0.222990605
"214","175"," ",2019,"SE1902","-   NA"," ","5",2.5,1,NA,"MCAP",NA,"0",NA,NA,"45","EM","NA",0,NA,0,NA,0,"NA",0,0,"NA",0,0,NA,0,0,0.231069103
"215","176"," ",2019,"SE1902","-   NA"," ","5",2.5,1,NA,"PLOB",NA,"0",NA,NA,"20","EM","NA",0,NA,0,NA,0,"NA",0,0,"NA",0,0,NA,0,0,0.068666514
"216","177"," ",2019,"SE1902","-   NA"," ","5",2.5,1,NA,"MPAT",NA,"0",NA,NA,"30","EM","NA",0,NA,0,NA,0,"NA",0,0,"NA",0,0,NA,0,0,0.090150319
"217","178"," ",2019,"SE1902","-   NA"," ","5",2.5,1,NA,"MPAT",NA,"0",NA,NA,"35","EM","NA",0,NA,0,NA,0,"BLE",100,2,"NA",0,0,NA,0,0,0.532511568
"218","179"," ",2019,"SE1902","-   NA"," ","5",2.5,1,NA,"MPAT",NA,"0",NA,NA,"10","EM","NA",0,NA,0,NA,0,"NA",0,0,"NA",0,0,NA,0,0,0.101254778
"219","180"," ",2019,"SE1902","-   NA"," ","5",2.5,1,NA,"PLOB",NA,"0",NA,NA,"15","MD","NA",0,NA,0,NA,0,"NA",0,0,"NA",0,0,NA,0,0,0.244164945
"220","181"," ",2019,"SE1902","-   NA"," ","5",2.5,1,NA,"MCAP",NA,"0",NA,NA,"1","EM","NA",0,NA,0,NA,0,"NA",0,0,"NA",0,0,NA,0,0,0.081086188
"221","182"," ",2019,"SE1902","-   NA"," ","5",2.5,1,NA,"MCAP",NA,"0",NA,NA,"10","EM","NA",0,NA,0,NA,0,"ALG",5,0,"NA",0,0,NA,0,0,0.054272
"222","183"," ",2019,"SE1902","-   NA"," ","5",2.5,1,NA,"PLUT",NA,"0",NA,NA,"0","MD","NA",0,NA,0,NA,0,"NA",0,0,"NA",0,0,NA,0,0,0.251935904
"223","184"," ",2019,"SE1902","-   NA"," ","5",1,1,NA,"PLOB",NA,"-1",NA,NA,"0","MD","NA",0,NA,0,NA,0,"NA",0,0,"NA",0,0,NA,0,0,0.040781368
"224","185"," ",2019,"SE1902","-   NA"," ","5",2.5,1,NA,"MCAP",NA,"0",NA,NA,"10","EM","NA",0,NA,0,NA,0,"NA",0,0,"NA",0,0,NA,0,0,0.188827567
"225","186"," ",2019,"SE1902","-   NA"," ","5",2.5,1,NA,"MCAP",NA,"0",NA,NA,"45","EM","NA",0,NA,0,NA,0,"BLE",0,0,"NA",0,0,NA,0,0,0.166438248
"226","187"," ",2019,"SE1902","-   NA"," ","5",2.5,1,NA,"PCOM",NA,"0",NA,NA,"0","KN","NA",0,NA,0,NA,0,"NA",0,0,"NA",0,0,NA,0,0,0.06337894
"227","188"," ",2019,"SE1902","-   NA"," ","5",1,1,NA,"POSP",NA,"-1",NA,NA,"0","MD","NA",0,NA,0,NA,0,"NA",0,0,"NA",0,0,NA,0,0,0.028468228
"228","189"," ",2019,"SE1902","-   NA"," ","5",1,1,NA,"POSP",NA,"-1",NA,NA,"0","EM","NA",0,NA,0,NA,0,"NA",0,0,"NA",0,0,NA,0,0,0.021220038
"229","190"," ",2019,"SE1902","-   NA"," ","5",2.5,1,NA,"MCAP",NA,"0",NA,NA,"5","EM","NA",0,NA,0,NA,0,"NA",0,0,"NA",0,0,NA,0,0,0.165093731
"230","191"," ",2019,"SE1902","-   NA"," ","5",2.5,1,NA,"PLOB",NA,"0",NA,NA,"5","MD","NA",0,NA,0,NA,0,"BLE",100,2,"NA",0,0,NA,0,0,0.154617366
"231","192"," ",2019,"SE1902","-   NA"," ","5",2.5,1,NA,"PLOB",NA,"0",NA,NA,"10","MD","NA",0,NA,0,NA,0,"NA",0,0,"NA",0,0,NA,0,0,0.267498057
"232","193"," ",2019,"SE1902","-   NA"," ","5",2.5,1,NA,"MCAP",NA,"0",NA,NA,"75","EM","NA",0,NA,0,NA,0,"NA",0,0,"NA",0,0,NA,0,0,0.495736461
"233","194"," ",2019,"SE1902","-   NA"," ","5",2.5,1,NA,"PLOB",NA,"0",NA,NA,"5","MD","NA",0,NA,0,NA,0,"NA",0,0,"NA",0,0,NA,0,0,0.11539714
"234","195"," ",2019,"SE1902","-   NA"," ","5",1,1,NA,"MCAP",NA,"-1",NA,NA,"0","MD","NA",0,NA,0,NA,0,"NA",0,0,"NA",0,0,NA,0,0,0.027513815
"235","196"," ",2019,"SE1902","-   NA"," ","5",2.5,1,NA,"PLOB",NA,"0",NA,NA,"30","MD","NA",0,NA,0,NA,0,"NA",0,0,"NA",0,0,NA,0,0,0.241947805
"236","197"," ",2019,"SE1902","-   NA"," ","5",2.5,1,NA,"MCAP",NA,"0",NA,NA,"20","EM","NA",0,NA,0,NA,0,"NA",0,0,"NA",0,0,NA,0,0,0.861491573
"237","198"," ",2019,"SE1902","-   NA"," ","5",2.5,1,NA,"MPAT",NA,"0",NA,NA,"30","EM","NA",0,NA,0,NA,0,"NA",0,0,"NA",0,0,NA,0,0,0.106804962
"238","199"," ",2019,"SE1902","-   NA"," ","5",2.5,1,NA,"MPAT",NA,"0",NA,NA,"45","EM","NA",0,NA,0,NA,0,"NA",0,0,"NA",0,0,NA,0,0,0.169689865
"239","200"," ",2019,"SE1902","-   NA"," ","5",2.5,1,NA,"PMEA",NA,"0",NA,NA,"0","BR","NA",0,NA,0,NA,0,"NA",0,0,"NA",0,0,NA,0,0,0.286826863
"240","201"," ",2019,"SE1902","-   NA"," ","5",2.5,1,NA,"MCAP",NA,"0",NA,NA,"35","EM","NA",0,NA,0,NA,0,"NA",0,0,"NA",0,0,NA,0,0,0.143498886
"241","202"," ",2019,"SE1902","-   NA"," ","5",2.5,1,NA,"MPAT",NA,"0",NA,NA,"10","EM","NA",0,NA,0,NA,0,"NA",0,0,"NA",0,0,NA,0,0,0.071380179
"242","203"," ",2019,"SE1902","-   NA"," ","5",1,1,NA,"POSP",NA,"-1",NA,NA,"0","EM","NA",0,NA,0,NA,0,"NA",0,0,"NA",0,0,NA,0,0,0.027080066
"243","204"," ",2019,"SE1902","-   NA"," ","5",2.5,1,NA,"POSP",NA,"0",NA,NA,"50","MD","NA",0,NA,0,NA,0,"NA",0,0,"NA",0,0,NA,0,0,0.0584953
"244","205"," ",2019,"SE1902","-   NA"," ","5",2.5,1,NA,"MPAT",NA,"0",NA,NA,"70","EM","NA",0,NA,0,NA,0,"NA",0,0,"NA",0,0,NA,0,0,0.297673144
"245","206"," ",2019,"SE1902","-   NA"," ","5",1,1,NA,"POSP",NA,"-1",NA,NA,"0","MD","NA",0,NA,0,NA,0,"NA",0,0,"NA",0,0,NA,0,0,0.028208156
"246","207"," ",2019,"SE1902","-   NA"," ","5",1,1,NA,"POSP",NA,"-1",NA,NA,"0","EM","NA",0,NA,0,NA,0,"NA",0,0,"NA",0,0,NA,0,0,0.021151832
"247","208"," ",2019,"SE1902","-   NA"," ","5",1,1,NA,"POSP",NA,"-1",NA,NA,"0","EM","NA",0,NA,0,NA,0,"NA",0,0,"NA",0,0,NA,0,0,0.030041638
"248","209"," ",2019,"SE1902","-   NA"," ","5",2.5,1,NA,"MCAP",NA,"0",NA,NA,"20","EM","NA",0,NA,0,NA,0,"NA",0,0,"NA",0,0,NA,0,0,0.28740442
"249","210"," ",2019,"SE1902","-   NA"," ","5",2.5,1,NA,"MCAP",NA,"0",NA,NA,"60","EM","NA",0,NA,0,NA,0,"BLE",100,2,"NA",0,0,NA,0,0,0.444879175
"250","211"," ",2019,"SE1902","-   NA"," ","5",2.5,1,NA,"MCAP",NA,"0",NA,NA,"30","EM","NA",0,NA,0,NA,0,"NA",0,0,"NA",0,0,NA,0,0,0.13040786
"251","212"," ",2019,"SE1902","-   NA"," ","10",2.5,1,NA,"PMEA",NA,"0",NA,NA,"0","KN","NA",0,NA,0,NA,0,"BLE",100,1,"NA",0,0,NA,0,0,0.067244701
"252","213"," ",2019,"SE1902","-   NA"," ","10",1,1,NA,"MPAT",NA,"-1",NA,NA,"0","EM","NA",0,NA,0,NA,0,"NA",0,0,"NA",0,0,NA,0,0,0.037778564
"253","214"," ",2019,"SE1902","-   NA"," ","10",1,1,NA,"MCAP",NA,"-1",NA,NA,"0","EM","NA",0,NA,0,NA,0,"NA",0,0,"NA",0,0,NA,0,0,0.016546904
"254","215"," ",2019,"SE1902","-   NA"," ","10",2.5,1,NA,"PLOB",NA,"0",NA,NA,"1","MD","NA",0,NA,0,NA,0,"NA",0,0,"NA",0,0,NA,0,0,0.145224826
"255","216"," ",2019,"SE1902","-   NA"," ","10",1,1,NA,"MPAT",NA,"-1",NA,NA,"0","EM","NA",0,NA,0,NA,0,"NA",0,0,"NA",0,0,NA,0,0,0.027309522
"256","217"," ",2019,"SE1902","-   NA"," ","10",2.5,1,NA,"PLOB",NA,"0",NA,NA,"40","MD","NA",0,NA,0,NA,0,"ALG",1,0,"NA",0,0,NA,0,0,0.177162778
"257","218"," ",2019,"SE1902","-   NA"," ","10",2.5,1,NA,"PLOB",NA,"0",NA,NA,"30","MD","NA",0,NA,0,NA,0,"SGA",2,0,"NA",0,0,NA,0,0,0.346834975
"258","219"," ",2019,"SE1902","-   NA"," ","10",2.5,1,NA,"PLOB",NA,"0",NA,NA,"20","MD","NA",0,NA,0,NA,0,"ALG",1,0,"NA",0,0,NA,0,0,0.161240318
"259","220"," ",2019,"SE1902","-   NA"," ","10",2.5,1,NA,"MPAT",NA,"0",NA,NA,"30","EM","NA",0,NA,0,NA,0,"NA",0,0,"NA",0,0,NA,0,0,0.077358193
"260","221"," ",2019,"SE1902","-   NA"," ","10",2.5,1,NA,"MPAT",NA,"0",NA,NA,"5","EM","NA",0,NA,0,NA,0,"NA",0,0,"NA",0,0,NA,0,0,0.059892319
"261","222"," ",2019,"SE1902","-   NA"," ","10",1,1,NA,"MPAT",NA,"-1",NA,NA,"0","EM","NA",0,NA,0,NA,0,"NA",0,0,"NA",0,0,NA,0,0,0.02544838
"262","223"," ",2019,"SE1902","-   NA"," ","10",1,1,NA,"MPAT",NA,"-1",NA,NA,"0","EM","NA",0,NA,0,NA,0,"NA",0,0,"NA",0,0,NA,0,0,0.028714108
"263","224"," ",2019,"SE1902","-   NA"," ","10",1,1,NA,"MPAT",NA,"-1",NA,NA,"0","EM","NA",0,NA,0,NA,0,"NA",0,0,"NA",0,0,NA,0,0,0.030549141
"264","225"," ",2019,"SE1902","-   NA"," ","10",1,1,NA,"MPAT",NA,"-1",NA,NA,"0","EM","NA",0,NA,0,NA,0,"NA",0,0,"NA",0,0,NA,0,0,0.018448035
"265","226"," ",2019,"SE1902","-   NA"," ","10",1,1,NA,"MOSP",NA,"-1",NA,NA,"0","EM","NA",0,NA,0,NA,0,"NA",0,0,"NA",0,0,NA,0,0,0.01334054
"266","227"," ",2019,"SE1902","-   NA"," ","10",1,1,NA,"PLOB",NA,"-1",NA,NA,"0","MD","NA",0,NA,0,NA,0,"NA",0,0,"NA",0,0,NA,0,0,0.016112417
"267","228"," ",2019,"SE1902","-   NA"," ","10",1,1,NA,"PLOB",NA,"-1",NA,NA,"0","MD","NA",0,NA,0,NA,0,"NA",0,0,"NA",0,0,NA,0,0,0.022949074
"268","229"," ",2019,"SE1902","-   NA"," ","10",1,1,NA,"PMEA",NA,"-1",NA,NA,"0","MD","NA",0,NA,0,NA,0,"NA",0,0,"NA",0,0,NA,0,0,0.028460849
"269","230"," ",2019,"SE1902","-   NA"," ","10",1,1,NA,"POSP",NA,"-1",NA,NA,"0","MD","NA",0,NA,0,NA,0,"NA",0,0,"NA",0,0,NA,0,0,0.026482069
"270","231"," ",2019,"SE1902","-   NA"," ","10",2.5,1,NA,"PMEA",NA,"0",NA,NA,"0","MD","NA",0,NA,0,NA,0,"BLE",100,2,"NA",0,0,NA,0,0,0.053813103
"271","232"," ",2019,"SE1902","-   NA"," ","10",1,1,NA,"MPAT",NA,"-1",NA,NA,"0","EM","NA",0,NA,0,NA,0,"NA",0,0,"NA",0,0,NA,0,0,0.045053746
"272","233"," ",2019,"SE1902","-   NA"," ","10",2.5,1,NA,"MPAT",NA,"0",NA,NA,"5","EM","NA",0,NA,0,NA,0,"NA",0,0,"NA",0,0,NA,0,0,0.057137116
"273","234"," ",2019,"SE1902","-   NA"," ","10",2.5,1,NA,"MOSP",NA,"0",NA,NA,"5","EM","NA",0,NA,0,NA,0,"NA",0,0,"NA",0,0,NA,0,0,0.072224372
"274","235"," ",2019,"SE1902","-   NA"," ","10",2.5,1,NA,"MCAP",NA,"0",NA,NA,"60","EM","NA",0,NA,0,NA,0,"BLE",100,2,"NA",0,0,NA,0,0,0.085329772
"275","236"," ",2019,"SE1902","-   NA"," ","10",2.5,1,NA,"MPAT",NA,"0",NA,NA,"80","EM","NA",0,NA,0,NA,0,"NA",0,0,"NA",0,0,NA,0,0,0.151635912
"276","237"," ",2019,"SE1902","-   NA"," ","10",2.5,1,NA,"MCAP",NA,"0",NA,NA,"75","EM","NA",0,NA,0,NA,0,"NA",0,0,"NA",0,0,NA,0,0,0.330388331
"277","238"," ",2019,"SE1902","-   NA"," ","10",2.5,1,NA,"MFLA",NA,"0",NA,NA,"20","EM","NA",0,NA,0,NA,0,"BLE",100,2,"NA",0,0,NA,0,0,0.1089426
"278","239"," ",2019,"SE1902","-   NA"," ","10",2.5,1,NA,"MPAT",NA,"0",NA,NA,"40","EM","NA",0,NA,0,NA,0,"BLE",90,2,"NA",0,0,NA,0,0,0.075673312
"279","240"," ",2019,"SE1902","-   NA"," ","10",2.5,1,NA,"MPAT",NA,"0",NA,NA,"30","EM","NA",0,NA,0,NA,0,"BLE",90,2,"NA",0,0,NA,0,0,0.088727222
"280","241"," ",2019,"SE1902","-   NA"," ","10",2.5,1,NA,"PLOB",NA,"0",NA,NA,"5","EM","NA",0,NA,0,NA,0,"NA",0,0,"NA",0,0,NA,0,0,0.220374409
"281","242"," ",2019,"SE1902","-   NA"," ","10",2.5,1,NA,"MCAP",NA,"0",NA,NA,"20","EM","NA",0,NA,0,NA,0,"NA",0,0,"NA",0,0,NA,0,0,0.202220795
"282","243"," ",2019,"SE1902","-   NA"," ","10",2.5,1,NA,"PLOB",NA,"0",NA,NA,"60","MD","NA",0,NA,0,NA,0,"NA",0,0,"NA",0,0,NA,0,0,0.31795171
"283","244"," ",2019,"SE1902","-   NA"," ","10",2.5,1,NA,"PMEA",NA,"0",NA,NA,"0","KN","NA",0,NA,0,NA,0,"NA",0,0,"NA",0,0,NA,0,0,0.054204151
"284","245"," ",2019,"SE1902","-   NA"," ","10",2.5,1,NA,"MPAT",NA,"0",NA,NA,"25","EM","NA",0,NA,0,NA,0,"ALG",5,0,"NA",0,0,NA,0,0,0.270798615
"285","246"," ",2019,"SE1902","-   NA"," ","10",2.5,1,NA,"PLOB",NA,"0",NA,NA,"95","MD","NA",0,NA,0,NA,0,"NA",0,0,"NA",0,0,NA,0,0,0.19197104
"286","247"," ",2019,"SE1902","-   NA"," ","10",2.5,1,NA,"PMEA",NA,"0",NA,NA,"0","BR","NA",0,NA,0,NA,0,"NA",0,0,"NA",0,0,NA,0,0,0.290904382
"287","248"," ",2019,"SE1902","-   NA"," ","10",2.5,1,NA,"PMEA",NA,"0",NA,NA,"0","KN","NA",0,NA,0,NA,0,"NA",0,0,"NA",0,0,NA,0,0,0.06048289
"288","249"," ",2019,"SE1902","-   NA"," ","10",2.5,1,NA,"PMEA",NA,"0",NA,NA,"0","KN","NA",0,NA,0,NA,0,"BLE",100,3,"NA",0,0,NA,0,0,0.062229978
"289","250"," ",2019,"SE1902","-   NA"," ","10",2.5,1,NA,"PLOB",NA,"0",NA,NA,"70","MD","NA",0,NA,0,NA,0,"ALG",2,0,"NA",0,0,NA,0,0,0.256360312
"290","251"," ",2019,"SE1902","-   NA"," ","10",2.5,1,NA,"PMEA",NA,"0",NA,NA,"0","BR","NA",0,NA,0,NA,0,"NA",0,0,"NA",0,0,NA,0,0,0.2448765
"291","252"," ",2019,"SE1902","-   NA"," ","15",2.5,1,NA,"PLOB",NA,"0",NA,NA,"70","MD","NA",0,NA,0,NA,0,"NA",0,0,"NA",0,0,NA,0,0,0.21422012
"292","253"," ",2019,"SE1902","-   NA"," ","15",2.5,1,NA,"PLOB",NA,"0",NA,NA,"10","EM","NA",0,NA,0,NA,0,"NA",0,0,"NA",0,0,NA,0,0,0.070542611
"293","254"," ",2019,"SE1902","-   NA"," ","15",2.5,1,NA,"MCAP",NA,"0",NA,NA,"65","EM","NA",0,NA,0,NA,0,"NA",0,0,"NA",0,0,NA,0,0,0.318799655
"294","255"," ",2019,"SE1902","-   NA"," ","15",2.5,1,NA,"PLOB",NA,"0",NA,NA,"75","MD","NA",0,NA,0,NA,0,"NA",0,0,"NA",0,0,NA,0,0,0.125457324
"295","256"," ",2019,"SE1902","-   NA"," ","15",2.5,1,NA,"PLOB",NA,"0",NA,NA,"15","EM","NA",0,NA,0,NA,0,"NA",0,0,"NA",0,0,NA,0,0,0.067721266
"296","257"," ",2019,"SE1902","-   NA"," ","15",2.5,1,NA,"MPAT",NA,"0",NA,NA,"35","EM","NA",0,NA,0,NA,0,"NA",0,0,"NA",0,0,NA,0,0,0.097004793
"297","258"," ",2019,"SE1902","-   NA"," ","15",2.5,1,NA,"MPAT",NA,"0",NA,NA,"70","EM","NA",0,NA,0,NA,0,"BLE",50,2,"NA",0,0,NA,0,0,0.094397564
"298","259"," ",2019,"SE1902","-   NA"," ","15",2.5,1,NA,"PLOB",NA,"0",NA,NA,"60","MD","NA",0,NA,0,NA,0,"ALG",2,0,"NA",0,0,NA,0,0,0.263871655
"299","260"," ",2019,"SE1902","-   NA"," ","15",2.5,1,NA,"PLOB",NA,"0",NA,NA,"15","MD","NA",0,NA,0,NA,0,"BLE",100,2,"ALG",1,0,NA,0,0,0.133877631
"300","261"," ",2019,"SE1902","-   NA"," ","15",2.5,1,NA,"PLOB",NA,"0",NA,NA,"0","EM","NA",0,NA,0,NA,0,"NA",0,0,"NA",0,0,NA,0,0,0.087397254
"301","262"," ",2019,"SE1902","-   NA"," ","15",2.5,1,NA,"MPAT",NA,"0",NA,NA,"10","EM","NA",0,NA,0,NA,0,"NA",0,0,"NA",0,0,NA,0,0,0.191906488
"302","263"," ",2019,"SE1902","-   NA"," ","15",2.5,1,NA,"PLOB",NA,"0",NA,NA,"0","MD","NA",0,NA,0,NA,0,"NA",0,0,"NA",0,0,NA,0,0,0.051792276
"303","264"," ",2019,"SE1902","-   NA"," ","15",2.5,1,NA,"MPAT",NA,"0",NA,NA,"50","EM","NA",0,NA,0,NA,0,"NA",0,0,"NA",0,0,NA,0,0,0.141444866
"304","265"," ",2019,"SE1902","-   NA"," ","15",2.5,1,NA,"PLOB",NA,"0",NA,NA,"0","MD","NA",0,NA,0,NA,0,"NA",0,0,"NA",0,0,NA,0,0,0.077926953
"305","266"," ",2019,"SE1902","-   NA"," ","15",2.5,1,NA,"PLOB",NA,"0",NA,NA,"0","MD","NA",0,NA,0,NA,0,"NA",0,0,"NA",0,0,NA,0,0,0.050812695
"306","267"," ",2019,"SE1902","-   NA"," ","15",2.5,1,NA,"PLOB",NA,"0",NA,NA,"20","MD","PRED",0,NA,0,NA,0,"NA",0,0,"NA",0,0,NA,0,0,0.1089426
"307","268"," ",2019,"SE1902","-   NA"," ","15",2.5,1,NA,"PLOB",NA,"0",NA,NA,"35","MD","NA",0,NA,0,NA,0,"ALG",5,0,"SGA",2,0,NA,0,0,0.181522947
"308","269"," ",2019,"SE1902","-   NA"," ","15",2.5,1,NA,"PLOB",NA,"0",NA,NA,"0","EM","NA",0,NA,0,NA,0,"BLE",100,2,"ALG",1,0,NA,0,0,0.057286822
"309","270"," ",2019,"SE1902","-   NA"," ","15",2.5,1,NA,"PLOB",NA,"0",NA,NA,"5","EM","NA",0,NA,0,NA,0,"NA",0,0,"NA",0,0,NA,0,0,0.067006344
"310","271"," ",2019,"SE1902","-   NA"," ","15",2.5,1,NA,"PLOB",NA,"0",NA,NA,"45","MD","NA",0,NA,0,NA,0,"SGA",2,0,"NA",0,0,NA,0,0,0.217168251
"311","272"," ",2019,"SE1902","-   NA"," ","15",2.5,1,NA,"PLOB",NA,"0",NA,NA,"0","MD","NA",0,NA,0,NA,0,"SGA",1,0,"NA",0,0,NA,0,0,0.111510761
"312","273"," ",2019,"SE1902","-   NA"," ","15",2.5,1,NA,"PLOB",NA,"0",NA,NA,"0","EM","NA",0,NA,0,NA,0,"NA",0,0,"NA",0,0,NA,0,0,0.112493556
"313","274"," ",2019,"SE1902","-   NA"," ","15",2.5,1,NA,"MPAT",NA,"0",NA,NA,"80","EM","NA",0,NA,0,NA,0,"NA",0,0,"NA",0,0,NA,0,0,0.452409737
"314","275"," ",2019,"SE1902","-   NA"," ","15",2.5,1,NA,"PLOB",NA,"0",NA,NA,"20","MD","TLS",2,NA,0,NA,0,"PRS",1,0,"NA",0,0,NA,0,0,0.3142499
"315","276"," ",2019,"SE1902","-   NA"," ","15",2.5,1,NA,"PLOB",NA,"0",NA,NA,"0","MD","NA",0,NA,0,NA,0,"NA",0,0,"NA",0,0,NA,0,0,0.135069056
"316","277"," ",2019,"SE1902","-   NA"," ","15",2.5,1,NA,"MCAP",NA,"0",NA,NA,"10","EM","NA",0,NA,0,NA,0,"NA",0,0,"NA",0,0,NA,0,0,0.062553099
"317","278"," ",2019,"SE1902","-   NA"," ","15",2.5,1,NA,"PLOB",NA,"0",NA,NA,"30","MD","NA",0,NA,0,NA,0,"NA",0,0,"NA",0,0,NA,0,0,0.112116057
"318","279"," ",2019,"SE1902","-   NA"," ","15",2.5,1,NA,"PLOB",NA,"0",NA,NA,"25","MD","NA",0,NA,0,NA,0,"ALG",1,0,"NA",0,0,NA,0,0,0.19113108
"319","280"," ",2019,"SE1902","-   NA"," ","15",2.5,1,NA,"PLOB",NA,"0",NA,NA,"2","MD","NA",0,NA,0,NA,0,"NA",0,0,"NA",0,0,NA,0,0,0.088106865
"320","281"," ",2019,"SE1902","-   NA"," ","15",2.5,1,NA,"MPAT",NA,"0",NA,NA,"25","EM","NA",0,NA,0,NA,0,"ALG",5,0,"NA",0,0,NA,0,0,0.167776042
"321","282"," ",2019,"SE1902","-   NA"," ","15",2.5,1,NA,"MOSP",NA,"0",NA,NA,"0","EM","NA",0,NA,0,NA,0,"NA",0,0,"NA",0,0,NA,0,0,0.119026257
"322","283"," ",2019,"SE1902","-   NA"," ","15",2.5,1,NA,"PLOB",NA,"0",NA,NA,"35","MD","NA",0,NA,0,NA,0,"NA",0,0,"NA",0,0,NA,0,0,0.350132446
"323","284"," ",2019,"SE1902","-   NA"," ","15",2.5,1,NA,"MCAP",NA,"0",NA,NA,"10","EM","NA",0,NA,0,NA,0,"NA",0,0,"NA",0,0,NA,0,0,0.19122913
"324","285"," ",2019,"SE1902","-   NA"," ","15",2.5,1,NA,"MCAP",NA,"0",NA,NA,"0","EM","NA",0,NA,0,NA,0,"NA",0,0,"NA",0,0,NA,0,0,0.08184131
"325","987","MA",2019,"SE1902","NA-   NA","",NA,NA,NA,"0","",NA,NA,NA,NA,"","","NA",NA,"NA",NA,NA,NA,"NA",NA,NA,"NA",NA,NA,NA,NA,NA,NA
"326","MA""","2019",2019,"SE1902","A-   NA","0","2.5",1,0,"0","0","0","0","0","0","MD"," ","NA",NA,"NA",NA,"NA",NA,"NA",0,NA,"NA",0,NA,"NA",0,0.056772001,NA
"327","13","MSL",2019,"SE1902","HAW-03451","A","5",1,1,NA," ",NA,"0","0","0","0"," ","NA",0,"NA",0,NA,0,"NA",0,0,"NA",0,0,"NA",0,0,0.0042
"328","16","MSL",2019,"SE1902","HAW-03451","A","10",1,1,NA," ",NA,"0","0","0","0"," ","NA",0,"NA",0,NA,0,"NA",0,0,"NA",0,0,"NA",0,0,0.001700001
"329","281","MSL",2019,"SE1902","LAN-01768","A","5",1,1,NA," ",NA,"0","0","0","0"," ","NA",0,"NA",0,NA,0,"NA",0,0,"NA",0,0,"NA",0,0,0.001
"330","348","MSL",2019,"SE1902","LAN-01816","A","0",1,1,NA," ",NA,"0","0","0","0"," ","NA",0,"NA",0,NA,0,"NA",0,0,"NA",0,0,"NA",0,0,0.0011
"331","370","MSL",2019,"SE1902","LAN-01816","A","5",1,1,NA," ",NA,"0","0","0","0"," ","NA",0,"NA",0,NA,0,"NA",0,0,"NA",0,0,"NA",0,0,0.0011
"332","402","MSL",2019,"SE1902","LAN-01816","A","10",1,1,NA," ",NA,"0","0","0","0"," ","NA",0,"NA",0,NA,0,"NA",0,0,"NA",0,0,"NA",0,0,0.0013
"333","427","MSL",2019,"SE1902","LAN-01816","A","15",1,1,NA," ",NA,"0","0","0","0"," ","NA",0,"NA",0,NA,0,"NA",0,0,"NA",0,0,"NA",0,0,0.001208305
"334","466","MSL",2019,"SE1902","LAN-01829","A","10",1,1,NA," ",NA,"0","0","0","0"," ","NA",0,"NA",0,NA,0,"NA",0,0,"NA",0,0,"NA",0,0,0.003801315
"335","474","MSL",2019,"SE1902","LAN-01829","A","5",1,1,NA," ",NA,"0","0","0","0"," ","NA",0,"NA",0,NA,0,"NA",0,0,"NA",0,0,"NA",0,0,0.0064
"336","771","MSL",2019,"SE1902","MAI-02543","A","0",1,1,NA," ",NA,"0","0","0","0"," ","NA",0,"NA",0,NA,0,"NA",0,0,"NA",0,0,"NA",0,0,0.001
"337","913","MSL",2019,"SE1902","MOL-02283","A","15",1,1,NA," ",NA,"-1","0","0","0"," ","NA",0,"NA",0,NA,0,"NA",0,0,"NA",0,0,"NA",0,0,0.002823119
"338","914","MSL",2019,"SE1902","MOL-02283","A","10",1,1,NA," ",NA,"0","0","0","0"," ","NA",0,"NA",0,NA,0,"NA",0,0,"NA",0,0,"NA",0,0,0.001486606
"339","400","RS",2019,"SE1902","MOL-02263","A","15",2.5,1,"0"," ",NA,"0",NA,NA,"0"," ","NA",0,NA,0,NA,0,"NA",0,0,"NA",0,0,NA,0,0,0.249030641
"340","273","MSL",2019,"SE1902","LAN-01768","A","0",1,1,NA,"PCOM",NA,"0","0","0","0"," ","NA",0,"NA",0,NA,0,"NA",0,0,"NA",0,0,"NA",0,0,0.0063
"341","280","MSL",2019,"SE1902","LAN-01768","A","5",2.5,1,NA,"PCOM","-1","0","0","0","0"," ","NA",0,"NA",0,NA,0,"NA",0,0,"NA",0,0,"NA",0,0,0.003744329
"342","546","MSL",2019,"SE1902","MAI-02489","A","0",2.5,1,NA,"PCOM","-1","0","0","0","0"," ","NA",0,"NA",0,NA,0,"NA",0,0,"NA",0,0,"NA",0,0,0.0025
"343","593","MSL",2019,"SE1902","MAI-02489","A","10",2.5,1,NA,"PCOM","-1","0","0","0","0"," ","NA",0,"NA",0,NA,0,"NA",0,0,"NA",0,0,"NA",0,0,0.0034
"344","594","MSL",2019,"SE1902","MAI-02489","A","15",2.5,1,NA,"PCOM","-1","0","0","0","0"," ","NA",0,"NA",0,NA,0,"NA",0,0,"NA",0,0,"NA",0,0,0.001700001
"345","214","AH",2019,"SE1902","HAW-04300","A","0",2.5,1,NA,"PLUT",NA,NA,NA,NA,"0"," ","NA",0,"NA",0,NA,0,"NA",0,0,"NA",0,0,"NA",0,0,0.14800223
"346","265","AH",2019,"SE1902","HAW-04300","A","5",1,1,NA,"POSP",NA,"-1",NA,NA,"0"," ","NA",0,"NA",0,NA,0,"NA",0,0,"NA",0,0,"NA",0,0,0.027846903
