REGION,ISLAND,SEC_NAME,REEF_ZONE,DEPTH_BIN,AREA_HA,NH,BENTHIC_BASIC,SAMOA_CLIMATE,BENTHIC_2018,NWHI_all_years,MHI_2013,MHI_2016,MHI_2019,Guam_CNMI_2014,Guam_CNMI_2018,Samoa_2015,Samoa_2018,PRIAs_2014,PRIAs_2017,PRIAs_2015,PRIAs_2018
MARIAN,Agrihan,Agrihan,Forereef,Deep,455.6356862,1823,AGR_OPEN,NOT,Agrihan,NA,NA,NA,NA,Agrihan,Agrihan,NA,NA,NA,NA,NA,NA
MARIAN,Agrihan,Agrihan,Forereef,Mid,51.8014133,207,AGR_OPEN,NOT,Agrihan,NA,NA,NA,NA,Agrihan,Agrihan,NA,NA,NA,NA,NA,NA
MARIAN,Agrihan,Agrihan,Forereef,Shallow,343.1901754,1373,AGR_OPEN,NOT,Agrihan,NA,NA,NA,NA,Agrihan,Agrihan,NA,NA,NA,NA,NA,NA
MARIAN,Aguijan,Aguijan,Forereef,Deep,119.2887963,477,AGU_OPEN,NOT,Aguijan,NA,NA,NA,NA,Aguijan,Aguijan,NA,NA,NA,NA,NA,NA
MARIAN,Aguijan,Aguijan,Forereef,Mid,129.0007981,516,AGU_OPEN,NOT,Aguijan,NA,NA,NA,NA,Aguijan,Aguijan,NA,NA,NA,NA,NA,NA
MARIAN,Aguijan,Aguijan,Forereef,Shallow,157.3007294,629,AGU_OPEN,NOT,Aguijan,NA,NA,NA,NA,Aguijan,Aguijan,NA,NA,NA,NA,NA,NA
MARIAN,Alamagan,Alamagan,Forereef,Deep,112.8532954,451,ALA_OPEN,NOT,Alamagan,NA,NA,NA,NA,AGS,AGS,NA,NA,NA,NA,NA,NA
MARIAN,Alamagan,Alamagan,Forereef,Mid,162.4144779,650,ALA_OPEN,NOT,Alamagan,NA,NA,NA,NA,AGS,AGS,NA,NA,NA,NA,NA,NA
MARIAN,Alamagan,Alamagan,Forereef,Shallow,71.071876,284,ALA_OPEN,NOT,Alamagan,NA,NA,NA,NA,AGS,AGS,NA,NA,NA,NA,NA,NA
MARIAN,Asuncion,Asuncion,Forereef,Deep,64.03633046,256,ASC_MTMM,NOT,Asuncion,NA,NA,NA,NA,Asuncion,Asuncion,NA,NA,NA,NA,NA,NA
MARIAN,Asuncion,Asuncion,Forereef,Mid,130.7967187,523,ASC_MTMM,NOT,Asuncion,NA,NA,NA,NA,Asuncion,Asuncion,NA,NA,NA,NA,NA,NA
MARIAN,Asuncion,Asuncion,Forereef,Shallow,53.77229254,215,ASC_MTMM,NOT,Asuncion,NA,NA,NA,NA,Asuncion,Asuncion,NA,NA,NA,NA,NA,NA
MARIAN,Farallon de Pajaros,Farallon de Pajaros,Forereef,Deep,36.860822,147,FDP_MTMM,NOT,Farallon de Pajaros,NA,NA,NA,NA,Farallon de Pajaros,Farallon de Pajaros,NA,NA,NA,NA,NA,NA
MARIAN,Farallon de Pajaros,Farallon de Pajaros,Forereef,Mid,68.68271,275,FDP_MTMM,NOT,Farallon de Pajaros,NA,NA,NA,NA,Farallon de Pajaros,Farallon de Pajaros,NA,NA,NA,NA,NA,NA
MARIAN,Farallon de Pajaros,Farallon de Pajaros,Forereef,Shallow,32.916547,132,FDP_MTMM,NOT,Farallon de Pajaros,NA,NA,NA,NA,Farallon de Pajaros,Farallon de Pajaros,NA,NA,NA,NA,NA,NA
MARIAN,Guam,GUA_ACHANG,Forereef,Deep,13.75,55,GUA_EAST_ACHG,NOT,GUA_ACHANG,NA,NA,NA,NA,GUAEAALL,GUAEAALL,NA,NA,NA,NA,NA,NA
MARIAN,Guam,GUA_ACHANG,Forereef,Mid,59.25,237,GUA_EAST_ACHG,NOT,GUA_ACHANG,NA,NA,NA,NA,GUAEAALL,GUAEAALL,NA,NA,NA,NA,NA,NA
MARIAN,Guam,GUA_ACHANG,Forereef,Shallow,33.25,133,GUA_EAST_ACHG,NOT,GUA_ACHANG,NA,NA,NA,NA,GUAEAALL,GUAEAALL,NA,NA,NA,NA,NA,NA
MARIAN,Guam,GUA_EAST_OPEN,Forereef,Deep,664.5,2658,GUA_EAST_OPEN,NOT,GUA_EAST_OPEN,NA,NA,NA,NA,GUAEAALL,GUAEAALL,NA,NA,NA,NA,NA,NA
MARIAN,Guam,GUA_EAST_OPEN,Forereef,Mid,1027.25,4109,GUA_EAST_OPEN,NOT,GUA_EAST_OPEN,NA,NA,NA,NA,GUAEAALL,GUAEAALL,NA,NA,NA,NA,NA,NA
MARIAN,Guam,GUA_EAST_OPEN,Forereef,Shallow,421.5,1686,GUA_EAST_OPEN,NOT,GUA_EAST_OPEN,NA,NA,NA,NA,GUAEAALL,GUAEAALL,NA,NA,NA,NA,NA,NA
MARIAN,Guam,GUA_HARBOR,Forereef,Deep,3.81,15,GUA_HAR_WEST_OPEN,NOT,GUA_HARBOR,NA,NA,NA,NA,NA,NA,NA,NA,NA,NA,NA,NA
MARIAN,Guam,GUA_HARBOR,Forereef,Mid,38.29,153,GUA_HAR_WEST_OPEN,NOT,GUA_HARBOR,NA,NA,NA,NA,NA,NA,NA,NA,NA,NA,NA,NA
MARIAN,Guam,GUA_HARBOR,Forereef,Shallow,95.17,381,GUA_HAR_WEST_OPEN,NOT,GUA_HARBOR,NA,NA,NA,NA,NA,NA,NA,NA,NA,NA,NA,NA
MARIAN,Guam,GUA_WEST_OPEN,Forereef,Deep,438.75,1755,GUA_WEST_OPEN,NOT,GUA_WEST_OPEN,NA,NA,NA,NA,GUAWEALL,GUAWEALL,NA,NA,NA,NA,NA,NA
MARIAN,Guam,GUA_WEST_OPEN,Forereef,Mid,1035,4140,GUA_WEST_OPEN,NOT,GUA_WEST_OPEN,NA,NA,NA,NA,GUAWEALL,GUAWEALL,NA,NA,NA,NA,NA,NA
MARIAN,Guam,GUA_WEST_OPEN,Forereef,Shallow,756.5,3026,GUA_WEST_OPEN,NOT,GUA_WEST_OPEN,NA,NA,NA,NA,GUAWEALL,GUAWEALL,NA,NA,NA,NA,NA,NA
MARIAN,Guam,GUA_PATI_POINT,Forereef,Deep,155.25,621,GUA_EAST_PATI,NOT,GUA_PATI_POINT,NA,NA,NA,NA,GUAEAALL,GUAEAALL,NA,NA,NA,NA,NA,NA
MARIAN,Guam,GUA_PATI_POINT,Forereef,Mid,159,636,GUA_EAST_PATI,NOT,GUA_PATI_POINT,NA,NA,NA,NA,GUAEAALL,GUAEAALL,NA,NA,NA,NA,NA,NA
MARIAN,Guam,GUA_PATI_POINT,Forereef,Shallow,36.25,145,GUA_EAST_PATI,NOT,GUA_PATI_POINT,NA,NA,NA,NA,GUAEAALL,GUAEAALL,NA,NA,NA,NA,NA,NA
MARIAN,Guam,GUA_PITI_BOMB,Forereef,Deep,18.5,74,GUA_WEST_PITI,NOT,GUA_PITI_BOMB,NA,NA,NA,NA,GUAWEALL,NA,NA,NA,NA,NA,NA,NA
MARIAN,Guam,GUA_PITI_BOMB,Forereef,Mid,40.25,161,GUA_WEST_PITI,NOT,GUA_PITI_BOMB,NA,NA,NA,NA,GUAWEALL,NA,NA,NA,NA,NA,NA,NA
MARIAN,Guam,GUA_PITI_BOMB,Forereef,Shallow,23.5,94,GUA_WEST_PITI,NOT,GUA_PITI_BOMB,NA,NA,NA,NA,GUAWEALL,NA,NA,NA,NA,NA,NA,NA
MARIAN,Guam,GUA_SASA_BAY,Forereef,Mid,2.54,10,GUA_HAR_WEST_SASA,NOT,GUA_SASA_BAY,NA,NA,NA,NA,NA,NA,NA,NA,NA,NA,NA,NA
MARIAN,Guam,GUA_SASA_BAY,Forereef,Shallow,61.82,247,GUA_HAR_WEST_SASA,NOT,GUA_SASA_BAY,NA,NA,NA,NA,NA,NA,NA,NA,NA,NA,NA,NA
MARIAN,Guam,GUA_TUMON,Forereef,Deep,27.75,111,GUA_WEST_TUMB,NOT,GUA_TUMON,NA,NA,NA,NA,GUAWEALL,NA,NA,NA,NA,NA,NA,NA
MARIAN,Guam,GUA_TUMON,Forereef,Mid,71.75,287,GUA_WEST_TUMB,NOT,GUA_TUMON,NA,NA,NA,NA,GUAWEALL,NA,NA,NA,NA,NA,NA,NA
MARIAN,Guam,GUA_TUMON,Forereef,Shallow,131,524,GUA_WEST_TUMB,NOT,GUA_TUMON,NA,NA,NA,NA,GUAWEALL,NA,NA,NA,NA,NA,NA,NA
MARIAN,Guguan,Guguan,Forereef,Deep,69.60776909,278,GUG_OPEN,NOT,Guguan,NA,NA,NA,NA,AGS,AGS,NA,NA,NA,NA,NA,NA
MARIAN,Guguan,Guguan,Forereef,Mid,73.0388079,292,GUG_OPEN,NOT,Guguan,NA,NA,NA,NA,AGS,AGS,NA,NA,NA,NA,NA,NA
MARIAN,Guguan,Guguan,Forereef,Shallow,57.31867709,229,GUG_OPEN,NOT,Guguan,NA,NA,NA,NA,AGS,AGS,NA,NA,NA,NA,NA,NA
MARIAN,Maug,Maug,Forereef,Deep,87.73461767,351,MAU_MTMM,NOT,Maug,NA,NA,NA,NA,Maug,Maug,NA,NA,NA,NA,NA,NA
MARIAN,Maug,Maug,Forereef,Mid,190.6950207,763,MAU_MTMM,NOT,Maug,NA,NA,NA,NA,Maug,Maug,NA,NA,NA,NA,NA,NA
MARIAN,Maug,Maug,Forereef,Shallow,35.44106339,142,MAU_MTMM,NOT,Maug,NA,NA,NA,NA,Maug,Maug,NA,NA,NA,NA,NA,NA
MARIAN,Pagan,Pagan,Forereef,Deep,571.3645349,2285,PAG_OPEN,NOT,Pagan,NA,NA,NA,NA,Pagan,Pagan,NA,NA,NA,NA,NA,NA
MARIAN,Pagan,Pagan,Forereef,Mid,492.5006185,1970,PAG_OPEN,NOT,Pagan,NA,NA,NA,NA,Pagan,Pagan,NA,NA,NA,NA,NA,NA
MARIAN,Pagan,Pagan,Forereef,Shallow,449.0588004,1796,PAG_OPEN,NOT,Pagan,NA,NA,NA,NA,Pagan,Pagan,NA,NA,NA,NA,NA,NA
MARIAN,Rota,Rota,Forereef,Deep,187.5332091,750,ROT_OPEN,NOT,Rota,NA,NA,NA,NA,Rota,Rota,NA,NA,NA,NA,NA,NA
MARIAN,Rota,Rota,Forereef,Mid,254.5438529,1018,ROT_OPEN,NOT,Rota,NA,NA,NA,NA,Rota,Rota,NA,NA,NA,NA,NA,NA
MARIAN,Rota,Rota,Forereef,Shallow,889.2950898,3557,ROT_OPEN,NOT,Rota,NA,NA,NA,NA,Rota,Rota,NA,NA,NA,NA,NA,NA
MARIAN,Saipan,Saipan,Backreef,Deep,0.102749263,2391,SAI_OPEN,NOT,Saipan,NA,NA,NA,NA,Saipan,Saipan,NA,NA,NA,NA,NA,NA
MARIAN,Saipan,Saipan,Backreef,Mid,0.838950538,2391,SAI_OPEN,NOT,Saipan,NA,NA,NA,NA,Saipan,Saipan,NA,NA,NA,NA,NA,NA
MARIAN,Saipan,Saipan,Backreef,Shallow,596.76696,2391,SAI_OPEN,NOT,Saipan,NA,NA,NA,NA,Saipan,Saipan,NA,NA,NA,NA,NA,NA
MARIAN,Saipan,Saipan,Forereef,Deep,1985.586578,7942,SAI_OPEN,NOT,Saipan,NA,NA,NA,NA,Saipan,Saipan,NA,NA,NA,NA,NA,NA
MARIAN,Saipan,Saipan,Forereef,Mid,1132.596536,4530,SAI_OPEN,NOT,Saipan,NA,NA,NA,NA,Saipan,Saipan,NA,NA,NA,NA,NA,NA
MARIAN,Saipan,Saipan,Forereef,Shallow,420.8277658,1683,SAI_OPEN,NOT,Saipan,NA,NA,NA,NA,Saipan,Saipan,NA,NA,NA,NA,NA,NA
MARIAN,Saipan,Saipan,Lagoon,Mid,170.5443267,682,SAI_OPEN,NOT,Saipan,NA,NA,NA,NA,Saipan,Saipan,NA,NA,NA,NA,NA,NA
MARIAN,Saipan,Saipan,Lagoon,Shallow,412.3027837,1649,SAI_OPEN,NOT,Saipan,NA,NA,NA,NA,Saipan,Saipan,NA,NA,NA,NA,NA,NA
MARIAN,Sarigan,Sarigan,Forereef,Deep,88.30851333,353,SAR_OPEN,NOT,Sarigan,NA,NA,NA,NA,AGS,AGS,NA,NA,NA,NA,NA,NA
MARIAN,Sarigan,Sarigan,Forereef,Mid,29.81657193,119,SAR_OPEN,NOT,Sarigan,NA,NA,NA,NA,AGS,AGS,NA,NA,NA,NA,NA,NA
MARIAN,Sarigan,Sarigan,Forereef,Shallow,79.43434663,318,SAR_OPEN,NOT,Sarigan,NA,NA,NA,NA,AGS,AGS,NA,NA,NA,NA,NA,NA
MARIAN,Tinian,Tinian,Forereef,Deep,557.103082,2228,TIN_OPEN,NOT,Tinian,NA,NA,NA,NA,Tinian,Tinian,NA,NA,NA,NA,NA,NA
MARIAN,Tinian,Tinian,Forereef,Mid,534.0549959,2136,TIN_OPEN,NOT,Tinian,NA,NA,NA,NA,Tinian,Tinian,NA,NA,NA,NA,NA,NA
MARIAN,Tinian,Tinian,Forereef,Shallow,323.0482252,1292,TIN_OPEN,NOT,Tinian,NA,NA,NA,NA,Tinian,Tinian,NA,NA,NA,NA,NA,NA
MHI,Hawaii,HAW_HAMAKUA,Forereef,Deep,1479.311358,5917,HAW_CMHA_CM_OPEN,NOT,HAW_HAMAKUA,NA,HAW_CM,NA,HAW_CM,NA,NA,NA,NA,NA,NA,NA,NA
MHI,Hawaii,HAW_HAMAKUA,Forereef,Mid,2334.19033,9337,HAW_CMHA_CM_OPEN,NOT,HAW_HAMAKUA,NA,HAW_CM,NA,HAW_CM,NA,NA,NA,NA,NA,NA,NA,NA
MHI,Hawaii,HAW_HAMAKUA,Forereef,Shallow,1117.329716,4469,HAW_CMHA_CM_OPEN,NOT,HAW_HAMAKUA,NA,HAW_CM,NA,HAW_CM,NA,NA,NA,NA,NA,NA,NA,NA
MHI,Hawaii,HAW_KONA,Forereef,Deep,1546.877064,6188,HAW_CRKO_CR_OPEN,NOT,HAW_KONA,NA,HAW_CR,HAW_CR,HAW_CR,NA,NA,NA,NA,NA,NA,NA,NA
MHI,Hawaii,HAW_KONA,Forereef,Mid,2362.718917,9451,HAW_CRKO_CR_OPEN,NOT,HAW_KONA,NA,HAW_CR,HAW_CR,HAW_CR,NA,NA,NA,NA,NA,NA,NA,NA
MHI,Hawaii,HAW_KONA,Forereef,Shallow,1817.863584,7271,HAW_CRKO_CR_OPEN,NOT,HAW_KONA,NA,HAW_CR,HAW_CR,HAW_CR,NA,NA,NA,NA,NA,NA,NA,NA
MHI,Hawaii,HAW_PUNA,Forereef,Deep,1446.862405,5787,HAW_CMPU_CM_OPEN,NOT,HAW_PUNA,NA,HAW_CM,HAW_CM,HAW_CM,NA,NA,NA,NA,NA,NA,NA,NA
MHI,Hawaii,HAW_PUNA,Forereef,Mid,1603.885128,6416,HAW_CMPU_CM_OPEN,NOT,HAW_PUNA,NA,HAW_CM,HAW_CM,HAW_CM,NA,NA,NA,NA,NA,NA,NA,NA
MHI,Hawaii,HAW_PUNA,Forereef,Shallow,1012.92738,4052,HAW_CMPU_CM_OPEN,NOT,HAW_PUNA,NA,HAW_CM,HAW_CM,HAW_CM,NA,NA,NA,NA,NA,NA,NA,NA
MHI,Hawaii,HAW_SE,Forereef,Deep,593.4841055,2374,HAW_CMSE_CM_OPEN,NOT,HAW_SE,NA,HAW_CM,HAW_CM,NA,NA,NA,NA,NA,NA,NA,NA,NA
MHI,Hawaii,HAW_SE,Forereef,Mid,857.7582457,3431,HAW_CMSE_CM_OPEN,NOT,HAW_SE,NA,HAW_CM,HAW_CM,NA,NA,NA,NA,NA,NA,NA,NA,NA
MHI,Hawaii,HAW_SE,Forereef,Shallow,666.5433106,2666,HAW_CMSE_CM_OPEN,NOT,HAW_SE,NA,HAW_CM,HAW_CM,NA,NA,NA,NA,NA,NA,NA,NA,NA
MHI,Kahoolawe,KAH_NORTH,Forereef,Deep,200,811,KAH_CRNO_CR_OPEN,NOT,KAH_NORTH,NA,KAH_CR,KAH_CR,KAH_CR,NA,NA,NA,NA,NA,NA,NA,NA
MHI,Kahoolawe,KAH_NORTH,Forereef,Mid,200,811,KAH_CRNO_CR_OPEN,NOT,KAH_NORTH,NA,KAH_CR,KAH_CR,KAH_CR,NA,NA,NA,NA,NA,NA,NA,NA
MHI,Kahoolawe,KAH_NORTH,Forereef,Shallow,200,811,KAH_CRNO_CR_OPEN,NOT,KAH_NORTH,NA,KAH_CR,KAH_CR,KAH_CR,NA,NA,NA,NA,NA,NA,NA,NA
MHI,Kahoolawe,KAH_SOUTH,Forereef,Deep,200,944,KAH_CRSO_CR_OPEN,NOT,KAH_SOUTH,NA,KAH_CR,KAH_CR,KAH_CR,NA,NA,NA,NA,NA,NA,NA,NA
MHI,Kahoolawe,KAH_SOUTH,Forereef,Mid,200,944,KAH_CRSO_CR_OPEN,NOT,KAH_SOUTH,NA,KAH_CR,KAH_CR,KAH_CR,NA,NA,NA,NA,NA,NA,NA,NA
MHI,Kahoolawe,KAH_SOUTH,Forereef,Shallow,200,944,KAH_CRSO_CR_OPEN,NOT,KAH_SOUTH,NA,KAH_CR,KAH_CR,KAH_CR,NA,NA,NA,NA,NA,NA,NA,NA
MHI,Kauai,KAU_EAST,Forereef,Deep,2891.111917,11564,KAU_SIEA_SI_OPEN,NOT,KAU_EAST,NA,KAU_SI,KAU_SI,KAU_SI,NA,NA,NA,NA,NA,NA,NA,NA
MHI,Kauai,KAU_EAST,Forereef,Mid,5602.631417,22411,KAU_SIEA_SI_OPEN,NOT,KAU_EAST,NA,KAU_SI,KAU_SI,KAU_SI,NA,NA,NA,NA,NA,NA,NA,NA
MHI,Kauai,KAU_EAST,Forereef,Shallow,3051.65048,12207,KAU_SIEA_SI_OPEN,NOT,KAU_EAST,NA,KAU_SI,KAU_SI,KAU_SI,NA,NA,NA,NA,NA,NA,NA,NA
MHI,Kauai,KAU_NAPALI,Forereef,Deep,4307.948554,17232,KAU_SINA_SI_OPEN,NOT,KAU_NAPALI,NA,KAU_SI,KAU_SI,KAU_SI,NA,NA,NA,NA,NA,NA,NA,NA
MHI,Kauai,KAU_NAPALI,Forereef,Mid,1876.001023,7504,KAU_SINA_SI_OPEN,NOT,KAU_NAPALI,NA,KAU_SI,KAU_SI,KAU_SI,NA,NA,NA,NA,NA,NA,NA,NA
MHI,Kauai,KAU_NAPALI,Forereef,Shallow,397.7237848,1591,KAU_SINA_SI_OPEN,NOT,KAU_NAPALI,NA,KAU_SI,KAU_SI,KAU_SI,NA,NA,NA,NA,NA,NA,NA,NA
MHI,Lanai,LAN_NORTH,Forereef,Deep,291.3020737,1165,LAN_CRNO_CR_OPEN,NOT,LAN_NORTH,NA,LAN_CR,LAN_CR,LAN_CR,NA,NA,NA,NA,NA,NA,NA,NA
MHI,Lanai,LAN_NORTH,Forereef,Mid,599.9003844,2400,LAN_CRNO_CR_OPEN,NOT,LAN_NORTH,NA,LAN_CR,LAN_CR,LAN_CR,NA,NA,NA,NA,NA,NA,NA,NA
MHI,Lanai,LAN_NORTH,Forereef,Shallow,631.8075072,2527,LAN_CRNO_CR_OPEN,NOT,LAN_NORTH,NA,LAN_CR,LAN_CR,LAN_CR,NA,NA,NA,NA,NA,NA,NA,NA
MHI,Lanai,LAN_SOUTH,Forereef,Deep,246.6043512,986,LAN_CMSO_CM_OPEN,NOT,LAN_SOUTH,NA,LAN_CM,LAN_CM,LAN_CM,NA,NA,NA,NA,NA,NA,NA,NA
MHI,Lanai,LAN_SOUTH,Forereef,Mid,487.9877445,1952,LAN_CMSO_CM_OPEN,NOT,LAN_SOUTH,NA,LAN_CM,LAN_CM,LAN_CM,NA,NA,NA,NA,NA,NA,NA,NA
MHI,Lanai,LAN_SOUTH,Forereef,Shallow,746.0718328,2984,LAN_CMSO_CM_OPEN,NOT,LAN_SOUTH,NA,LAN_CM,LAN_CM,LAN_CM,NA,NA,NA,NA,NA,NA,NA,NA
MHI,Maui,MAI_HANA,Forereef,Deep,225.5929875,902,MAI_CMHA_CM_OPEN,NOT,MAI_HANA,NA,NA,NA,NA,NA,NA,NA,NA,NA,NA,NA,NA
MHI,Maui,MAI_HANA,Forereef,Mid,258.3916816,1034,MAI_CMHA_CM_OPEN,NOT,MAI_HANA,NA,NA,NA,NA,NA,NA,NA,NA,NA,NA,NA,NA
MHI,Maui,MAI_HANA,Forereef,Shallow,190.0864145,760,MAI_CMHA_CM_OPEN,NOT,MAI_HANA,NA,NA,NA,NA,NA,NA,NA,NA,NA,NA,NA,NA
MHI,Maui,MAI_KAHULUI,Forereef,Deep,438.345922,1753,MAI_CMKA_CM_OPEN,NOT,MAI_KAHULUI,NA,NA,NA,NA,NA,NA,NA,NA,NA,NA,NA,NA
MHI,Maui,MAI_KAHULUI,Forereef,Mid,850.0936376,3400,MAI_CMKA_CM_OPEN,NOT,MAI_KAHULUI,NA,NA,NA,NA,NA,NA,NA,NA,NA,NA,NA,NA
MHI,Maui,MAI_KAHULUI,Forereef,Shallow,1099.201993,4397,MAI_CMKA_CM_OPEN,NOT,MAI_KAHULUI,NA,NA,NA,NA,NA,NA,NA,NA,NA,NA,NA,NA
MHI,Maui,MAI_KIHEI,Forereef,Deep,537.9614588,2152,MAI_CMKI_CM_OPEN,NOT,MAI_KIHEI,NA,MAI_CM,MAI_CM,MAI_CM,NA,NA,NA,NA,NA,NA,NA,NA
MHI,Maui,MAI_KIHEI,Forereef,Mid,682.5282166,2730,MAI_CMKI_CM_OPEN,NOT,MAI_KIHEI,NA,MAI_CM,MAI_CM,MAI_CM,NA,NA,NA,NA,NA,NA,NA,NA
MHI,Maui,MAI_KIHEI,Forereef,Shallow,650.0680159,2600,MAI_CMKI_CM_OPEN,NOT,MAI_KIHEI,NA,MAI_CM,MAI_CM,MAI_CM,NA,NA,NA,NA,NA,NA,NA,NA
MHI,Maui,MAI_LAHAINA,Forereef,Deep,287.1615845,1149,MAI_SILA_SI_OPEN,NOT,MAI_LAHAINA,NA,NA,MAI_SI,MAI_SI,NA,NA,NA,NA,NA,NA,NA,NA
MHI,Maui,MAI_LAHAINA,Forereef,Mid,483.9295632,1936,MAI_SILA_SI_OPEN,NOT,MAI_LAHAINA,NA,NA,MAI_SI,MAI_SI,NA,NA,NA,NA,NA,NA,NA,NA
MHI,Maui,MAI_LAHAINA,Forereef,Shallow,439.3470347,1757,MAI_SILA_SI_OPEN,NOT,MAI_LAHAINA,NA,NA,MAI_SI,MAI_SI,NA,NA,NA,NA,NA,NA,NA,NA
MHI,Maui,MAI_MOLOKINI,Forereef,Deep,6.25,NA,MAI_CRMO_CR_OPEN,NOT,MAI_MOLOKINI,NA,NA,NA,NA,NA,NA,NA,NA,NA,NA,NA,NA
MHI,Maui,MAI_MOLOKINI,Forereef,Mid,12.5,NA,MAI_CRMO_CR_OPEN,NOT,MAI_MOLOKINI,NA,NA,NA,NA,NA,NA,NA,NA,NA,NA,NA,NA
MHI,Maui,MAI_MOLOKINI,Forereef,Shallow,6.25,NA,MAI_CRMO_CR_OPEN,NOT,MAI_MOLOKINI,NA,NA,NA,NA,NA,NA,NA,NA,NA,NA,NA,NA
MHI,Maui,MAI_NE,Forereef,Deep,883.3579854,3533,MAI_CMNE_CM_OPEN,NOT,MAI_NE,NA,MAI_CM,MAI_CM,MAI_CM,NA,NA,NA,NA,NA,NA,NA,NA
MHI,Maui,MAI_NE,Forereef,Mid,926.711758,3707,MAI_CMNE_CM_OPEN,NOT,MAI_NE,NA,MAI_CM,MAI_CM,MAI_CM,NA,NA,NA,NA,NA,NA,NA,NA
MHI,Maui,MAI_NE,Forereef,Shallow,481.2408332,1925,MAI_CMNE_CM_OPEN,NOT,MAI_NE,NA,MAI_CM,MAI_CM,MAI_CM,NA,NA,NA,NA,NA,NA,NA,NA
MHI,Maui,MAI_NW,Forereef,Deep,315.7175228,1263,MAI_CMNW_CM_OPEN,NOT,MAI_NW,NA,NA,NA,NA,NA,NA,NA,NA,NA,NA,NA,NA
MHI,Maui,MAI_NW,Forereef,Mid,287.74445,1151,MAI_CMNW_CM_OPEN,NOT,MAI_NW,NA,NA,NA,NA,NA,NA,NA,NA,NA,NA,NA,NA
MHI,Maui,MAI_NW,Forereef,Shallow,176.1167662,704,MAI_CMNW_CM_OPEN,NOT,MAI_NW,NA,NA,NA,NA,NA,NA,NA,NA,NA,NA,NA,NA
MHI,Maui,MAI_SE,Forereef,Deep,788.37286,3153,MAI_CMSE_CM_OPEN,NOT,MAI_SE,NA,NA,NA,MAI_CM,NA,NA,NA,NA,NA,NA,NA,NA
MHI,Maui,MAI_SE,Forereef,Mid,690.2023226,2761,MAI_CMSE_CM_OPEN,NOT,MAI_SE,NA,NA,NA,MAI_CM,NA,NA,NA,NA,NA,NA,NA,NA
MHI,Maui,MAI_SE,Forereef,Shallow,405.0121276,1620,MAI_CMSE_CM_OPEN,NOT,MAI_SE,NA,NA,NA,MAI_CM,NA,NA,NA,NA,NA,NA,NA,NA
MHI,Molokai,MOL_NW,Forereef,Deep,733.1293957,2933,MOL_SINW_SI_OPEN,NOT,MOL_NW,NA,NA,NA,NA,NA,NA,NA,NA,NA,NA,NA,NA
MHI,Molokai,MOL_NW,Forereef,Mid,601.1779629,2405,MOL_SINW_SI_OPEN,NOT,MOL_NW,NA,NA,NA,NA,NA,NA,NA,NA,NA,NA,NA,NA
MHI,Molokai,MOL_NW,Forereef,Shallow,501.1542337,2005,MOL_SINW_SI_OPEN,NOT,MOL_NW,NA,NA,NA,NA,NA,NA,NA,NA,NA,NA,NA,NA
MHI,Molokai,MOL_PALI,Forereef,Deep,634.0842128,2536,MOL_CMPA_CM_OPEN,NOT,MOL_PALI,NA,MOL_CM,NA,MOL_CM,NA,NA,NA,NA,NA,NA,NA,NA
MHI,Molokai,MOL_PALI,Forereef,Mid,467.9624676,1872,MOL_CMPA_CM_OPEN,NOT,MOL_PALI,NA,MOL_CM,NA,MOL_CM,NA,NA,NA,NA,NA,NA,NA,NA
MHI,Molokai,MOL_PALI,Forereef,Shallow,516.2585992,2065,MOL_CMPA_CM_OPEN,NOT,MOL_PALI,NA,MOL_CM,NA,MOL_CM,NA,NA,NA,NA,NA,NA,NA,NA
MHI,Molokai,MOL_SOUTH,Forereef,Deep,603.9775235,2416,MOL_CRSO_CR_OPEN,NOT,MOL_SOUTH,NA,MOL_CR,NA,MOL_CR,NA,NA,NA,NA,NA,NA,NA,NA
MHI,Molokai,MOL_SOUTH,Forereef,Mid,1293.344283,5173,MOL_CRSO_CR_OPEN,NOT,MOL_SOUTH,NA,MOL_CR,NA,MOL_CR,NA,NA,NA,NA,NA,NA,NA,NA
MHI,Molokai,MOL_SOUTH,Forereef,Shallow,4232.003508,16928,MOL_CRSO_CR_OPEN,NOT,MOL_SOUTH,NA,MOL_CR,NA,MOL_CR,NA,NA,NA,NA,NA,NA,NA,NA
MHI,Molokai,MOL_WEST,Forereef,Deep,1384.213479,5537,MOL_SIWE_SI_OPEN,NOT,MOL_WEST,NA,MOL_SI,MOL_SI,MOL_SI,NA,NA,NA,NA,NA,NA,NA,NA
MHI,Molokai,MOL_WEST,Forereef,Mid,1250.749123,5003,MOL_SIWE_SI_OPEN,NOT,MOL_WEST,NA,MOL_SI,MOL_SI,MOL_SI,NA,NA,NA,NA,NA,NA,NA,NA
MHI,Molokai,MOL_WEST,Forereef,Shallow,512.2388267,2049,MOL_SIWE_SI_OPEN,NOT,MOL_WEST,NA,MOL_SI,MOL_SI,MOL_SI,NA,NA,NA,NA,NA,NA,NA,NA
MHI,Niihau,NII_EAST,Forereef,Deep,1027.496786,4110,NII_SIEA_SI_OPEN,NOT,NII_EAST,NA,NII_SI,NA,NA,NA,NA,NA,NA,NA,NA,NA,NA
MHI,Niihau,NII_EAST,Forereef,Mid,1137.990268,4552,NII_SIEA_SI_OPEN,NOT,NII_EAST,NA,NII_SI,NA,NA,NA,NA,NA,NA,NA,NA,NA,NA
MHI,Niihau,NII_EAST,Forereef,Shallow,613.9646175,2456,NII_SIEA_SI_OPEN,NOT,NII_EAST,NA,NII_SI,NA,NA,NA,NA,NA,NA,NA,NA,NA,NA
MHI,Niihau,NII_LEHUA,Forereef,Deep,263,1052,NII_CMLE_CM_OPEN,NOT,NII_LEHUA,NA,NII_CM,NA,NII_CM,NA,NA,NA,NA,NA,NA,NA,NA
MHI,Niihau,NII_LEHUA,Forereef,Mid,487.75,1951,NII_CMLE_CM_OPEN,NOT,NII_LEHUA,NA,NII_CM,NA,NII_CM,NA,NA,NA,NA,NA,NA,NA,NA
MHI,Niihau,NII_LEHUA,Forereef,Shallow,354.75,1419,NII_CMLE_CM_OPEN,NOT,NII_LEHUA,NA,NII_CM,NA,NII_CM,NA,NA,NA,NA,NA,NA,NA,NA
MHI,Niihau,NII_WEST,Forereef,Deep,1468.465202,5874,NII_SIWE_SI_OPEN,NOT,NII_WEST,NA,NII_SI,NII_SI,NII_SI,NA,NA,NA,NA,NA,NA,NA,NA
MHI,Niihau,NII_WEST,Forereef,Mid,2992.988492,11972,NII_SIWE_SI_OPEN,NOT,NII_WEST,NA,NII_SI,NII_SI,NII_SI,NA,NA,NA,NA,NA,NA,NA,NA
MHI,Niihau,NII_WEST,Forereef,Shallow,919.395945,3678,NII_SIWE_SI_OPEN,NOT,NII_WEST,NA,NII_SI,NII_SI,NII_SI,NA,NA,NA,NA,NA,NA,NA,NA
MHI,Oahu,OAH_EAST,Forereef,Deep,978.9371021,3916,OAH_CMEA_SI_OPEN,NOT,OAH_EAST,NA,OAH_SI,OAH_SI,NA,NA,NA,NA,NA,NA,NA,NA,NA
MHI,Oahu,OAH_EAST,Forereef,Mid,1848.277607,7393,OAH_CMEA_SI_OPEN,NOT,OAH_EAST,NA,OAH_SI,OAH_SI,NA,NA,NA,NA,NA,NA,NA,NA,NA
MHI,Oahu,OAH_EAST,Forereef,Shallow,1541.871579,6167,OAH_CMEA_SI_OPEN,NOT,OAH_EAST,NA,OAH_SI,OAH_SI,NA,NA,NA,NA,NA,NA,NA,NA,NA
MHI,Oahu,OAH_KAENA,Forereef,Deep,673.0399306,2692,OAH_CMKA_SI_OPEN,NOT,OAH_KAENA,NA,NA,OAH_SI,OAH_SI,NA,NA,NA,NA,NA,NA,NA,NA
MHI,Oahu,OAH_KAENA,Forereef,Mid,632.1302084,2529,OAH_CMKA_SI_OPEN,NOT,OAH_KAENA,NA,NA,OAH_SI,OAH_SI,NA,NA,NA,NA,NA,NA,NA,NA
MHI,Oahu,OAH_KAENA,Forereef,Shallow,343.0090114,1372,OAH_CMKA_SI_OPEN,NOT,OAH_KAENA,NA,NA,OAH_SI,OAH_SI,NA,NA,NA,NA,NA,NA,NA,NA
MHI,Oahu,OAH_NE,Forereef,Deep,605.4764457,2422,OAH_SINE_SI_OPEN,NOT,OAH_NE,NA,OAH_SI,OAH_SI,OAH_SI,NA,NA,NA,NA,NA,NA,NA,NA
MHI,Oahu,OAH_NE,Forereef,Mid,3213.604407,12854,OAH_SINE_SI_OPEN,NOT,OAH_NE,NA,OAH_SI,OAH_SI,OAH_SI,NA,NA,NA,NA,NA,NA,NA,NA
MHI,Oahu,OAH_NE,Forereef,Shallow,3680.967178,14724,OAH_SINE_SI_OPEN,NOT,OAH_NE,NA,OAH_SI,OAH_SI,OAH_SI,NA,NA,NA,NA,NA,NA,NA,NA
MHI,Oahu,OAH_NORTH,Forereef,Deep,556.2921428,2225,OAH_SINO_SI_OPEN,NOT,OAH_NORTH,NA,OAH_SI,OAH_SI,OAH_SI,NA,NA,NA,NA,NA,NA,NA,NA
MHI,Oahu,OAH_NORTH,Forereef,Mid,1146.80066,4587,OAH_SINO_SI_OPEN,NOT,OAH_NORTH,NA,OAH_SI,OAH_SI,OAH_SI,NA,NA,NA,NA,NA,NA,NA,NA
MHI,Oahu,OAH_NORTH,Forereef,Shallow,856.7078885,3427,OAH_SINO_SI_OPEN,NOT,OAH_NORTH,NA,OAH_SI,OAH_SI,OAH_SI,NA,NA,NA,NA,NA,NA,NA,NA
MHI,Oahu,OAH_SOUTH,Forereef,Deep,1457.29677,5829,OAH_SISO_SI_OPEN,NOT,OAH_SOUTH,NA,OAH_SI,OAH_SI,OAH_SI,NA,NA,NA,NA,NA,NA,NA,NA
MHI,Oahu,OAH_SOUTH,Forereef,Mid,3926.206706,15705,OAH_SISO_SI_OPEN,NOT,OAH_SOUTH,NA,OAH_SI,OAH_SI,OAH_SI,NA,NA,NA,NA,NA,NA,NA,NA
MHI,Oahu,OAH_SOUTH,Forereef,Shallow,3658.205214,14633,OAH_SISO_SI_OPEN,NOT,OAH_SOUTH,NA,OAH_SI,OAH_SI,OAH_SI,NA,NA,NA,NA,NA,NA,NA,NA
NWHI,French Frigate,French Frigate,Backreef,Mid,56.00798857,35,FFS,NOT,French Frigate,French Frigate,NA,NA,NA,NA,NA,NA,NA,NA,NA,NA,NA
NWHI,French Frigate,French Frigate,Backreef,Shallow,1079.678505,635,FFS,NOT,French Frigate,French Frigate,NA,NA,NA,NA,NA,NA,NA,NA,NA,NA,NA
NWHI,Kure,Kure,Backreef,Mid,0.694431419,1,KUR,NOT,Kure,Kure,NA,NA,NA,NA,NA,NA,NA,NA,NA,NA,NA
NWHI,Kure,Kure,Backreef,Shallow,312.5339812,313,KUR,NOT,Kure,Kure,NA,NA,NA,NA,NA,NA,NA,NA,NA,NA,NA
NWHI,Maro,Maro,Backreef,Deep,4466.87792,4467,MAR,NOT,Maro,Maro,NA,NA,NA,NA,NA,NA,NA,NA,NA,NA,NA
NWHI,Maro,Maro,Backreef,Mid,3728.607834,3729,MAR,NOT,Maro,Maro,NA,NA,NA,NA,NA,NA,NA,NA,NA,NA,NA
NWHI,Midway,Midway,Backreef,Deep,0.009372889,0,MID,NOT,Midway,Midway,NA,NA,NA,NA,NA,NA,NA,NA,NA,NA,NA
NWHI,Midway,Midway,Backreef,Mid,4.95344021,5,MID,NOT,Midway,Midway,NA,NA,NA,NA,NA,NA,NA,NA,NA,NA,NA
NWHI,Midway,Midway,Backreef,Shallow,409.997152,410,MID,NOT,Midway,Midway,NA,NA,NA,NA,NA,NA,NA,NA,NA,NA,NA
NWHI,Pearl & Hermes,Pearl & Hermes,Backreef,Mid,48.85735714,49,PHR,NOT,Pearl & Hermes,Pearl & Hermes,NA,NA,NA,NA,NA,NA,NA,NA,NA,NA,NA
NWHI,Pearl & Hermes,Pearl & Hermes,Backreef,Shallow,1422.620999,1423,PHR,NOT,Pearl & Hermes,Pearl & Hermes,NA,NA,NA,NA,NA,NA,NA,NA,NA,NA,NA
SAMOA,Tutuila,TUT_AUNUU_A,Forereef,Deep,79.25,317,TUT_NE_AUNA,TUT_AUNUU,TUT_AUNUU_A,NA,NA,NA,NA,NA,NA,TUT_AUNUU,TUT_NE,NA,NA,NA,NA
SAMOA,Tutuila,TUT_AUNUU_A,Forereef,Mid,151.55944,606,TUT_NE_AUNA,TUT_AUNUU,TUT_AUNUU_A,NA,NA,NA,NA,NA,NA,TUT_AUNUU,TUT_NE,NA,NA,NA,NA
SAMOA,Tutuila,TUT_AUNUU_A,Forereef,Shallow,22.626828,91,TUT_NE_AUNA,TUT_AUNUU,TUT_AUNUU_A,NA,NA,NA,NA,NA,NA,TUT_AUNUU,TUT_NE,NA,NA,NA,NA
SAMOA,Tutuila,TUT_FAGALUA,Forereef,Deep,7.729803,31,TUT_SW_FAGL,TUT_FAGALUA_FAGATELE,TUT_FAGALUA_FAGATELE,NA,NA,NA,NA,NA,NA,TUT_FAGALUA_FAGATELE,TUT_FAGALUA_FAGATELE,NA,NA,NA,NA
SAMOA,Tutuila,TUT_FAGALUA,Forereef,Mid,27.717142,111,TUT_SW_FAGL,TUT_FAGALUA_FAGATELE,TUT_FAGALUA_FAGATELE,NA,NA,NA,NA,NA,NA,TUT_FAGALUA_FAGATELE,TUT_FAGALUA_FAGATELE,NA,NA,NA,NA
SAMOA,Tutuila,TUT_FAGALUA,Forereef,Shallow,6.628024,27,TUT_SW_FAGL,TUT_FAGALUA_FAGATELE,TUT_FAGALUA_FAGATELE,NA,NA,NA,NA,NA,NA,TUT_FAGALUA_FAGATELE,TUT_FAGALUA_FAGATELE,NA,NA,NA,NA
NWHI,French Frigate,French Frigate,Forereef,Deep,247.22,3237,FFS,NOT,French Frigate,French Frigate,NA,NA,NA,NA,NA,NA,NA,NA,NA,NA,NA
NWHI,French Frigate,French Frigate,Forereef,Mid,4498.01,4787,FFS,NOT,French Frigate,French Frigate,NA,NA,NA,NA,NA,NA,NA,NA,NA,NA,NA
NWHI,French Frigate,French Frigate,Forereef,Shallow,652.92,849,FFS,NOT,French Frigate,French Frigate,NA,NA,NA,NA,NA,NA,NA,NA,NA,NA,NA
NWHI,French Frigate,French Frigate,Lagoon,Mid,7827.37,11060,FFS,NOT,French Frigate,French Frigate,NA,NA,NA,NA,NA,NA,NA,NA,NA,NA,NA
NWHI,French Frigate,French Frigate,Lagoon,Shallow,1900.78,2139,FFS,NOT,French Frigate,French Frigate,NA,NA,NA,NA,NA,NA,NA,NA,NA,NA,NA
NWHI,French Frigate,French Frigate,Protected Slope (Forereef),Deep,8082.28,32329.12,FFS,NOT,French Frigate,French Frigate,NA,NA,NA,NA,NA,NA,NA,NA,NA,NA,NA
NWHI,French Frigate,French Frigate,Protected Slope (Forereef),Mid,3420.42,13681.68,FFS,NOT,French Frigate,French Frigate,NA,NA,NA,NA,NA,NA,NA,NA,NA,NA,NA
NWHI,French Frigate,French Frigate,Protected Slope (Forereef),Shallow,1,4,FFS,NOT,French Frigate,French Frigate,NA,NA,NA,NA,NA,NA,NA,NA,NA,NA,NA
NWHI,Kure,Kure,Forereef,Deep,1122.511521,1123,KUR,NOT,Kure,Kure,NA,NA,NA,NA,NA,NA,NA,NA,NA,NA,NA
NWHI,Kure,Kure,Forereef,Mid,1096.142722,1096,KUR,NOT,Kure,Kure,NA,NA,NA,NA,NA,NA,NA,NA,NA,NA,NA
NWHI,Kure,Kure,Forereef,Shallow,219.8318451,220,KUR,NOT,Kure,Kure,NA,NA,NA,NA,NA,NA,NA,NA,NA,NA,NA
NWHI,Kure,Kure,Lagoon,Mid,146.065072,146,KUR,NOT,Kure,Kure,NA,NA,NA,NA,NA,NA,NA,NA,NA,NA,NA
NWHI,Kure,Kure,Lagoon,Shallow,801.5929159,802,KUR,NOT,Kure,Kure,NA,NA,NA,NA,NA,NA,NA,NA,NA,NA,NA
NWHI,Laysan,Laysan,Forereef,Deep,1763.688407,1764,LAY,NOT,Laysan,Laysan,NA,NA,NA,NA,NA,NA,NA,NA,NA,NA,NA
NWHI,Laysan,Laysan,Forereef,Mid,1435.923054,1436,LAY,NOT,Laysan,Laysan,NA,NA,NA,NA,NA,NA,NA,NA,NA,NA,NA
NWHI,Laysan,Laysan,Forereef,Shallow,200,200,LAY,NOT,Laysan,Laysan,NA,NA,NA,NA,NA,NA,NA,NA,NA,NA,NA
NWHI,Lisianski,Lisianski,Forereef,Deep,14059.07869,14059,LIS,NOT,Lisianski,Lisianski,NA,NA,NA,NA,NA,NA,NA,NA,NA,NA,NA
NWHI,Lisianski,Lisianski,Forereef,Mid,11054.46672,11054,LIS,NOT,Lisianski,Lisianski,NA,NA,NA,NA,NA,NA,NA,NA,NA,NA,NA
NWHI,Lisianski,Lisianski,Forereef,Shallow,5841.383859,5841,LIS,NOT,Lisianski,Lisianski,NA,NA,NA,NA,NA,NA,NA,NA,NA,NA,NA
NWHI,Maro,Maro,Forereef,Deep,5403.476117,5403,MAR,NOT,Maro,Maro,NA,NA,NA,NA,NA,NA,NA,NA,NA,NA,NA
NWHI,Maro,Maro,Forereef,Mid,14308.88263,14309,MAR,NOT,Maro,Maro,NA,NA,NA,NA,NA,NA,NA,NA,NA,NA,NA
NWHI,Maro,Maro,Forereef,Shallow,5894.320658,5894,MAR,NOT,Maro,Maro,NA,NA,NA,NA,NA,NA,NA,NA,NA,NA,NA
NWHI,Maro,Maro,Lagoon,Mid,207.821398,208,MAR,NOT,Maro,Maro,NA,NA,NA,NA,NA,NA,NA,NA,NA,NA,NA
NWHI,Maro,Maro,Lagoon,Shallow,182.6414462,183,MAR,NOT,Maro,Maro,NA,NA,NA,NA,NA,NA,NA,NA,NA,NA,NA
NWHI,Midway,Midway,Forereef,Deep,1566.839533,1567,MID,NOT,Midway,Midway,NA,NA,NA,NA,NA,NA,NA,NA,NA,NA,NA
NWHI,Midway,Midway,Forereef,Mid,1472.589454,1473,MID,NOT,Midway,Midway,NA,NA,NA,NA,NA,NA,NA,NA,NA,NA,NA
NWHI,Midway,Midway,Forereef,Shallow,254.2145327,254,MID,NOT,Midway,Midway,NA,NA,NA,NA,NA,NA,NA,NA,NA,NA,NA
NWHI,Midway,Midway,Lagoon,Deep,0.005735694,0,MID,NOT,Midway,Midway,NA,NA,NA,NA,NA,NA,NA,NA,NA,NA,NA
NWHI,Midway,Midway,Lagoon,Mid,396.1011223,396,MID,NOT,Midway,Midway,NA,NA,NA,NA,NA,NA,NA,NA,NA,NA,NA
NWHI,Midway,Midway,Lagoon,Shallow,890.879595,891,MID,NOT,Midway,Midway,NA,NA,NA,NA,NA,NA,NA,NA,NA,NA,NA
NWHI,Pearl & Hermes,Pearl & Hermes,Forereef,Deep,2427.794421,2428,PHR,NOT,Pearl & Hermes,Pearl & Hermes,NA,NA,NA,NA,NA,NA,NA,NA,NA,NA,NA
NWHI,Pearl & Hermes,Pearl & Hermes,Forereef,Mid,5454.131479,5454,PHR,NOT,Pearl & Hermes,Pearl & Hermes,NA,NA,NA,NA,NA,NA,NA,NA,NA,NA,NA
NWHI,Pearl & Hermes,Pearl & Hermes,Forereef,Shallow,615.6033439,616,PHR,NOT,Pearl & Hermes,Pearl & Hermes,NA,NA,NA,NA,NA,NA,NA,NA,NA,NA,NA
NWHI,Pearl & Hermes,Pearl & Hermes,Lagoon,Mid,2681.950925,2682,PHR,NOT,Pearl & Hermes,Pearl & Hermes,NA,NA,NA,NA,NA,NA,NA,NA,NA,NA,NA
NWHI,Pearl & Hermes,Pearl & Hermes,Lagoon,Shallow,5161.106161,5161,PHR,NOT,Pearl & Hermes,Pearl & Hermes,NA,NA,NA,NA,NA,NA,NA,NA,NA,NA,NA
PRIAs,Baker,Baker,Forereef,Deep,60.02154356,240,BAK,NOT,Baker,NA,NA,NA,NA,NA,NA,NA,NA,NA,NA,Baker,Baker
PRIAs,Baker,Baker,Forereef,Mid,118.6325616,475,BAK,NOT,Baker,NA,NA,NA,NA,NA,NA,NA,NA,NA,NA,Baker,Baker
PRIAs,Baker,Baker,Forereef,Shallow,211.6216964,846,BAK,NOT,Baker,NA,NA,NA,NA,NA,NA,NA,NA,NA,NA,Baker,Baker
PRIAs,Howland,Howland,Forereef,Deep,18.78664183,75,HOW,NOT,Howland,NA,NA,NA,NA,NA,NA,NA,NA,NA,NA,Howland,Howland
PRIAs,Howland,Howland,Forereef,Mid,40.21083959,161,HOW,NOT,Howland,NA,NA,NA,NA,NA,NA,NA,NA,NA,NA,Howland,Howland
PRIAs,Howland,Howland,Forereef,Shallow,113.8553854,455,HOW,NOT,Howland,NA,NA,NA,NA,NA,NA,NA,NA,NA,NA,Howland,Howland
PRIAs,Jarvis,Jarvis,Forereef,Deep,19.64306398,79,JAR,NOT,Jarvis,NA,NA,NA,NA,NA,NA,NA,NA,NA,NA,Jarvis,Jarvis
PRIAs,Jarvis,Jarvis,Forereef,Mid,191.1130626,764,JAR,NOT,Jarvis,NA,NA,NA,NA,NA,NA,NA,NA,NA,NA,Jarvis,Jarvis
PRIAs,Jarvis,Jarvis,Forereef,Shallow,155.1495257,621,JAR,NOT,Jarvis,NA,NA,NA,NA,NA,NA,NA,NA,NA,NA,Jarvis,Jarvis
PRIAs,Johnston,Johnston,Backreef,Mid,24.08,96,JOH,NOT,Johnston,NA,NA,NA,NA,NA,NA,NA,NA,NA,NA,Johnston,NA
PRIAs,Johnston,Johnston,Backreef,Shallow,333.2,1333,JOH,NOT,Johnston,NA,NA,NA,NA,NA,NA,NA,NA,NA,NA,Johnston,NA
PRIAs,Johnston,Johnston,Forereef,Deep,107.38,430,JOH,NOT,Johnston,NA,NA,NA,NA,NA,NA,NA,NA,NA,NA,Johnston,NA
PRIAs,Johnston,Johnston,Forereef,Mid,242.05,968,JOH,NOT,Johnston,NA,NA,NA,NA,NA,NA,NA,NA,NA,NA,Johnston,NA
PRIAs,Johnston,Johnston,Forereef,Shallow,283.22,1133,JOH,NOT,Johnston,NA,NA,NA,NA,NA,NA,NA,NA,NA,NA,Johnston,NA
PRIAs,Johnston,Johnston,Lagoon,Deep,7.76,31,JOH,NOT,Johnston,NA,NA,NA,NA,NA,NA,NA,NA,NA,NA,NA,NA
PRIAs,Johnston,Johnston,Lagoon,Mid,1630.99,6524,JOH,NOT,Johnston,NA,NA,NA,NA,NA,NA,NA,NA,NA,NA,NA,NA
PRIAs,Johnston,Johnston,Lagoon,Shallow,1273.9,5096,JOH,NOT,Johnston,NA,NA,NA,NA,NA,NA,NA,NA,NA,NA,NA,NA
PRIAs,Johnston,Johnston,Protected Slope (Forereef),Deep,3223.37,12893.48,JOH,NOT,Johnston,NA,NA,NA,NA,NA,NA,NA,NA,NA,NA,Johnston,NA
PRIAs,Johnston,Johnston,Protected Slope (Forereef),Mid,2711.37,10845.48,JOH,NOT,Johnston,NA,NA,NA,NA,NA,NA,NA,NA,NA,NA,Johnston,NA
PRIAs,Johnston,Johnston,Protected Slope (Forereef),Shallow,6.88,27.52,JOH,NOT,Johnston,NA,NA,NA,NA,NA,NA,NA,NA,NA,NA,Johnston,NA
PRIAs,Kingman,Kingman,Backreef,Deep,50.25,163,KIN,NOT,Kingman,NA,NA,NA,NA,NA,NA,NA,NA,NA,NA,Kingman,NA
PRIAs,Kingman,Kingman,Backreef,Mid,203.25,739,KIN,NOT,Kingman,NA,NA,NA,NA,NA,NA,NA,NA,NA,NA,Kingman,NA
PRIAs,Kingman,Kingman,Backreef,Shallow,380.75,989,KIN,NOT,Kingman,NA,NA,NA,NA,NA,NA,NA,NA,NA,NA,Kingman,NA
PRIAs,Kingman,Kingman,Forereef,Deep,46.75,285,KIN,NOT,Kingman,NA,NA,NA,NA,NA,NA,NA,NA,NA,NA,Kingman,Kingman
PRIAs,Kingman,Kingman,Forereef,Mid,282.5,2236,KIN,NOT,Kingman,NA,NA,NA,NA,NA,NA,NA,NA,NA,NA,Kingman,Kingman
PRIAs,Kingman,Kingman,Forereef,Shallow,279,1140,KIN,NOT,Kingman,NA,NA,NA,NA,NA,NA,NA,NA,NA,NA,Kingman,Kingman
PRIAs,Kingman,Kingman,Lagoon,Deep,876.75,4052,KIN,NOT,Kingman,NA,NA,NA,NA,NA,NA,NA,NA,NA,NA,Kingman,Kingman
PRIAs,Kingman,Kingman,Lagoon,Mid,74.75,304,KIN,NOT,Kingman,NA,NA,NA,NA,NA,NA,NA,NA,NA,NA,Kingman,Kingman
PRIAs,Kingman,Kingman,Lagoon,Shallow,0.25,2,KIN,NOT,Kingman,NA,NA,NA,NA,NA,NA,NA,NA,NA,NA,Kingman,Kingman
PRIAs,Kingman,Kingman,Protected Slope (Forereef),Deep,229,756,KIN,NOT,Kingman,NA,NA,NA,NA,NA,NA,NA,NA,NA,NA,Kingman,Kingman
PRIAs,Kingman,Kingman,Protected Slope (Forereef),Mid,1328.25,4786,KIN,NOT,Kingman,NA,NA,NA,NA,NA,NA,NA,NA,NA,NA,Kingman,Kingman
PRIAs,Kingman,Kingman,Protected Slope (Forereef),Shallow,19.25,77,KIN,NOT,Kingman,NA,NA,NA,NA,NA,NA,NA,NA,NA,NA,Kingman,Kingman
PRIAs,Palmyra,Palmyra,Backreef,Deep,11.58568484,46,PAL,NOT,Palmyra,NA,NA,NA,NA,NA,NA,NA,NA,NA,NA,Palmyra,Palmyra
PRIAs,Palmyra,Palmyra,Backreef,Mid,67.99264287,272,PAL,NOT,Palmyra,NA,NA,NA,NA,NA,NA,NA,NA,NA,NA,Palmyra,Palmyra
PRIAs,Palmyra,Palmyra,Backreef,Shallow,1246.94781,4988,PAL,NOT,Palmyra,NA,NA,NA,NA,NA,NA,NA,NA,NA,NA,Palmyra,Palmyra
PRIAs,Palmyra,Palmyra,Forereef,Deep,623.950261,2496,PAL,NOT,Palmyra,NA,NA,NA,NA,NA,NA,NA,NA,NA,NA,Palmyra,Palmyra
PRIAs,Palmyra,Palmyra,Forereef,Mid,1527.372655,6109,PAL,NOT,Palmyra,NA,NA,NA,NA,NA,NA,NA,NA,NA,NA,Palmyra,Palmyra
PRIAs,Palmyra,Palmyra,Forereef,Shallow,642.028097,2568,PAL,NOT,Palmyra,NA,NA,NA,NA,NA,NA,NA,NA,NA,NA,Palmyra,Palmyra
PRIAs,Palmyra,Palmyra,Lagoon,Mid,54.8903582,220,PAL,NOT,Palmyra,NA,NA,NA,NA,NA,NA,NA,NA,NA,NA,Palmyra,Palmyra
PRIAs,Palmyra,Palmyra,Lagoon,Shallow,18.69397438,75,PAL,NOT,Palmyra,NA,NA,NA,NA,NA,NA,NA,NA,NA,NA,Palmyra,Palmyra
PRIAs,Wake,Wake,Backreef,Deep,0.008197859,0,WAK,NOT,Wake,NA,NA,NA,NA,NA,NA,NA,NA,Wake,Wake,NA,NA
PRIAs,Wake,Wake,Backreef,Mid,5.530948577,22,WAK,NOT,Wake,NA,NA,NA,NA,NA,NA,NA,NA,Wake,Wake,NA,NA
PRIAs,Wake,Wake,Backreef,Shallow,689.5000228,2758,WAK,NOT,Wake,NA,NA,NA,NA,NA,NA,NA,NA,Wake,Wake,NA,NA
PRIAs,Wake,Wake,Forereef,Deep,59.48386537,238,WAK,NOT,Wake,NA,NA,NA,NA,NA,NA,NA,NA,Wake,Wake,NA,NA
PRIAs,Wake,Wake,Forereef,Mid,102.2772869,409,WAK,NOT,Wake,NA,NA,NA,NA,NA,NA,NA,NA,Wake,Wake,NA,NA
PRIAs,Wake,Wake,Forereef,Shallow,117.9897305,472,WAK,NOT,Wake,NA,NA,NA,NA,NA,NA,NA,NA,Wake,Wake,NA,NA
PRIAs,Wake,Wake,Lagoon,Shallow,307.2366532,1229,WAK,NOT,Wake,NA,NA,NA,NA,NA,NA,NA,NA,Wake,Wake,NA,NA
SAMOA,Ofu & Olosega,Ofu & Olosega,Forereef,Deep,303.685,1215,OFU_OPEN,NOT,Ofu & Olosega,NA,NA,NA,NA,NA,NA,Ofu & Olosega,Ofu & Olosega,NA,NA,NA,NA
SAMOA,Ofu & Olosega,Ofu & Olosega,Forereef,Mid,369.0125,1476,OFU_OPEN,NOT,Ofu & Olosega,NA,NA,NA,NA,NA,NA,Ofu & Olosega,Ofu & Olosega,NA,NA,NA,NA
SAMOA,Ofu & Olosega,Ofu & Olosega,Forereef,Shallow,120.675,483,OFU_OPEN,NOT,Ofu & Olosega,NA,NA,NA,NA,NA,NA,Ofu & Olosega,Ofu & Olosega,NA,NA,NA,NA
SAMOA,Rose,ROS_INNER,Backreef,Mid,11.5,46,ROS_MPA,NOT,ROS_INNER,NA,NA,NA,NA,NA,NA,ROS_INNER,ROS_INNER,NA,NA,NA,NA
SAMOA,Rose,ROS_INNER,Backreef,Shallow,159.8562,639,ROS_MPA,NOT,ROS_INNER,NA,NA,NA,NA,NA,NA,ROS_INNER,ROS_INNER,NA,NA,NA,NA
SAMOA,Rose,ROS_INNER,Lagoon,Deep,74.5,298,ROS_MPA,NOT,ROS_INNER,NA,NA,NA,NA,NA,NA,ROS_INNER,ROS_INNER,NA,NA,NA,NA
SAMOA,Rose,ROS_INNER,Lagoon,Mid,27.5,110,ROS_MPA,NOT,ROS_INNER,NA,NA,NA,NA,NA,NA,ROS_INNER,ROS_INNER,NA,NA,NA,NA
SAMOA,Rose,ROS_INNER,Lagoon,Shallow,2.25,9,ROS_MPA,NOT,ROS_INNER,NA,NA,NA,NA,NA,NA,ROS_INNER,ROS_INNER,NA,NA,NA,NA
SAMOA,Rose,ROS_SANCTUARY,Forereef,Deep,16.5025,66,ROS_MPA,NOT,ROS_SANCTUARY,NA,NA,NA,NA,NA,NA,ROS_SANCTUARY,ROS_SANCTUARY,NA,NA,NA,NA
SAMOA,Rose,ROS_SANCTUARY,Forereef,Mid,85.3,341,ROS_MPA,NOT,ROS_SANCTUARY,NA,NA,NA,NA,NA,NA,ROS_SANCTUARY,ROS_SANCTUARY,NA,NA,NA,NA
SAMOA,Rose,ROS_SANCTUARY,Forereef,Shallow,18.4925,74,ROS_MPA,NOT,ROS_SANCTUARY,NA,NA,NA,NA,NA,NA,ROS_SANCTUARY,ROS_SANCTUARY,NA,NA,NA,NA
SAMOA,Swains,SWA_OPEN,Forereef,Deep,2.930460683,12,SWA_OPEN,NOT,SWA_OPEN,NA,NA,NA,NA,NA,NA,SWA_OPEN,SWA,NA,NA,NA,NA
SAMOA,Swains,SWA_OPEN,Forereef,Mid,15.6128307,62,SWA_OPEN,NOT,SWA_OPEN,NA,NA,NA,NA,NA,NA,SWA_OPEN,SWA,NA,NA,NA,NA
SAMOA,Swains,SWA_OPEN,Forereef,Shallow,92.22740392,369,SWA_OPEN,NOT,SWA_OPEN,NA,NA,NA,NA,NA,NA,SWA_OPEN,SWA,NA,NA,NA,NA
SAMOA,Swains,SWA_SANCTUARY,Forereef,Deep,9.371844797,37,SWA_MPA,NOT,SWA_SANCTUARY,NA,NA,NA,NA,NA,NA,SWA_SANCTUARY,SWA,NA,NA,NA,NA
SAMOA,Swains,SWA_SANCTUARY,Forereef,Mid,41.80811022,167,SWA_MPA,NOT,SWA_SANCTUARY,NA,NA,NA,NA,NA,NA,SWA_SANCTUARY,SWA,NA,NA,NA,NA
SAMOA,Swains,SWA_SANCTUARY,Forereef,Shallow,118.5523679,474,SWA_MPA,NOT,SWA_SANCTUARY,NA,NA,NA,NA,NA,NA,SWA_SANCTUARY,SWA,NA,NA,NA,NA
SAMOA,Tau,TAU_OPEN,Forereef,Deep,179.335,717,TAU_OPEN,NOT,TAU_OPEN,NA,NA,NA,NA,NA,NA,TAU,TAU,NA,NA,NA,NA
SAMOA,Tau,TAU_OPEN,Forereef,Mid,494.905,1980,TAU_OPEN,NOT,TAU_OPEN,NA,NA,NA,NA,NA,NA,TAU,TAU,NA,NA,NA,NA
SAMOA,Tau,TAU_OPEN,Forereef,Shallow,119.3825,478,TAU_OPEN,NOT,TAU_OPEN,NA,NA,NA,NA,NA,NA,TAU,TAU,NA,NA,NA,NA
SAMOA,Tau,TAU_SANCTUARY,Forereef,Deep,24.1775,97,TAU_MPA,NOT,TAU_SANCTUARY,NA,NA,NA,NA,NA,NA,TAU,TAU,NA,NA,NA,NA
SAMOA,Tau,TAU_SANCTUARY,Forereef,Mid,71.735,287,TAU_MPA,NOT,TAU_SANCTUARY,NA,NA,NA,NA,NA,NA,TAU,TAU,NA,NA,NA,NA
SAMOA,Tau,TAU_SANCTUARY,Forereef,Shallow,14.335,57,TAU_MPA,NOT,TAU_SANCTUARY,NA,NA,NA,NA,NA,NA,TAU,TAU,NA,NA,NA,NA
SAMOA,Tutuila,TUT_AUNUU_B,Forereef,Deep,202.8,811,TUT_AUNB,TUT_AUNUU,TUT_AUNUU_B,NA,NA,NA,NA,NA,NA,TUT_AUNUU,NA,NA,NA,NA,NA
SAMOA,Tutuila,TUT_AUNUU_B,Forereef,Mid,40.8,163,TUT_AUNB,TUT_AUNUU,TUT_AUNUU_B,NA,NA,NA,NA,NA,NA,TUT_AUNUU,NA,NA,NA,NA,NA
SAMOA,Tutuila,TUT_AUNUU_B,Forereef,Shallow,0.2,1,TUT_AUNB,TUT_AUNUU,TUT_AUNUU_B,NA,NA,NA,NA,NA,NA,TUT_AUNUU,NA,NA,NA,NA,NA
SAMOA,Tutuila,TUT_FAGATELE,Forereef,Deep,4.5,18,TUT_FAGA,TUT_FAGALUA_FAGATELE,TUT_FAGALUA_FAGATELE,NA,NA,NA,NA,NA,NA,TUT_FAGALUA_FAGATELE,TUT_FAGALUA_FAGATELE,NA,NA,NA,NA
SAMOA,Tutuila,TUT_FAGATELE,Forereef,Mid,20.2,81,TUT_FAGA,TUT_FAGALUA_FAGATELE,TUT_FAGALUA_FAGATELE,NA,NA,NA,NA,NA,NA,TUT_FAGALUA_FAGATELE,TUT_FAGALUA_FAGATELE,NA,NA,NA,NA
SAMOA,Tutuila,TUT_FAGATELE,Forereef,Shallow,9.4,38,TUT_FAGA,TUT_FAGALUA_FAGATELE,TUT_FAGALUA_FAGATELE,NA,NA,NA,NA,NA,NA,TUT_FAGALUA_FAGATELE,TUT_FAGALUA_FAGATELE,NA,NA,NA,NA
SAMOA,Tutuila,TUT_NE_OPEN,Forereef,Deep,372.8,1174,TUT_OPEN,TUT_NE,TUT_NE_OPEN,NA,NA,NA,NA,NA,NA,TUT_NE_OPEN,TUT_NE,NA,NA,NA,NA
SAMOA,Tutuila,TUT_NE_OPEN,Forereef,Mid,425,1094,TUT_OPEN,TUT_NE,TUT_NE_OPEN,NA,NA,NA,NA,NA,NA,TUT_NE_OPEN,TUT_NE,NA,NA,NA,NA
SAMOA,Tutuila,TUT_NE_OPEN,Forereef,Shallow,272.9,1001,TUT_OPEN,TUT_NE,TUT_NE_OPEN,NA,NA,NA,NA,NA,NA,TUT_NE_OPEN,TUT_NE,NA,NA,NA,NA
SAMOA,Tutuila,TUT_NW_OPEN,Forereef,Deep,257.7,1031,TUT_OPEN,TUT_NW,TUT_NW_OPEN,NA,NA,NA,NA,NA,NA,TUT_NW_OPEN,TUT_NW_OPEN,NA,NA,NA,NA
SAMOA,Tutuila,TUT_NW_OPEN,Forereef,Mid,220.3,881,TUT_OPEN,TUT_NW,TUT_NW_OPEN,NA,NA,NA,NA,NA,NA,TUT_NW_OPEN,TUT_NW_OPEN,NA,NA,NA,NA
SAMOA,Tutuila,TUT_NW_OPEN,Forereef,Shallow,130.4,522,TUT_OPEN,TUT_NW,TUT_NW_OPEN,NA,NA,NA,NA,NA,NA,TUT_NW_OPEN,TUT_NW_OPEN,NA,NA,NA,NA
SAMOA,Tutuila,TUT_PAGOPAGO,Forereef,Deep,9.7,NA,TUT_OPEN,TUT_PAGOPAGO,TUT_PAGOPAGO,NA,NA,NA,NA,NA,NA,NA,NA,NA,NA,NA,NA
SAMOA,Tutuila,TUT_PAGOPAGO,Forereef,Mid,29.4,NA,TUT_OPEN,TUT_PAGOPAGO,TUT_PAGOPAGO,NA,NA,NA,NA,NA,NA,NA,NA,NA,NA,NA,NA
SAMOA,Tutuila,TUT_PAGOPAGO,Forereef,Shallow,59.7,NA,TUT_OPEN,TUT_PAGOPAGO,TUT_PAGOPAGO,NA,NA,NA,NA,NA,NA,NA,NA,NA,NA,NA,NA
SAMOA,Tutuila,TUT_SE_OPEN,Forereef,Deep,291.8,1167,TUT_OPEN,TUT_SE,TUT_SE_OPEN,NA,NA,NA,NA,NA,NA,TUT_SE_OPEN,NA,NA,NA,NA,NA
SAMOA,Tutuila,TUT_SE_OPEN,Forereef,Mid,659.5,2638,TUT_OPEN,TUT_SE,TUT_SE_OPEN,NA,NA,NA,NA,NA,NA,TUT_SE_OPEN,NA,NA,NA,NA,NA
SAMOA,Tutuila,TUT_SE_OPEN,Forereef,Shallow,472.9,1891,TUT_OPEN,TUT_SE,TUT_SE_OPEN,NA,NA,NA,NA,NA,NA,TUT_SE_OPEN,NA,NA,NA,NA,NA
SAMOA,Tutuila,TUT_SW_OPEN,Forereef,Deep,266.2,1034,TUT_OPEN,TUT_SW,TUT_SW_OPEN,NA,NA,NA,NA,NA,NA,TUT_SW_OPEN,NA,NA,NA,NA,NA
SAMOA,Tutuila,TUT_SW_OPEN,Forereef,Mid,227.5,799,TUT_OPEN,TUT_SW,TUT_SW_OPEN,NA,NA,NA,NA,NA,NA,TUT_SW_OPEN,NA,NA,NA,NA,NA
SAMOA,Tutuila,TUT_SW_OPEN,Forereef,Shallow,208.8,809,TUT_OPEN,TUT_SW,TUT_SW_OPEN,NA,NA,NA,NA,NA,NA,TUT_SW_OPEN,NA,NA,NA,NA,NA
